-- phpMyAdmin SQL Dump
-- version 3.2.2.1deb1
-- http://www.phpmyadmin.net
--
-- Host: localhost
-- Generation Time: Feb 27, 2016 at 09:56 AM
-- Server version: 5.1.37
-- PHP Version: 5.2.10-2ubuntu6.10

SET FOREIGN_KEY_CHECKS=0;
SET SQL_MODE="NO_AUTO_VALUE_ON_ZERO";
SET AUTOCOMMIT=0;
START TRANSACTION;


/*!40101 SET @OLD_CHARACTER_SET_CLIENT=@@CHARACTER_SET_CLIENT */;
/*!40101 SET @OLD_CHARACTER_SET_RESULTS=@@CHARACTER_SET_RESULTS */;
/*!40101 SET @OLD_COLLATION_CONNECTION=@@COLLATION_CONNECTION */;
/*!40101 SET NAMES utf8 */;

--
-- Database: `aktivingatlan`
--

-- --------------------------------------------------------

--
-- Table structure for table `accomodation`
--

CREATE TABLE `accomodation` (
  `id` int(11) NOT NULL AUTO_INCREMENT,
  `suspended` char(1) COLLATE latin2_hungarian_ci NOT NULL DEFAULT 'f',
  `code` varchar(20) COLLATE latin2_hungarian_ci NOT NULL,
  `type_id` int(11) NOT NULL DEFAULT '0',
  `city` varchar(60) CHARACTER SET latin2 NOT NULL,
  `shareable` char(1) COLLATE latin2_hungarian_ci NOT NULL DEFAULT 'f',
  `parts` int(11) NOT NULL DEFAULT '1',
  `beds` int(11) NOT NULL DEFAULT '0',
  `rooms` int(11) NOT NULL DEFAULT '0',
  `baths` int(11) NOT NULL DEFAULT '0',
  `toilets` int(11) NOT NULL DEFAULT '0',
  `distance` int(11) NOT NULL DEFAULT '0',
  `parking` char(1) COLLATE latin2_hungarian_ci NOT NULL DEFAULT 't',
  `heating` char(1) COLLATE latin2_hungarian_ci NOT NULL DEFAULT 't',
  `pets` char(1) COLLATE latin2_hungarian_ci NOT NULL DEFAULT 'f',
  `desc_hu` text COLLATE latin2_hungarian_ci NOT NULL,
  `desc_en` text COLLATE latin2_hungarian_ci NOT NULL,
  `desc_de` text COLLATE latin2_hungarian_ci NOT NULL,
  `price_huf` int(11) NOT NULL DEFAULT '0',
  `price_eur` float NOT NULL DEFAULT '0',
  `price_offpeak_huf` int(11) NOT NULL DEFAULT '0',
  `price_offpeak_eur` float NOT NULL DEFAULT '0',
  `price_peak_huf` int(11) NOT NULL DEFAULT '0',
  `price_peak_eur` float NOT NULL DEFAULT '0',
  `ins_date` date NOT NULL DEFAULT '0000-00-00',
  PRIMARY KEY (`id`),
  KEY `type_id` (`type_id`)
) ENGINE=MyISAM  DEFAULT CHARSET=latin2 COLLATE=latin2_hungarian_ci AUTO_INCREMENT=96 ;

--
-- Dumping data for table `accomodation`
--

INSERT INTO `accomodation` (`id`, `suspended`, `code`, `type_id`, `city`, `shareable`, `parts`, `beds`, `rooms`, `baths`, `toilets`, `distance`, `parking`, `heating`, `pets`, `desc_hu`, `desc_en`, `desc_de`, `price_huf`, `price_eur`, `price_offpeak_huf`, `price_offpeak_eur`, `price_peak_huf`, `price_peak_eur`, `ins_date`) VALUES
(1, 'f', '1111 Abba Haus', 1, 'Balatonfüred', 'f', 1, 9, 4, 3, 3, 900, 't', 't', 'f', 'Nr: 0111 Ház Balatonfüred 8-9 fő részére\r\n3 szoba, nappali, 3 fürdő-wc, 2 konyha, terasz.\r\nFelszereltség: 3 TV, parkolási lehetőség egy autó részére az udvarban,  zárt udvar, kerti bútor\r\nTávolság: Balaton 900 m, étterem 300 m, bevásárlási lehetőség,  bár 200 m, bank 100 m\r\nSzépkártyát ELFOGADOK (MKB, OTP, K&H)!\r\n8 fő felett + 1800 Ft/nap/fő\r\n', 'Nr: 1111 House for 8-9 pers. in Balatonfüred 3 rooms, living-room, 3 bathrooms-WC, 2 kitchens, terrace accessories: 3 television, closed place, car park, , gardenfurniture distance: 900 m off lake, 300 m restaurant, shopping, confectioner&#8217;s, 200 m bar, 100 m bank \r\n', 'Nr: 1111 Haus in Balatonfüred für 8-9 Pers. 3 Zimmer, Wohnzimmer, 3 Badezimmer-WC, 2 Küchen, Terasse Ausstattung: 900 m vom See, 300 m Restaurant, Konditorei, 100 m Bank \r\n\r\n', 26000, 80, 26000, 80, 35000, 115, '2007-10-16'),
(4, 'f', '0121', 1, 'Balatonfüred', 'f', 1, 5, 2, 1, 1, 350, 't', 'f', 'f', 'Nr: 0121 Ház Balatonfüred 4-5 fő részére\r\n2 szoba, konyha, fürdő-wc.\r\nFelszereltség: TV, zárt udvar és parkoló, kerti bútor, grillező\r\nTávolság: víz 350 m, étterem, presszó, fagyizó 100 m, élelmiszer bolt 200 m.\r\n', 'Nr: 0121 House for 4-5 pers. in Balatonfüred 2 rooms, kitchen, bathroom-WC accessories: television, closed place, car park, barbecue, gardenfurniture distance: 350 m off lake, 100 m restaurant, confectioner&#8217;s, 200 m grocery \r\n', 'Nr: 0121 Haus für 4-5 Pers. in Balatonfüred 2 Zimmer, Küche, Badezimmer-WC Ausstattung: Satfernseher, abgeschl. Hof, Parkplatz, Gartenmöbel, Möglichkeiten zu grillen Entfernung: 350 m vom See, 200 m Einkaufsmöglichkeit, 100 m Restaurant, Konditorei \r\n', 15000, 50, 15000, 50, 18500, 60, '2007-10-25'),
(10, 'f', '0135', 1, 'Balatonfüred', 'f', 1, 26, 13, 8, 8, 100, 't', 't', 'f', 'Nr: 0135 Ház Balatonfüred 26 fő részére. 12 szoba, 8 fürdő-wc, 6 konyha, teraszok. Felszereltség: 7 TV, zárt udvar és parkoló, kerti bútor, pergola, grill. Távolság: víz 100 m, étterem, gyógyszertár 50 m, élelmiszer bolt, cukrászda, bár, sétány 100 m. \r\n', 'Nr: 0135 House for 26 pers. in Balatonfüred 12 rooms, 8 bathrooms-WC, 6 kitchens, terraces accessories: 7 televisions, closed place, car park, gardenfurniture, barbecue distance: 100 m off lake, 50 m restaurant, pharmacy, 100 m grocery, confectioner&#8217;s, bar, promenade \r\n', 'Nr: 0135 Haus für 26 Pers. in Balatonfüred 12 Zimmer, 8 Badezimmer-WC, 6 Küchen, Terassen Ausstattung: 7 Satfernseher, abgeschl. Hof, Parkplatz, Gartenmöbel, Möglichkeiten zu grillen Entfernung: 100 m vom See, 50 m Restaurant, Apotheke, 100 m Einkaufsmöglichkeit \r\n', 120000, 400, 120000, 400, 141000, 470, '2007-11-28'),
(86, 'f', '0173', 3, 'Balatonfüred', 'f', 1, 16, 9, 6, 6, 400, 't', 't', 'f', 'Nr: 0173 Kilenc szobás panzió Balatonfüred.\r\n9 szoba, 6 fürdő-wc, konyha, teraszok, reggeliző helyiség.\r\nFelszereltség: 6 TV, 6 hűtőszekrény, kerti bútor, zárt parkoló és udvar.\r\nTávolság: víz, élelmiszer bolt 300m, étterem 100m.\r\nAz árak 2 főre, szobánként értendők reggelivel.\r\n', 'Nr: 0173 Pansio with 9 rooms in Balatonfüred\r\n9 rooms, 6 bathrooms-WC, kitchen, terraces, room for breakfast\r\naccessories: 6 televisions, 6 fridges, gardenfurniture, closed place and car park\r\ndistance: 300m off lake, grocery, 100m restaurant\r\nThe prices applyd to a room/2pers.. with breakfast\r\n', 'Nr: 0173 Pansio mit 9 Zimmern in Balatonfüred\r\n9 Zimmer, 6 Badezimmer-WC, Küche, Terassen, Frühstücksraum\r\nAusstattung: 6 Kühlschränke, 6 Satfernsehern, Gartenmöbel, abgeschl. Hof, Parkplatz\r\nEntfernung: 300m vom See, Einkaufsmöglichkeit, 100m Restaurant\r\nDie Preise beziehen sich auf 1 Zimmer/2 Personen mit Frühstück\r\n', 0, 0, 0, 0, 15000, 50, '2013-01-23'),
(73, 'f', '0150', 1, 'Balatonfüred', 'f', 1, 4, 2, 1, 1, 200, 'f', 'f', 'f', 'Nr: 0150 Ház 2 felnőtt és 2 gyerek részére Balatonfüred\r\n2 szoba, konyha, étkező, fürdő-WC (az egyik szobában emeletes ágy van)\r\nFelszereltség: TV, fedett parkoló és udvar, kerti bútor\r\nTávolság: víz 200 m, étterem 100 m, élelmiszerbolt 100 m\r\nPótágy: 1.800Ft/éj\r\n', 'Nr: 0150 House for 2 adult + 2 child. in Balatonfüred\r\n2 rooms, kitchen, dining-room, bathroom-WC\r\nOne room with bunk beds!\r\naccessories: television, closed car park, gardenfurniture\r\ndistance:300 m off lake, 100 m restaurant, grocery\r\n', 'Nr: 0150 Haus für 2 Erw. und für 2 Kind. in Balatonfüred\r\n2 Zimmer, Küche, Essraum, Badezimmer-WC\r\nEin Zimmer mit Etagenbetten!\r\nAusstattung: Satfernseher, abgeschl. Hof, Parkplatz, Gartenmöbel\r\nEntfernung: 300 m vom See, 100 m vom Restaurant, 100 m Einkaufsmöglichkeit\r\n\r\n', 0, 0, 19000, 64, 22500, 75, '2012-08-17'),
(74, 'f', '0177', 2, 'Balatonfüred', 'f', 1, 4, 2, 1, 2, 400, 'f', 'f', 'f', 'Nr: 0177 Apartman Balatonfüred 4-5 fő részére\r\n2 szoba, nappali, konyha, fürdő, 2 wc, balkon\r\nFelszereltség: komplett konyha, Tv, parkolás az udvarban, kertrész.\r\nTávolság: Balaton 500 m, étterem 100 m, bolt 300m.\r\nIgény esetén garázs tudunk biztosítani 1000 Ft/nap.\r\n\r\n', 'Nr: 0177 Appartement for 4-5 pers. in Balatonfüred\r\n2 rooms, bathroom, living-room, 2WC, kitchen, etrrace\r\naccessories: television, closed place and car park, gardenfurniture, Garage 4&#8364;/Day\r\ndistance. 500m off lake, 100m restaurant, 300 m grocery.\r\n\r\n', 'Nr: 0177 Appartement für 4-5 Pers. in Balatonfüred\r\n2 Zimmer, Wohnzimmer, Bad, 2 Toilette,  Komplette Küche, Terasse\r\nAusstattung:  Satfernseher,  Parkplatz in Hof, Gartenmöbel.\r\nEntfernung: 500m vom See, 100m Restaurant, 300 m Einkaufsmöglichkeit. Garage: 4&#8364;/Tag\r\n', 0, 0, 0, 0, 21500, 69, '2012-08-17'),
(87, 'f', '0119', 2, 'Balatonfüred', 'f', 1, 8, 4, 2, 2, 100, 'f', 'f', 'f', 'Nr:0119 Apartman ház  Balatonfüred központjában (új bútorzat) max. 8 fő részére \r\n2 db.  egy szoba, nappali, konyha, fürdő, teraszos apartman.\r\nFelszereltség: Tv, parkoló, terasz, kerti bútor.\r\nTávolság: Balaton, cukrászda, étterem, bolt 100 m.\r\nÁr: 10.000Ft/nap/2fő, 4 fő esetén 18.000 Ft\r\n', '', '', 0, 0, 10000, 0, 10000, 0, '2013-05-18'),
(22, 'f', '0159', 2, 'Balatonfüred', 'f', 1, 3, 1, 1, 1, 400, 't', 'f', 'f', 'Nr: 0159 Apartman 2-3 fő részére Balatonfüred szoba, fürdő-WC, konyha Felszereltség: TV, zárt parkoló és udvar, kerti bútor Távolság: víz 400 m, élelmiszerbolt, bank, cukrászda 200 m 2 fő felett + 8&#8364;/nap/fő \r\n', 'Nr: 0159 Appartement for 2-3 pers. in Balatonfüred room, bathroom-WC, kitchen accessories: television, closed car park, gardenfurniture distance: 400 m off lake, 200 m grocery, bank, confectioner&#8217;s Above 2 Pers. 8&#8364;/day/Pers.\r\n', 'Nr: 0159 Appartement für 2-3 Pers. in Balatonfüred Zimmer, Badezimmer-WC, Küche Ausstattung: Satfernseher, abgeschl. Parkplatz, Gartenmöbel Entfernung: 400 m vom See, 200 m Einkaufsmöglichkeit, Bank, Konditorei Mehr wie 2 Pers.8&#8364;/Tag pro Pers. \r\n', 0, 0, 0, 0, 13500, 45, '2007-11-30'),
(83, 'f', '0164', 1, 'Balatonfüred', 'f', 1, 14, 7, 5, 5, 900, 'f', 'f', 'f', 'Nr: 0164 Ház  Balatonfüred 14 fő részére.\r\n7 szoba, nappali, 4 konyha, 6 fürdő-wc, teraszok.\r\nFelszereltség: 4 TV, zárt udvar, parkolási lehetőség, garázs, kerti bútor.\r\nTávolság: víz 900 m, étterem 200 m, élelmiszer bolt 200 m.\r\nPótágy 8&#8364;/nap/fő\r\nA szállás forintban is fizethető, a mindenkori aktuális árfolyamon!\r\n', 'Nr: 0164 House for 14 pers. in Balatonfüred\r\n7 rooms, living-room, 4 kitchens, 6 bathrooms-WC, terraces\r\naccessories: television, closed place, car park, garage, gardenfurniture\r\ndistance: 900 m off lake,  200 m restaurant, grocery\r\nExtra bed 8 &#8364; / day / person \r\n', 'Nr: 0164 Haus in Balatonfüred für 14 Pers.\r\n7 Zimmer, Wohnzimmer, 4 Küchen, 6 Badezimmer-WC, Terassen\r\nAusstattung: 4 Satfernseher, abgeschl. Parkplatz, Garage, Gartenmöbel\r\nEntfernung: 900 m vom See, 200 m Restaurant und Einkaufsmöglichkeit\r\nZusatzbett 8&#8364;/Tag pro Pers.\r\n', 0, 0, 0, 0, 0, 200, '2013-01-11'),
(84, 'f', '0165', 1, 'Balatonfüred', 'f', 1, 14, 7, 5, 5, 300, 'f', 'f', 'f', 'Nr: 0165 Ház 14 fő részére Balatonfüred\r\n7 szoba, 5 fürdő-WC, 5 konyha, teraszok\r\nFelszereltség: 5 TV, zárt parkoló és udvar, gyerek hinta és mászóka.\r\nTávolság: víz 300 m, bevásárló központ, étterem 150 m\r\nPótágy 8&#8364;/nap/fő\r\nAz ár forintban is fizethető, a mindenkor aktuális napi árfolyamon!!!\r\n', 'Nr: 0165 House for 14 pers. in Balatonfüred\r\n7 rooms, 5 bathrooms-Wc, 5 kitchens, terraces\r\naccessories: 5 televisions, closed place and car park, rocking bed\r\ndistance: 300 m off lake, 150 m restaurant, shopping centre\r\nExtra bed 8 &#8364; / day / person \r\n', 'Nr: 0165 Haus für 14 Pers. in Balatonfüred\r\n7 Zimmer, 5 Badezimmer-WC, 5 Küchen, Terassen\r\nAusstattung: 5 Satfernseher, abgeschl. Hof, Parkplatz, Schaukel\r\nEntfernung: 300 m vom See, 150 m Einkaufszentrum, Restaurant\r\nZusatzbett 8&#8364;/Tag pro Pers.\r\n', 0, 0, 0, 0, 67000, 240, '2013-01-16'),
(85, 'f', '0172', 3, 'Balatonfüred', 'f', 1, 12, 6, 6, 6, 400, 't', 't', 'f', 'Nr: 0172 Hat szobás panzió Balatonfüred.\r\n6 szoba, 6 fürdő-wc, teraszok, reggeliző helyiség.\r\nFelszereltség: minden szobához TV és hűtőszekrény tartozik, kerti bútor\r\nzárt udvar és parkoló.\r\nTávolság: víz, élelmiszer bolt, étterem 300m.\r\nAz árak 2 főre, szobánként értendők reggelivel! \r\n', 'Distance: 350 m. from lake, 300 m. restaurant grocery\r\nNr: 0172 Pansio with 6 rooms in Balatonfüred\r\n6 rooms, 6 bathrooms-WC, terraces, room for breakfast\r\naccessories: in every room television, fridge, gardenfurniture, closed place and car park\r\ndistance: 300m off lake, grocery, restaurant\r\nThe prices applyd to a room/2pers.. with breakfast.\r\n', 'Nr: 0172 Pansio mit 6 Zimmern in Balatonfüred \r\n6 Zimmer, 6 Badezimmer-WC, Terassen, Frühstücksraum\r\nAusstattung: zu jedem Zimmer gehört ein Satfernseher, Kühlschrank, Gartenmöbel, abgeschl. Hof, Parkplatz\r\nEntfernung: 300m vom See, Einkaufsmöglichkeit, Restaurant\r\nDie Preise beziehen sich auf 1 Zimmer/2 Personen mit Frühstück\r\n', 0, 0, 0, 0, 13000, 46, '2013-01-23'),
(76, 'f', '0115', 1, 'Balatonfüred', 'f', 1, 5, 2, 1, 1, 300, 'f', 'f', 'f', 'Nr: 0115 Ház, Balatonfüred 4 (5) fő részére\r\n2 szoba, konyha, fürdő,  WC, terasz.\r\nFelszereltség: TV, zárt udvar és parkoló, kerti bútor, grill\r\nTávolság: víz, étterem, élelmiszer bolt, sétány 300m.\r\n4 fő felett + 1.500 Ft/nap/fő\r\n', 'Nr: 0115 House for 4 (5)  pers. in Balatonfüred\r\n2 rooms, kitchen, bathroom,  WC, terrace\r\naccessories: television, closed place, car park, gardenfurniture\r\ndistance: 300 m off lake,  restaurant,  grocery\r\nAbove 4 Pers. +8&#8364;/day/Pers.\r\n', 'Nr:0115 Haus für 4 Pers.\r\n2 Zimmer, Wohnzimmer, Badezimmer, Küche,WC, Terasse \r\nAusstattung: TV, abgeschl. Hof, Parkplatz, Gartenmöbel, Grill\r\nEntfernung: 300 m vom See, 300 m von dem Restaurant, Einkaufsmöglichkeit. \r\nMehr als 4 Pers. 8&#8364;/Tag/Pers.\r\n', 0, 0, 0, 0, 16500, 55, '2012-12-03'),
(77, 't', '0118', 1, 'Balatonfüred', 'f', 1, 10, 4, 2, 2, 400, 't', 'f', 'f', 'Nr:0118 Ház Balatonfüred  8 (10) fő részére.\r\n4 szoba, 2 fürdő-wc, 2 konyha, teraszok.\r\nFelszereltség: 2 Tv, zárt udvar és parkoló, kerti bútor.\r\nTávolság: Balaton 400 m, bolt 200 m, étterem 150 m.\r\n8 fő felett+1800 Ft/nap/fő\r\n', 'Nr: 0118 House for 8 (10)  pers. in Balatonfüred\r\n4 rooms,  2 bathroom, kitchen, 2 WC, 2 terrace\r\naccessories: television, closed place, car park, gardenfurniture\r\ndistance: 400 m off lake, 150 m restaurant, 200 m , shopping facilities\r\nAbove 8 Pers. +8&#8364;/day/Pers. \r\n', 'Nr: 0118 Haus für 8 (10) Pers. Pers. in Balatonfüred\r\n4 Zimmer, 2 Badezimmer, 2 WC, 2 Küche, 2 Terasse\r\nAusstattung: 2 Satfernseher, abgeschl. Hof, Parkplatz, Gartenmöbel \r\nEntfernung: 400 m vom See, 100 m von dem Restaurant, 200 m Einkaufsmöglichkeit.\r\nMehr als 8 Pers. + 8&#8364;/Tag/Pers.\r\n\r\n', 0, 0, 0, 0, 0, 130, '2012-12-03'),
(78, 'f', '0123', 1, 'Balatonfüred', 'f', 1, 6, 3, 1, 2, 300, 'f', 'f', 'f', 'Nr:0123 Ház Balatonfüred, 4-6 fő részére\r\n3 szoba, konyha, fürdő, 2wc, nagy terasz\r\nFelszereltség: Tv, zárt udvar és parkoló.\r\nTávolság: Balaton, étterem, strand, bolt 300 m\r\nÁr: 4 fő részére 16.000 Ft/nap, 5-6 fő részére 20.000 Ft/nap\r\n', 'Nr: 0123 House for 4 (6) pers. in Balatonfüred\r\n3 rooms, Kitchen, bathroom,  2WC, terrace\r\naccessories: television, closed place, car park, gardenfurniture\r\ndistance: 300 m off lake,  restaurant, confectioner&#8217;s, bank, tennis court, shopping facilities\r\nAbove 4 Pers. +8&#8364;/day/Pers. \r\n', 'Nr:0123 Haus für 4-6 Pers. in Balatonfüred\r\n 3 Zimmer, Küche, Badezimmer-2WC, Terrasse (25 m2)\r\nAusstattung: abgeschl. Hof, Parkplatz, TV\r\nEntfernung: Strand,Einkaufsmöglichkeit, Restaurant, Konditorei, Promenade 300 m.\r\nMehr als 4 Pers. + 8&#8364;/Tag Pro Pers.\r\n', 0, 0, 0, 0, 16500, 55, '2012-12-03'),
(79, 'f', '0141', 3, 'Balatonfüred', 'f', 1, 8, 4, 4, 4, 2000, 'f', 'f', 'f', 'Nr: 0141 Luxus lakosztály (4 db.) Balatonfüred mindegyik 2 fő részére.\r\nLakosztályonként: szoba, konyha (főzési lehetőség nélkül), fürdő-wc, saját terasz.\r\nFelszereltség: minden lakosztályban klíma, filteres kávéfőző, hűtő mélyhűtővel, széf, plazma TV. Földszint: 2 db lakosztály tusolóval, emelet 2 db lakosztály tusolóval és káddal is.  Közös helyiségek: társalgó, reggeliző terasszal, nappali terasszal, lift szauna, parkoló, zárt udvar, dísz park.\r\nMozgás korlátozottak is igénybe vehetik, nincs küszöb, fürdőszobák kapaszkodóval vannak ellátva. Reggelit biztosítunk.\r\nTávolság: Víz, strand 2000 m, étterem, bolt, posta 300m. Csodálatos panoráma!!!\r\nHáziállat nem megengedett! Dohányzás mentes nyaraló!\r\nIgény esetén további képeket tudok küldeni.\r\nSzoba ár: 2 fő részére reggeli nélkül 100&#8364;/nap\r\n', ' Nr.: 0141 Luxury apartments in Balatonfüred ( 4  pieces )\r\n bedroom, kitchen/ only for coffee, bathroom, balcony \r\nAccessories: air-conditioner, percolator, fridge, safe, TV\r\nThere are 2 apartments in downstairs and 2 in upstairs.\r\nPublic rooms are: lounge, breakfast&#8217;s  terrace and room, lift, sauna, parking, closed garden.\r\nSuitable for handicapped people.\r\nBreakfast: \r\nDistance: Lake Balaton: 2000 m, shop, post office: 300 m\r\nBeautiful panorama!!! Dog, cat not permited! No smoking!\r\n100&#8364;/day for 2 people\r\n', 'Nr: 0141 Luxus Haus In Balatonfüred, 4 Wohneinheiten, alle mit  für 2 Pers. \r\nWeitgehendgehbehindert gerechte Ausstattung. Panoramablick!\r\nAlle mit Terasse, Klimaanlage, mini Küche (ohne Kochgelegenheit, mit Külschrank), \r\nsafe, TV, internetanschluß.\r\nAusstattung: Aufzug (lift), Elegante Einrichtung, Parkplatz, Sauna, Frühstück Raum, Wohnzimmer, Hall (Reception)\r\nEntfernung: Balaton, Strand 2000 m, Geschaft, Post, Restaurant 300 m.\r\nKeine Haustiere, nur für Nichtraucher!\r\nFrühstückmöglichkeit!\r\nPreis: 100&#8364;/Tag für 2 pers.\r\n', 0, 0, 0, 0, 30000, 100, '2012-12-04'),
(80, 'f', '0162', 2, 'Balatonfüred', 'f', 1, 3, 1, 1, 1, 1200, 'f', 'f', 'f', 'Nr:0162 2-3 fős apartman Balatonfüred\r\nSzoba, konyha, fürdő-wc, terasz\r\nFelszereltség: zárt udvar, parkolás, kerti bútor, szépen parkosított udvar\r\nTávolság: Balaton 1200m, étterem, bolt 400m\r\n\r\n', '', '', 0, 0, 0, 0, 9000, 30, '2012-12-04'),
(81, 'f', '0231', 1, 'Tihany', 'f', 1, 16, 8, 4, 4, 100, 'f', 'f', 'f', 'Nr: 0231 Ház 16 fő részére Tihany\r\n8 szoba, 4 fürdő-WC, 4 konyha, 4 terasz\r\nFelszereltség: 4 TV, 2 garázs, zárt parkoló és udvar\r\nTávolság: víz 50 m, étterem 30 m, bevásárló központ 400 m\r\n\r\n', 'Nr: 0231 House for 16 pers. in Tihany\r\n8 rooms, 4 bathrooms-WC, 4 kitchens, 4 terraces\r\naccessories: 4 televisions, 2 garages, closed place and car park\r\ndistance: 50 m off lake, 30 m restaurant, 400 m shopping centre\r\n\r\n', 'Nr: 0231 Haus für 16 Pers. in Tihany\r\n8 Zimmer, 4 Badezimmer-WC, 4 Küche, 4 Terasse\r\nAusstattung: 4 Satfernseher, 2 Garage, abgeschl. Hof, Parkplatz\r\nEntfernung: 50 m vom See, 30 m Restaurant, 400 m Einkaufszentrum\r\n', 0, 0, 0, 0, 60000, 200, '2012-12-04'),
(82, 'f', '0532', 1, 'Aszófő', 'f', 1, 8, 4, 2, 2, 2000, 'f', 'f', 'f', 'Nr: 0532 Ház 8 fő részére Aszófő\r\n4 szoba, 2 fürdő-WC, konyha, terasz, étkező\r\nFelszereltség: 2 TV, zárt parkoló és udvar, kerti bútor\r\nTávolság: víz 2000 m, étterem 50 m, élelmiszerbolt 300 m\r\n\r\n', 'Nr: 0532 House for 8 pers. in Aszófő. \r\n4 rooms, 2 bathroom, WC, kitchen, dining-room, terrace\r\naccessories: television, closed car park and place\r\ndistance: 1000 m off lake, 50 m restaurant, 300 m grocery\r\n', 'Nr: 0532 Haus für 8 Pers. in Aszófő \r\n4 Zimmer, 2 Badezimmer, WC, Küche, Essraum, Terasse\r\nAusstattung: 2 Satfernseher, abgeschl. Hof, Parkplatz\r\nEntfernung: 1000 m vom See, 50 m Restaurant, 300 m Einkaufsmöglichkeit \r\n', 0, 0, 0, 0, 30000, 100, '2012-12-04'),
(37, 'f', '0149', 2, 'Balatonfüred', 'f', 1, 4, 2, 1, 1, 100, 't', 'f', 'f', 'Nr:0149 Egy szoba nappalis apartman 4 fő részére, Balatonfüred\r\nNappali, szoba, konyha, fürdő-wc, terasz.\r\nFelszereltség: TV, zárt parkoló, kültéri-beltéri úszómedence, jakuzzi, szauna, kiépített grillező, klíma, lift.\r\nTávolság: strand, sétány, üzletek éttermek, stb. 100 m.\r\n', '', '', 0, 0, 21500, 80, 21500, 80, '2008-05-23'),
(38, 'f', '0155', 1, 'Tihany', 'f', 1, 4, 2, 1, 1, 900, 't', 't', 'f', 'Nr:0155 Tihanyban nádtetős, panorámás luxusház, 4 fő részére.\r\n2 szoba, fürdő-wc, konyha-étkező-nappali.\r\nFelszereltség: TV, parkoló, udvar, saletli, mosogatógép, boltíves pince.\r\nTávolság: víz 900m, étterem-borozó 200m, élelmiszerbolt 700 m.\r\n', '', 'Nr:0155 Bauern Luxushaus im Tihany, für 4 Pers.\r\n2 Zimmer, Wohnzimmer-Küche-Eßraum, Keller, Bad-Wc.\r\nAusstattung: Satfernseher, Garten, Saletli, Schpühlmaschine.\r\nEntfernung: See 900 m, restaurant 200 m, Einkaufsmöglichkeit 700m.\r\n', 0, 0, 0, 0, 21500, 80, '2008-06-11'),
(75, 'f', '0133', 1, 'Balatonfüred', 'f', 1, 16, 6, 5, 5, 400, 't', 't', 'f', 'Nr: 0133 Ház Balatonfüred 12-16 fő részére.\r\n6 szoba, 5 fürdő-wc, 5 konyha, teraszok.\r\nFelszereltség: 6 TV, kerti bútor, hintaágy, zárt udvar és parkoló. \r\nTávolság: víz 300 m, étterem, élelmiszer bolt, cukrászda 100m.\r\n12 fő felett 1800 Ft/pótágy!\r\n', 'Nr: 0133 House for 12-16 pers. in Balatonfüred\r\n6 rooms, 5 bathrooms-WC, 5 kitchens, terraces\r\naccessories: 6 televisions, gardenfurniture, rocking bed, closed place, car park..\r\n\r\ndistance: 300 m off lake, 100 m restaurant, grocery, confectioner&#8217;s\r\nAbove 12 Pers. +8&#8364;/day/Pers. \r\n\r\n', 'Nr: 0133 Haus für 12-16 Pers. in Balatonfüred\r\n6 Zimmer, 5 Badezimmer-WC, Bidee, 5 Küchen, Terassen\r\nAusstattung: 6 Satfernseher, Gartenmöbel, Schaukelbett, abgeschl. Hof, Parkplatz, \r\nEntfernung: 300 m vom See, 100 m Einkaufsmöglichkeit, Konditorei\r\nÜber 12 Pers.+8&#8364;/Tag/Pers \r\n', 0, 0, 45000, 150, 55000, 180, '2012-08-21'),
(42, 'f', '0137', 2, 'Balatonfüred', 'f', 1, 2, 1, 1, 1, 300, 'f', 't', 'f', 'Nr:0137 Egyszobás apartman 2-(4) fő részére Balatonfüred Szoba, konyha, fürdő-Wc. Felszereltség: TV Távolság: víz 300 m, étterem 50 m, cukrászda 30 m, bank 30 m, élelmiszerbolt 20 m Háziállat nem megengedett. Egész évben üzemel. Kikapcsolódás: Aqua park, sportcsarnok, lovaglás, tenisz, vizisportok, borút, bobpálya. 2 fő felett 8&#8364;/nap/fő. Főszezonban foglalni minimum egy hétre lehet, szombati érkezéssel! ', 'Nr: 0137 Appartement for each 2-(4) pers. in Balatonfüred in appartement room, kitchen, bathroom-WC accessories: television, car park, distance: 300 m off lake, 50 m restaurant, pharmacy, 100 m grocery, confectioner&#8217;s, bar, promenade Above 2 Pers.8&#8364;day/Pers.', 'Nr: 0137 Appartement für 2-(4) Pers. in Balatonfüred Zimmer, Badezimmer-WC, Küche, Ausstattung: Satfernseher, Parkplatz. Entfernung: 300 m. See, 50 m Restaurant, Bank, Pizzeria und Einkaufsmöglichkeit, 20m Konditorei. Mehr wie 2 Pers. 8&#8364;/Tag pro Pers. ', 0, 0, 0, 0, 12000, 40, '2008-07-22'),
(41, 'f', '0114', 1, 'Balatonudvari', 'f', 1, 4, 2, 1, 2, 400, 't', 'f', 'f', 'Nr: 0114  Ház Balatonudvari 4 fő részére\r\n2 szoba (emeletes ágyak), konyha, fürdő, 2 WC, terasz.\r\nFelszereltség: TV, zárt udvar és parkoló, kerti bútor\r\nTávolság: víz 400 m, étterem 300m, élelmiszer bolt 900 m.\r\n', 'Nr: 0114 House for 4 pers. in Balatonudvari\r\n2 rooms, kitchen, bathroom, 2 WC, terrace\r\naccessories: television, closed place, car park, gardenfurniture\r\ndistance: 400 m off lake, 300 m restaurant, 800m grocery\r\n', 'Nr: 0114 Haus für 4 Pers. in Balatonudvari\r\n2 Zimmer, Küche, Badezimmer, 2 WC, Terasse\r\nAusstattung: Satfernseher, abgeschl. Hof, Parkplatz, Gartenmöbel\r\nEntfernung: 400 m vom See, 300 m vom Restaurant, 800 m Einkaufsmöglichkeit\r\n', 0, 0, 0, 0, 17600, 65, '2008-06-28'),
(88, 'f', '0190', 2, 'Balatonfüred', 'f', 1, 4, 2, 1, 1, 2000, 'f', 'f', 'f', 'Nr:0190 Körpanorámás luxus apartman Balatonfüreden 4 fő részére.\r\n2 szoba,  2 terasz, konyha-étkező-nappali, fürdő, Wc.\r\nFelszereltség: komplett konyha, Tv, panoráma teraszon tusoló\r\nkerti bútor\r\nTávolság: Balaton 2 km, bolt, étterem 500m.\r\n', '', '', 0, 0, 30000, 100, 30000, 100, '2013-06-01'),
(89, 'f', '0189', 2, 'Balatonfüred', 'f', 1, 4, 2, 1, 1, 2000, 'f', 'f', 'f', 'Nr:0189 Panorámás ház 4 fő részére Balatonfüreden\r\n2 szoba, fürdő, Wc konyha, terasz.\r\nFelszereltség: TV, parkolás udvarban, kerti bútor\r\nTávolság: Balaton 2 Km, bolt étterem 800m\r\n', '', '', 0, 0, 0, 0, 17000, 60, '2013-06-25'),
(90, 'f', '0110', 3, 'Balatonfüred', 'f', 1, 19, 7, 7, 7, 500, 't', 't', 't', 'Nr:0110 Panzió, vendégház Balatonfüred centrum!\r\n7 db (2-3-4 ágyas tv-vel felszerelt szobák)\r\nBalaton 500 m, cukrászda bank étterem 200m.\r\nParkolás zárt udvarban!\r\n\r\nÁr:ak 2014\r\n\r\n2014 05 01- 06 20.-ig és 2014 09 01-től\r\n2 ágyas szoba 1 fő részére 11.000 Ft/nap\r\n2 ágyas szoba 2 fő részére 13.000 Ft/nap\r\nPótágy 4.500Ft/nap/fő\r\n\r\n2014 06 20- 08 31.-ig\r\n2 ágyas szoba 1 fő részére 13.500 Ft/nap\r\n2 ágyas szoba 2 fő részére 17.000 Ft/nap\r\nPótágy 4.500Ft/nap/fő\r\n\r\nIgény esetén reggeli megoldható 1200 Ft/fő\r\n', '', '', 0, 0, 13000, 0, 17000, 0, '2014-05-22'),
(91, 'f', '0112', 2, 'Balatonfüred', 'f', 1, 4, 2, 1, 1, 400, 'f', 'f', 'f', 'Nr: 0112 Apartman Balatonfüred központjában 4fő részére\r\n2szoba, fürdő-wc, konyha, terasz.\r\nFelszereltség: TV, zárt udvar és parkoló, \r\nTávolság:Balaton 400 m, étterem, bevásárlási lehetőség, bank 200 m, \r\n', '', '', 0, 0, 0, 0, 20000, 67, '2014-05-22'),
(92, 'f', '0113', 1, 'Balatonfüred', 'f', 1, 5, 2, 1, 2, 1800, 'f', 'f', 'f', 'Nr: 0113 Panorámás ház Balatonfüred 4-5 fő részére\r\n2 szoba, konyha, fürdő,2 WC, terasz.\r\nFelszereltség: TV, zárt udvar és parkoló, kerti bútor, medence\r\nTávolság: Balaton 1500 m, étterem, élelmiszer bolt 200 m.\r\n', '', '', 0, 0, 0, 0, 25000, 80, '2014-05-22'),
(93, 'f', '0191', 1, 'Balatonfüred', 'f', 1, 4, 3, 1, 1, 1500, 't', 'f', 't', 'Nr:0191 Balatonfüreden ház 4 fő részére\r\n2 szoba, nappali, fürdő, Wc, konyha, terasz\r\nNyári időszakra kiadó 3-4 hónap.\r\nParkolás udvarban, gondozott kert, kutya megengedett.\r\nÁr:300.000Ft/hó\r\n', '', '', 0, 0, 0, 0, 300000, 0, '2014-05-28'),
(94, 'f', '0192', 1, 'Balatonudvari', 'f', 1, 6, 3, 2, 2, 150, 't', 't', 'f', 'Nr:0192 Balatonudvari ház 6 fő részére\r\n3 szoba, nappali, 2 fürdő, konyha, terasz\r\n1-2 hónapra kiadó, ár:24.000ft/nap\r\nParkolás udvarban, grillező\r\n', '', '', 0, 0, 0, 0, 24000, 0, '2014-05-28'),
(95, 'f', '0131', 1, 'Balatonfüred', 'f', 1, 6, 3, 1, 2, 2000, 't', 'f', 'f', 'Nr:0131 Hat személyes  panorámás ház Balatonfüred\r\n3 szoba, nappali, fürdő 2 wc, konyha, teraszok\r\nFelszereltség: TV, kerti bútor, zárt udvar és parkoló \r\nTávolság: Balaton 2 km, bolt, étterem cukrászda 500m.\r\n', 'Nr.0131 House for 6 people in Balatonfüred, Panorama!\r\n3 rooms, bathroom, 2 toilets, kitchen, terraces\r\nAccessories: television, garden furniture, closed garden and parking plot\r\nDistance: 2000m from lake, 500m from restaurant, grocery, confectioner&#8217;s\r\n', 'Nr. 0131 Haus für 6 Pers. in Balatonfüred mit Panorama\r\n3 Zimmer, Badezimmer, 2 Toiletten, Küche, Terassen\r\nAusstattung: Fernseher, Gartenmöbel, Parkplatz, abgeschl. Hof, \r\nEntfernung: 2000m vom See, 500m vom Konditorei, Einkaufsmöglichkeit, Restaurant\r\n', 0, 0, 0, 0, 22000, 0, '2015-06-23');

-- --------------------------------------------------------

--
-- Table structure for table `accomodation_image`
--

CREATE TABLE `accomodation_image` (
  `id` int(11) NOT NULL AUTO_INCREMENT,
  `accomodation_id` int(11) NOT NULL DEFAULT '0',
  `desc_hu` text COLLATE latin2_hungarian_ci NOT NULL,
  `desc_en` text COLLATE latin2_hungarian_ci NOT NULL,
  `desc_de` text COLLATE latin2_hungarian_ci NOT NULL,
  `filename` varchar(100) COLLATE latin2_hungarian_ci NOT NULL,
  `initial` char(1) COLLATE latin2_hungarian_ci NOT NULL DEFAULT 'f',
  PRIMARY KEY (`id`),
  KEY `filename` (`filename`),
  KEY `accomodation_id` (`accomodation_id`)
) ENGINE=MyISAM  DEFAULT CHARSET=latin2 COLLATE=latin2_hungarian_ci AUTO_INCREMENT=651 ;

--
-- Dumping data for table `accomodation_image`
--

INSERT INTO `accomodation_image` (`id`, `accomodation_id`, `desc_hu`, `desc_en`, `desc_de`, `filename`, `initial`) VALUES
(358, 1, '', '', '', 'a0001010', 'f'),
(356, 1, '', '', '', 'a0001008', 'f'),
(354, 1, '', '', '', 'a0001006', 'f'),
(355, 1, '', '', '', 'a0001007', 'f'),
(579, 88, '', '', '', 'a0088008', 'f'),
(11, 4, '', '', '', 'a0004000', 't'),
(12, 4, '', '', '', 'a0004001', 'f'),
(13, 4, '', '', '', 'a0004002', 'f'),
(14, 4, '', '', '', 'a0004003', 'f'),
(15, 4, '', '', '', 'a0004004', 'f'),
(16, 4, '', '', '', 'a0004005', 'f'),
(632, 93, '', '', '', 'a0093006', 'f'),
(631, 93, '', '', '', 'a0093005', 'f'),
(630, 93, '', '', '', 'a0093004', 'f'),
(629, 93, '', '', '', 'a0093003', 'f'),
(628, 93, '', '', '', 'a0093002', 'f'),
(627, 93, '', '', '', 'a0093001', 'f'),
(626, 93, '', '', '', 'a0093000', 't'),
(558, 87, '', '', '', 'a0087009', 'f'),
(557, 87, '', '', '', 'a0087008', 'f'),
(556, 87, '', '', '', 'a0087007', 'f'),
(555, 87, '', '', '', 'a0087006', 'f'),
(554, 87, '', '', '', 'a0087005', 't'),
(553, 87, '', '', '', 'a0087004', 'f'),
(552, 87, '', '', '', 'a0087003', 'f'),
(551, 87, '', '', '', 'a0087002', 'f'),
(550, 87, '', '', '', 'a0087001', 'f'),
(51, 10, '', '', '', 'a0010005', 'f'),
(50, 10, '', '', '', 'a0010004', 'f'),
(49, 10, '', '', '', 'a0010003', 'f'),
(48, 10, '', '', '', 'a0010002', 'f'),
(47, 10, '', '', '', 'a0010001', 'f'),
(46, 10, '', '', '', 'a0010000', 't'),
(52, 10, '', '', '', 'a0010006', 'f'),
(53, 10, '', '', '', 'a0010007', 'f'),
(54, 10, '', '', '', 'a0010008', 'f'),
(55, 10, '', '', '', 'a0010009', 'f'),
(578, 88, '', '', '', 'a0088005', 'f'),
(565, 88, '', '', '', 'a0088004', 'f'),
(577, 88, '', '', '', 'a0088003', 'f'),
(563, 88, '', '', '', 'a0088002', 'f'),
(562, 88, '', '', '', 'a0088001', 'f'),
(561, 88, '', '', '', 'a0088000', 't'),
(560, 87, '', '', '', 'a0087011', 'f'),
(559, 87, '', '', '', 'a0087010', 'f'),
(457, 73, '', '', '', 'a0073007', 'f'),
(479, 76, '', '', '', 'a0076005', 'f'),
(478, 76, '', '', '', 'a0076004', 'f'),
(477, 76, '', '', '', 'a0076003', 'f'),
(476, 76, '', '', '', 'a0076002', 'f'),
(475, 76, '', '', '', 'a0076001', 'f'),
(474, 76, '', '', '', 'a0076000', 't'),
(473, 75, '', '', '', 'a0075007', 'f'),
(472, 75, '', '', '', 'a0075006', 'f'),
(606, 90, '', '', '', 'a0090004', 'f'),
(605, 90, '', '', '', 'a0090003', 'f'),
(604, 90, '', '', '', 'a0090002', 'f'),
(612, 91, '', '', '', 'a0091000', 't'),
(611, 90, '', '', '', 'a0090009', 'f'),
(610, 90, '', '', '', 'a0090008', 'f'),
(609, 90, '', '', '', 'a0090007', 'f'),
(608, 90, '', '', '', 'a0090006', 'f'),
(531, 84, '', '', '', 'a0084000', 't'),
(587, 83, '', '', '', 'a0083004', 'f'),
(586, 83, '', '', '', 'a0083003', 'f'),
(585, 83, '', '', '', 'a0083002', 'f'),
(584, 83, '', '', '', 'a0083001', 'f'),
(583, 83, '', '', '', 'a0083000', 't'),
(542, 85, '', '', '', 'a0085000', 't'),
(543, 85, '', '', '', 'a0085001', 'f'),
(544, 85, '', '', '', 'a0085002', 'f'),
(545, 85, '', '', '', 'a0085003', 'f'),
(546, 85, '', '', '', 'a0085004', 'f'),
(641, 95, '', '', '', 'a0095000', 't'),
(640, 94, '', '', '', 'a0094007', 'f'),
(639, 94, '', '', '', 'a0094006', 'f'),
(638, 94, '', '', '', 'a0094005', 'f'),
(637, 94, '', '', '', 'a0094004', 'f'),
(636, 94, '', '', '', 'a0094003', 'f'),
(635, 94, '', '', '', 'a0094002', 'f'),
(549, 87, '', '', '', 'a0087000', 'f'),
(532, 84, '', '', '', 'a0084001', 'f'),
(480, 77, '', '', '', 'a0077000', 't'),
(516, 81, '', '', '', 'a0081004', 'f'),
(515, 81, '', '', '', 'a0081003', 'f'),
(514, 81, '', '', '', 'a0081002', 'f'),
(513, 81, '', '', '', 'a0081001', 'f'),
(512, 81, '', '', '', 'a0081000', 't'),
(471, 75, '', '', '', 'a0075005', 'f'),
(470, 75, '', '', '', 'a0075004', 'f'),
(469, 75, '', '', '', 'a0075003', 'f'),
(468, 75, '', '', '', 'a0075002', 'f'),
(467, 75, '', '', '', 'a0075001', 'f'),
(649, 95, '', '', '', 'a0095006', 'f'),
(646, 95, '', '', '', 'a0095005', 'f'),
(548, 86, '', '', '', 'a0086000', 't'),
(547, 85, '', '', '', 'a0085005', 'f'),
(538, 84, '', '', '', 'a0084007', 'f'),
(537, 84, '', '', '', 'a0084006', 'f'),
(536, 84, '', '', '', 'a0084005', 'f'),
(485, 77, '', '', '', 'a0077005', 'f'),
(484, 77, '', '', '', 'a0077004', 'f'),
(483, 77, '', '', '', 'a0077003', 'f'),
(482, 77, '', '', '', 'a0077002', 'f'),
(481, 77, '', '', '', 'a0077001', 'f'),
(466, 75, '', '', '', 'a0075000', 't'),
(625, 92, '', '', '', 'a0092007', 'f'),
(624, 92, '', '', '', 'a0092006', 'f'),
(623, 92, '', '', '', 'a0092005', 'f'),
(622, 92, '', '', '', 'a0092004', 'f'),
(621, 92, '', '', '', 'a0092003', 'f'),
(620, 92, '', '', '', 'a0092002', 'f'),
(535, 84, '', '', '', 'a0084004', 'f'),
(456, 73, '', '', '', 'a0073006', 'f'),
(503, 79, '', '', '', 'a0079007', 'f'),
(502, 79, '', '', '', 'a0079006', 'f'),
(501, 79, '', '', '', 'a0079005', 'f'),
(500, 79, '', '', '', 'a0079004', 'f'),
(499, 79, '', '', '', 'a0079003', 'f'),
(492, 78, '', '', '', 'a0078004', 'f'),
(491, 78, '', '', '', 'a0078003', 'f'),
(490, 78, '', '', '', 'a0078002', 'f'),
(489, 78, '', '', '', 'a0078001', 'f'),
(488, 78, '', '', '', 'a0078000', 't'),
(487, 77, '', '', '', 'a0077007', 'f'),
(486, 77, '', '', '', 'a0077006', 'f'),
(498, 79, '', '', '', 'a0079002', 'f'),
(497, 79, '', '', '', 'a0079001', 'f'),
(496, 79, '', '', '', 'a0079000', 't'),
(495, 78, '', '', '', 'a0078007', 'f'),
(494, 78, '', '', '', 'a0078006', 'f'),
(493, 78, '', '', '', 'a0078005', 'f'),
(645, 95, '', '', '', 'a0095004', 'f'),
(644, 95, '', '', '', 'a0095003', 'f'),
(643, 95, '', '', '', 'a0095002', 'f'),
(647, 95, '', '', '', 'a0095001', 'f'),
(534, 84, '', '', '', 'a0084003', 'f'),
(533, 84, '', '', '', 'a0084002', 'f'),
(357, 1, '', '', '', 'a0001009', 'f'),
(353, 1, '', '', '', 'a0001005', 'f'),
(352, 1, '', '', '', 'a0001004', 'f'),
(207, 37, '', '', '', 'a0037000', 't'),
(208, 37, '', '', '', 'a0037001', 'f'),
(209, 37, '', '', '', 'a0037002', 'f'),
(210, 37, '', '', '', 'a0037003', 'f'),
(211, 37, '', '', '', 'a0037004', 'f'),
(212, 37, '', '', '', 'a0037005', 'f'),
(213, 37, '', '', '', 'a0037006', 'f'),
(214, 37, '', '', '', 'a0037007', 'f'),
(215, 37, '', '', '', 'a0037008', 'f'),
(216, 37, '', '', '', 'a0037009', 'f'),
(217, 37, '', '', '', 'a0037010', 'f'),
(218, 37, '', '', '', 'a0037011', 'f'),
(219, 38, '', '', '', 'a0038000', 't'),
(220, 38, '', '', '', 'a0038001', 'f'),
(221, 38, '', '', '', 'a0038002', 'f'),
(222, 38, '', '', '', 'a0038003', 'f'),
(223, 38, '', '', '', 'a0038004', 'f'),
(224, 38, '', '', '', 'a0038005', 'f'),
(225, 38, '', '', '', 'a0038006', 'f'),
(226, 38, '', '', '', 'a0038007', 'f'),
(227, 38, '', '', '', 'a0038008', 'f'),
(228, 38, '', '', '', 'a0038009', 'f'),
(571, 42, '', '', '', 'a0042002', 'f'),
(569, 42, '', '', '', 'a0042000', 't'),
(570, 42, '', '', '', 'a0042001', 'f'),
(257, 22, '', '', '', 'a0022004', 'f'),
(256, 22, '', '', '', 'a0022003', 'f'),
(255, 22, '', '', '', 'a0022002', 'f'),
(254, 22, '', '', '', 'a0022001', 't'),
(465, 74, '', '', '', 'a0074007', 'f'),
(464, 74, '', '', '', 'a0074006', 'f'),
(463, 74, '', '', '', 'a0074005', 'f'),
(462, 74, '', '', '', 'a0074004', 'f'),
(461, 74, '', '', '', 'a0074003', 'f'),
(460, 74, '', '', '', 'a0074002', 'f'),
(459, 74, '', '', '', 'a0074001', 'f'),
(458, 74, '', '', '', 'a0074000', 't'),
(245, 41, '', '', '', 'a0041000', 't'),
(246, 41, '', '', '', 'a0041001', 'f'),
(247, 41, '', '', '', 'a0041002', 'f'),
(248, 41, '', '', '', 'a0041003', 'f'),
(249, 41, '', '', '', 'a0041004', 'f'),
(250, 41, '', '', '', 'a0041005', 'f'),
(251, 41, '', '', '', 'a0041006', 'f'),
(252, 41, '', '', '', 'a0041007', 'f'),
(253, 41, '', '', '', 'a0041008', 'f'),
(619, 92, '', '', '', 'a0092001', 'f'),
(618, 92, '', '', '', 'a0092000', 't'),
(617, 91, '', '', '', 'a0091005', 'f'),
(616, 91, '', '', '', 'a0091004', 'f'),
(615, 91, '', '', '', 'a0091003', 'f'),
(613, 91, '', '', '', 'a0091001', 'f'),
(614, 91, '', '', '', 'a0091002', 'f'),
(634, 94, '', '', '', 'a0094001', 'f'),
(633, 94, '', '', '', 'a0094000', 't'),
(650, 1, '', '', '', 'a0001011', 't'),
(525, 82, '', '', '', 'a0082006', 'f'),
(524, 82, '', '', '', 'a0082005', 'f'),
(523, 82, '', '', '', 'a0082004', 'f'),
(522, 82, '', '', '', 'a0082003', 'f'),
(521, 82, '', '', '', 'a0082002', 'f'),
(520, 82, '', '', '', 'a0082001', 'f'),
(519, 82, '', '', '', 'a0082000', 't'),
(576, 42, '', '', '', 'a0042007', 'f'),
(575, 42, '', '', '', 'a0042006', 'f'),
(574, 42, '', '', '', 'a0042005', 'f'),
(573, 42, '', '', '', 'a0042004', 'f'),
(572, 42, '', '', '', 'a0042003', 'f'),
(568, 88, '', '', '', 'a0088007', 'f'),
(567, 88, '', '', '', 'a0088006', 'f'),
(607, 90, '', '', '', 'a0090005', 'f'),
(455, 73, '', '', '', 'a0073005', 'f'),
(454, 73, '', '', '', 'a0073004', 'f'),
(453, 73, '', '', '', 'a0073003', 'f'),
(452, 73, '', '', '', 'a0073002', 'f'),
(451, 73, '', '', '', 'a0073001', 'f'),
(450, 73, '', '', '', 'a0073000', 't'),
(603, 90, '', '', '', 'a0090001', 'f'),
(602, 90, '', '', '', 'a0090000', 't'),
(601, 89, '', '', '', 'a0089007', 'f'),
(600, 89, '', '', '', 'a0089006', 'f'),
(599, 89, '', '', '', 'a0089005', 'f'),
(598, 89, '', '', '', 'a0089004', 'f'),
(597, 89, '', '', '', 'a0089003', 'f'),
(592, 83, '', '', '', 'a0083009', 'f'),
(591, 83, '', '', '', 'a0083008', 'f'),
(590, 83, '', '', '', 'a0083007', 'f'),
(589, 83, '', '', '', 'a0083006', 'f'),
(588, 83, '', '', '', 'a0083005', 'f'),
(517, 81, '', '', '', 'a0081005', 'f'),
(518, 81, '', '', '', 'a0081006', 'f'),
(511, 80, '', '', '', 'a0080007', 'f'),
(510, 80, '', '', '', 'a0080006', 'f'),
(509, 80, '', '', '', 'a0080005', 'f'),
(508, 80, '', '', '', 'a0080004', 'f'),
(507, 80, '', '', '', 'a0080003', 'f'),
(506, 80, '', '', '', 'a0080002', 'f'),
(505, 80, '', '', '', 'a0080001', 'f'),
(504, 80, '', '', '', 'a0080000', 't'),
(596, 89, '', '', '', 'a0089002', 'f'),
(595, 89, '', '', '', 'a0089001', 'f'),
(594, 89, '', '', '', 'a0089000', 't'),
(593, 83, '', '', '', 'a0083010', 'f'),
(582, 88, '', '', '', 'a0088011', 'f'),
(581, 88, '', '', '', 'a0088010', 'f'),
(580, 88, '', '', '', 'a0088009', 'f');

-- --------------------------------------------------------

--
-- Table structure for table `accomodation_part`
--

CREATE TABLE `accomodation_part` (
  `id` int(11) NOT NULL AUTO_INCREMENT,
  `accomodation_id` int(11) NOT NULL DEFAULT '0',
  `beds` int(11) NOT NULL DEFAULT '0',
  `kitchen` char(1) COLLATE latin2_hungarian_ci NOT NULL DEFAULT 't',
  `bath` char(1) COLLATE latin2_hungarian_ci NOT NULL DEFAULT 't',
  `toilet` char(1) COLLATE latin2_hungarian_ci NOT NULL DEFAULT 't',
  `price_huf` int(11) NOT NULL DEFAULT '0',
  `price_eur` float NOT NULL DEFAULT '0',
  `price_offpeak_huf` int(11) NOT NULL DEFAULT '0',
  `price_offpeak_eur` float NOT NULL DEFAULT '0',
  `price_peak_huf` int(11) NOT NULL DEFAULT '0',
  `price_peak_eur` float NOT NULL DEFAULT '0',
  `desc_hu` text COLLATE latin2_hungarian_ci NOT NULL,
  `desc_en` text COLLATE latin2_hungarian_ci NOT NULL,
  `desc_de` text COLLATE latin2_hungarian_ci NOT NULL,
  PRIMARY KEY (`id`),
  KEY `accomodation_id` (`accomodation_id`)
) ENGINE=MyISAM  DEFAULT CHARSET=latin2 COLLATE=latin2_hungarian_ci AUTO_INCREMENT=80 ;

--
-- Dumping data for table `accomodation_part`
--

INSERT INTO `accomodation_part` (`id`, `accomodation_id`, `beds`, `kitchen`, `bath`, `toilet`, `price_huf`, `price_eur`, `price_offpeak_huf`, `price_offpeak_eur`, `price_peak_huf`, `price_peak_eur`, `desc_hu`, `desc_en`, `desc_de`) VALUES
(16, 10, 4, 't', 't', 't', 21000, 70, 21000, 70, 24000, 80, ' Nr: 0135/1 4 fős apartman Balatonfüred. 2 szoba, konyha, fürdő-wc apartmanonként Felszereltség: TV, zárt udvar és parkoló, kerti bútor. Távolság: víz 100 m, étterem, gyógyszertár 50 m, más egyéb 100 m. ', ' Nr: 0135/1 Appartements for 4 pers. in Balatonfüred in every appartement 2 rooms, kitchen, bathroom-WC accessories: television, closed place, car park, gardenfurniture distance: 100 m off lake, 50 m restaurant, pharmacy, 100 m grocery, confectioner&#8217;s, bar, promenade ', 'Nr: 0135/1 Appartements für je 4 Pers. in Balatonfüred 2 Zimmer, Küche, Badezimmer-WC Ausstattung: Satfernseher, abgeschl. Hof, Parkplatz, Gartenmöbel Entfernung: 100 m vom See, 50 m Restaurant, Apotheke, 100 m Einkaufsmöglichkeit '),
(17, 10, 2, 't', 't', 't', 8100, 30, 8100, 30, 12000, 40, ' Nr: 0135/2 2 fős apartman Balatonfüred. szoba, konyha, fürdő-wc, apartmanonként Felszereltség: TV, zárt udvar és parkoló, kerti bútor. Távolság: víz 100 m, étterem gyógyszertár, 50 m, más egyéb 100 m. ', ' Nr: 0135/2 appartement for 2 pers. in Balatonfüred in every appartement room, kitchen, bathroom-WC accessories: television, closed place, car park, gardenfurniture distance: 100 m off lake, 50 m restaurant, pharmacy, 100 m grocery, confectioner&#8217;s, bar, promenade ', ' Nr: 0135/2 Appartement für 2 Pers. in Balatonfüred Zimmer, Küche, Badezimmer-WC Ausstattung: Satfernseher, abgeschl. Hof, Parkplatz, Gartenmöbel Entfernung: 100 m vom See, 50 m Restaurant, Apotheke, 100 m Einkaufsmöglichkeit '),
(18, 10, 8, 't', 't', 't', 32500, 120, 32500, 120, 45000, 150, ' Nr: 0135/3 Nyolc fős apartman Balatonfüred. 3 és fél szoba, 3 fürdő-wc, konyha, teakonyha, terasz. Felszereltség: 2 TV, zárt udvar és parkoló, kerti bútor. Távolság: víz 100 m, étterem, gyógyszertár 50 m, más egyéb 100 m. ', 'Nr: 0135/3 Appartement for 8 pers. in Balatonfüred 3+1/2 rooms, 3 bathroom-WC, kitchen, kitchenette, terrace accessories: 2 televisions, closed place, car park, gardenfurniture distance: 100 m off lake, 50 m restaurant, pharmacy, 100 m grocery, confectioner&#8217;s, bar, promenade ', ' Nr: 0135/3 Appartement für 8 Pers. in Balatonfüred 3 + &#189; Zimmer, 3 Badezimmer-WC, Küche, Teeküche, Terasse Ausstattung: 2 Satfernseher, abgeschl. Hof, Parkplatz, Gartenmöbel Entfernung: 100 m vom See, 50 m Restaurant, Apotheke, 100 m Einkaufsmöglichkeit '),
(19, 10, 4, 't', 't', 't', 21000, 70, 21000, 70, 24000, 80, ' Nr: 0135/4 Négy fős apartman Balatonfüred. 2 szoba, konyha, fürdő-wc apartmanonként Felszereltség: TV, zárt udvar és parkoló, kerti bútor. Távolság: víz 100 m, étterem, gyógyszertár 50 m, más egyéb 100 m. ', ' Nr: 0135/4 appartement for 4 pers. in Balatonfüred in every appartement 2 rooms, kitchen, bathroom-WC accessories: television, closed place, car park, gardenfurniture distance: 100 m off lake, 50 m restaurant, pharmacy, 100 m grocery, confectioner&#8217;s, bar, promenade ', ' Nr: 0135/4 Appartement für 4 Pers. in Balatonfüred 2 Zimmer, Küche, Badezimmer-WC Ausstattung: Satfernseher, abgeschl. Hof, Parkplatz, Gartenmöbel Entfernung: 100 m vom See, 50 m Restaurant, Apotheke, 100 m Einkaufsmöglichkeit '),
(20, 10, 4, 't', 't', 't', 21000, 70, 21000, 70, 24000, 80, ' Nr: 0135/5 Négy fős apartman Balatonfüred 2 szoba, konyha, fürdő-wc. Felszereltség: TV, zárt udvar és parkoló, kerti bútor. Távolság: víz 100 m, étterem gyógyszertár, 50 m, más egyéb 100 m. ', ' Nr: 0135/5 appartement for 4 pers. in Balatonfüred in every appartement 2 rooms, kitchen, bathroom-WC accessories: television, closed place, car park, gardenfurniture distance: 100 m off lake, 50 m restaurant, pharmacy, 100 m grocery, confectioner&#8217;s, bar, promenade ', ' Nr: 0135/5 Appartement für 4 Pers. in Balatonfüred 2 Zimmer, Küche, Badezimmer-WC Ausstattung: Satfernseher, abgeschl. Hof, Parkplatz, Gartenmöbel Entfernung: 100 m vom See, 50 m Restaurant, Apotheke, 100 m Einkaufsmöglichkeit '),
(21, 10, 4, 't', 't', 't', 21000, 70, 21000, 70, 24000, 80, ' Nr: 0135 4fős apartman Balatonfüred. szoba, konyha, fürdő-wc, apartmanonként Felszereltség: TV, zárt udvar és parkoló, kerti bútor. Távolság: víz 100 m, étterem gyógyszertár, 50 m, más egyéb 100 m. 2 fő felett + 5 &#8364;/nap/fő', ' Nr: 0135/6 appartement for 4 pers. in Balatonfüred in every appartement room, kitchen, bathroom-WC accessories: television, closed place, car park, gardenfurniture distance: 100 m off lake, 50 m restaurant, pharmacy, 100 m grocery, confectioner&#8217;s, bar, promenade Above 2 Pers. +5&#8364;/day/Pers.   &#8364;/week 3000&#8364; &#8364;/week 350&#8364; &#8364;/week \r\n\r\n', ' Nr: 0135/6 Appartement für 4 Pers. in Balatonfüred Zimmer, Küche, Badezimmer-WC Ausstattung: Satfernseher, abgeschl. Hof, Parkplatz, Gartenmöbel Entfernung: 100 m vom See, 50 m Restaurant, Apotheke, 100 m Einkaufsmöglichkeit Oben 2 Pers.+5&#8364;/Tag/Pers. '),
(79, 95, 0, 't', 't', 't', 0, 0, 0, 0, 0, 0, '', '', ''),
(75, 84, 4, 't', 't', 't', 0, 0, 0, 0, 20000, 70, 'Nr: 0165/2 Négy fős apartman Balatonfüred\r\n2 szoba, fürdő-WC, konyha, terasz \r\nFelszereltség:  TV, zárt parkoló és udvar, hinta és mászóka.\r\nTávolság: víz 300 m, bevásárló központ, étterem 150 m\r\nPótágy 8&#8364;/nap/fő\r\n', 'Nr: 0165/2  Appartement for  4 pers. in Balatonfüred\r\n2 rooms, bathroom-WC, kitchen, terrace\r\naccessories: television, closed place and car park, rocking bed\r\ndistance: 300 m off lake, 150 m restaurant, shopping centre\r\nExtra bed 8 &#8364; / day / person \r\n', 'Nr: 0165/2  Appartement für  4 Pers. in Balatonfüred\r\n2 Zimmer, Badezimmer-WC, Küche, Terasse\r\nAusstattung: Satfernseher, abgeschl. Hof, Parkplatz, Schaukel\r\nEntfernung: 300 m vom See, 150 m Einkaufszentrum, Restaurant\r\nZusatzbett 8&#8364;/Tag pro Pers.\r\n'),
(57, 75, 4, 't', 't', 't', 0, 0, 9000, 30, 10500, 35, 'Nr: 0133/1      2-4 fős apartman Balatonfüred\r\nSzoba, konyha, fürdő-wc, terasz apartmanonként.\r\nFelszereltség: Tv, zárt udvar és parkoló, kerti bútor.\r\nTávolság: víz 300 m, bevásárló központ, cukrászda 100 m.\r\n2 fő felett 1800 Ft/pótágy\r\n', 'Nr: 0133/1  Appartements for each 2-4 pers. in Balatonfüred\r\nin every appartement room, kitchen, bathroom-WC, terrace\r\naccessories: television, closed place, car park, gardenfurniture\r\ndistance: 300 m off lake, 100 m restaurant, grocery, confectioner&#8217;s\r\nAbove 2 Pers. +8&#8364;/day/Pers\r\n', 'Nr: 0133/1  Appartements für je 2-4 Pers. in Balatonfüred\r\nin jedem Appartement: Zimmer, Küche, Badezimmer-WC, Terasse \r\nAusstattung: Satfernseher, abgeschl. Hof, Parkplatz, Gartenmöbel\r\nEntfernung: 300 m vom See, 100 m Einkaufsmöglichkeit, Konditorei\r\nÜber 2 Pers.+8/Tag pro Pers.\r\n'),
(74, 84, 4, 't', 't', 't', 0, 0, 0, 0, 20000, 70, 'Nr: 0165/1 Négy fős apartman Balatonfüred\r\n2 szoba, fürdő-WC, konyha, terasz \r\nFelszereltség:  TV, zárt parkoló és udvar, hinta és mászóka.\r\nTávolság: víz 300 m, bevásárló központ, étterem 150 m\r\nPótágy 8&#8364;/nap/fő\r\n', 'Nr: 0165/1  Appartement for  4 pers. in Balatonfüred\r\n2 rooms, bathroom-WC, kitchen, terrace\r\naccessories: television, closed place and car park, rocking bed\r\ndistance: 300 m off lake, 150 m restaurant, shopping centre\r\nExtra bed 8 &#8364; / day / person \r\n', 'Nr: 0165/1  Appartement für  4 Pers. in Balatonfüred\r\n2 Zimmer, Badezimmer-WC, Küche, Terasse\r\nAusstattung: Satfernseher, abgeschl. Hof, Parkplatz, Schaukel\r\nEntfernung: 300 m vom See, 150 m Einkaufszentrum, Restaurant\r\nZusatzbett 8&#8364;/Tag pro Pers.\r\n'),
(78, 84, 2, 't', 't', 't', 0, 0, 0, 0, 11000, 35, 'Nr: 0165/5 Két fős apartman Balatonfüred\r\nszoba, fürdő-WC, konyha, terasz \r\nFelszereltség: TV, zárt parkoló és udvar, hinta és mászóka.\r\nTávolság: víz 300 m, bevásárló központ, étterem 150 m\r\nPótágy 8&#8364;/nap/fő\r\n', 'Nr: 0165/5 Appartement for 2 pers. in Balatonfüred \r\nroom, bathroom-WC, kitchen, terrace\r\naccessories: television, closed place and car park, rocking bed\r\ndistance: 300 m off lake, 150 m restaurant, shopping centre\r\nExtra bed 8 &#8364; / day / person \r\n', 'Nr: 0165/5 Appartement für 2 Pers. in Balatonfüred\r\nZimmer, Badezimmer-WC, Küche, Terasse\r\nAusstattung: Satfernseher, abgeschl. Hof, Parkplatz, Schaukel\r\nEntfernung: 300 m vom See, 150 m Einkaufszentrum, Restaurant\r\nZusatzbett 8&#8364;/Tag pro Pers.\r\n'),
(77, 84, 2, 't', 't', 't', 0, 0, 0, 0, 11000, 35, 'Nr: 0165/4 Két fős apartman Balatonfüred\r\nszoba, fürdő-WC, konyha, terasz \r\nFelszereltség: TV, zárt parkoló és udvar, hinta és mászóka.\r\nTávolság: víz 300 m, bevásárló központ, étterem 150 m\r\nPótágy 8&#8364;/nap/fő\r\n', 'Nr: 0165/4 Appartement for 2 pers. in Balatonfüred \r\nroom, bathroom-WC, kitchen, terrace\r\naccessories: television, closed place and car park, rocking bed\r\ndistance: 300 m off lake, 150 m restaurant, shopping centre\r\nExtra bed 8 &#8364; / day / person \r\n', 'Nr: 0165/4 Appartement für 2 Pers. in Balatonfüred\r\nZimmer, Badezimmer-WC, Küche, Terasse\r\nAusstattung: Satfernseher, abgeschl. Hof, Parkplatz, Schaukel\r\nEntfernung: 300 m vom See, 150 m Einkaufszentrum, Restaurant\r\nZusatzbett 8&#8364;/Tag pro Pers.\r\n'),
(76, 84, 2, 't', 't', 't', 0, 0, 0, 0, 11000, 35, 'Nr: 0165/3 Két fős apartman Balatonfüred\r\nszoba, fürdő-WC, konyha, terasz \r\nFelszereltség: TV, zárt parkoló és udvar, hinta és mászóka.\r\nTávolság: víz 300 m, bevásárló központ, étterem 150 m\r\nPótágy 8&#8364;/nap/fő\r\n', 'Nr: 0165/3 Appartement for 2 pers. in Balatonfüred \r\nroom, bathroom-WC, kitchen, terrace\r\naccessories: television, closed place and car park, rocking bed\r\ndistance: 300 m off lake, 150 m restaurant, shopping centre\r\nExtra bed 8 &#8364; / day / person \r\n', 'Nr: 0165/3 Appartement für 2 Pers. in Balatonfüred\r\nZimmer, Badezimmer-WC, Küche, Terasse\r\nAusstattung: Satfernseher, abgeschl. Hof, Parkplatz, Schaukel\r\nEntfernung: 300 m vom See, 150 m Einkaufszentrum, Restaurant\r\nZusatzbett 8&#8364;/Tag pro Pers.\r\n'),
(73, 83, 2, 't', 't', 't', 0, 0, 0, 0, 0, 30, 'Nr: 0164/4 Apartman Balatonfüred 2 fő részére\r\nszoba, fürdő-wc, teakonyha.\r\nFelszereltség: kábel TV, zárt udvar, parkolási lehetőség, terasz.\r\nTávolság: víz 900 m, étterem 200 m, élelmiszer bolt 200 m.\r\n \r\n', 'Nr: 164/4  Appartement for 2 pers. in Balatonfüred\r\nroom, bathroom-WC, kitchenette\r\naccessories: television, closed place and car park, terrace\r\ndistance: 900 m off lake, 200 m restaurant, grocery\r\n', 'Nr: 0164/4 Appartement für 2 Pers. in Balatonfüred\r\nZimmer, Badezimmer-WC, Teeküche, Terasse\r\nAusstattung: Satfernseher, abgeschl. Hof, Parkplatz\r\nEntfernung: 900 m vom See, 200 m Restaurant und Einkaufsmöglichkeit\r\n'),
(68, 82, 4, 't', 't', 't', 0, 0, 0, 0, 15000, 50, 'Nr: 0532/1 Négy fős apartman Aszófő. \r\n2 szoba, fürdő, WC, konyha, étkező, terasz \r\nFelszereltség: TV, zárt parkoló és udvar\r\nTávolság: víz 2000 m, étterem 50 m, élelmiszerbolt 300 m\r\n', 'Nr: 0532/1 Appartement for 4pers. in Aszófő\r\n2 rooms, bathroom, WC, kitchen, dining-room, terrace\r\naccessories: television, closed car park and place\r\ndistance: 1000 m off lake, 50 m restaurant, 300 m grocery\r\n', 'Nr: 0532/1 Appartement für 4 Pers. in Aszófő\r\n2 Zimmer, Badezimmer, WC, Küche, Essraum, Terasse\r\nAusstattung: Satfernseher, abgeschl. Hof, Parkplatz\r\nEntfernung: 1000 m vom See, 50 m Restaurant, 300 m Einkaufsmöglichkeit \r\n'),
(69, 82, 4, 't', 't', 't', 0, 0, 0, 0, 15000, 50, 'Nr: 0532/2 Négy fős apartman Aszófő. \r\n2 szoba, fürdő, WC, konyha, étkező, terasz \r\nFelszereltség: TV, zárt parkoló és udvar\r\nTávolság: víz 2000 m, étterem 50 m, élelmiszerbolt 300 m\r\n', 'Nr: 0532/2 Appartement for 4pers. in Aszófő\r\n2 rooms, bathroom, WC, kitchen, dining-room, terrace\r\naccessories: television, closed car park and place\r\ndistance: 1000 m off lake, 50 m restaurant, 300 m grocery\r\n', 'Nr: 0532/2 Appartement für 4 Pers. in Aszófő\r\n2 Zimmer, Badezimmer, WC, Küche, Essraum, Terasse\r\nAusstattung: Satfernseher, abgeschl. Hof, Parkplatz\r\nEntfernung: 1000 m vom See, 50 m Restaurant, 300 m Einkaufsmöglichkeit \r\n'),
(70, 83, 4, 't', 't', 't', 0, 0, 0, 0, 0, 60, 'Nr: 0164/1 Apartman Balatonfüred 4 fő részére\r\n2 szoba, fürdő-wc, konyha, terasz.\r\nFelszereltség: kábel TV, parkolási lehetőség, zárt udvar, kerti bútor.\r\nTávolság: víz 900 m, étterem 200 m, élelmiszer bolt 200 m.\r\nPótágy 8&#8364;/nap/fő', 'Nr: 0164/1 Appartement for 4 pers. in Balatonfüred \r\n2 rooms, bathroom-WC, kitchen, terrace\r\naccessories: television, closed place, car park, gardenfurniture\r\ndistance: 900 m off lake, 200 m restaurant, grocery\r\nExtra bed 8 &#8364; / day / person\r\n', 'Nr: 0164/1 Appartement für 4 Pers. in Balatonfüred\r\n2 Zimmer, Badezimmer/WC, Küche, Terasse\r\nAusstattung: Satfernseher, abgeschl. Parkplatz, Gartenmöbel\r\nEntfernung: 900 m vom See, 200 m Restaurant und Einkaufsmöglichkeit\r\nZusatzbett 8&#8364;/Tag pro Pers.\r\n \r\n'),
(71, 83, 4, 't', 't', 't', 0, 0, 0, 0, 0, 65, 'Nr: 0164/2 Apartman Balatonfüred 4 fő részére\r\n2 szoba, nappali,  fürdő-wc,extra wc, konyha, terasz.\r\nFelszereltség: kábel TV, parkolási lehetőség, garázs, zárt udvar, kerti bútor.\r\nTávolság: víz 900 m, étterem 200 m, élelmiszer bolt 200 m.\r\nPótágy 8&#8364;/nap/fő\r\n', 'Nr: 0164/2 Appartement for 4 pers. in Balatonfüred\r\n2 rooms, living-room,  bathrooms-WC, kitchen, terrace\r\naccessories: television, closed place, car park, garage, gardenfurniture\r\ndistance: 900 m off lake, 200 m restaurant, grocery\r\nExtra bed 8 &#8364; / day / person \r\n', 'Nr: 0164/2 Appartement für 4 Pers. in Balatonfüred \r\n2 Zimmer, Wohnzimmer,  Badezimmer-WC,extra Wc, Küche, Terasse\r\nAusstattung: Satfernseher, abgeschl. Parkplatz, Garage, abgeschl. Hof, Gartenmöbel\r\nEntfernung: 900 m vom See, 200 m Restaurant und Einkaufsmöglichkeit\r\nZusatzbett 8&#8364;/Tag pro Pers.\r\n'),
(72, 83, 4, 't', 't', 't', 0, 0, 0, 0, 0, 60, 'Nr: 0164/3 Apartman Balatonfüred 4 fő részére\r\n2 szoba, 2 fürdő-WC, konyha, terasz\r\nFelszereltség: kábel TV, parkolási lehetőség, zárt udvar, kerti bútor.\r\nTávolság: víz 900 m, étterem 200 m, élelmiszer bolt 200 m.\r\nPótágy 8&#8364;/nap/fő', 'Nr: 0164/3 Appartement for 2 pers. in Balatonfüred\r\n2 rooms, 2 bathroom-WC, kitchen, terrace\r\naccessories: television, closed place, car park, terrace\r\ndistance: 900 m off lake, 200 m restaurant, grocery\r\nExtra bed 8 &#8364; / day / person \r\n', 'Nr: 0164/3 Appartement für 4 Pers. in Balatonfüred\r\n2 Zimmer, 2 Badezimmer-WC,Küche, Terasse\r\nAusstattung: Satfernseher, abgeschl. Parkplatz, Garage, abgeschl. Hof, Gartenmöbel\r\nEntfernung: 900 m vom See, 200 m Restaurant und Einkaufsmöglichkeit\r\nZusatzbett 8&#8364;/Tag pro Pers.\r\n'),
(67, 81, 4, 't', 't', 't', 0, 0, 0, 0, 15000, 50, 'Nr: 0231/4 Négy fős apartman Tihany\r\n2 szoba, fürdő-WC, konyha, terasz  \r\nFelszereltség: TV, zárt parkoló és udvar, garázs\r\nTávolság: víz 50 m, étterem 30 m, bevásárló központ 400 m\r\n', 'Nr: 0231/4 Appartement for 4 pers. in Tihany\r\n2  rooms, bathroom-WC, kitchen, terrace\r\naccessories: television, closed place and car park, garage\r\ndistance: 50 m off lake, 30 m restaurant, 400 m shopping centre\r\n', 'Nr: 0231/4 Appartement für 4 Pers. in Tihany\r\n2 Zimmer, Badezimmer-WC, Küche, Terasse\r\nAusstattung: Satfernseher, abgeschl. Hof, Parkplatz, Garage\r\nEntfernung: 50 m vom See, 30 m Restaurant, 400 m Einkaufszentrum\r\n'),
(66, 81, 4, 't', 't', 't', 0, 0, 0, 0, 15000, 50, 'Nr: 0231/3 Négy fős apartman Tihany\r\n2 szoba, fürdő-WC, konyha, terasz  \r\nFelszereltség: TV, zárt parkoló és udvar, garázs\r\nTávolság: víz 50 m, étterem 30 m, bevásárló központ 400 m\r\n', 'Nr: 0231/3 Appartement for 4 pers. in Tihany\r\n2  rooms, bathroom-WC, kitchen, terrace\r\naccessories: television, closed place and car park, garage\r\ndistance: 50 m off lake, 30 m restaurant, 400 m shopping centre\r\n', 'Nr: 0231/3 Appartement für 4 Pers. in Tihany\r\n2 Zimmer, Badezimmer-WC, Küche, Terasse\r\nAusstattung: Satfernseher, abgeschl. Hof, Parkplatz, Garage\r\nEntfernung: 50 m vom See, 30 m Restaurant, 400 m Einkaufszentrum\r\n'),
(65, 81, 4, 't', 't', 't', 0, 0, 0, 0, 15000, 50, 'Nr: 0231/2 Négy fős apartman Tihany\r\n2 szoba, fürdő-WC, konyha, terasz  \r\nFelszereltség: TV, zárt parkoló és udvar, garázs\r\nTávolság: víz 50 m, étterem 30 m, bevásárló központ 400 m\r\n', 'Nr: 0231/2 Appartement for 4 pers. in Tihany\r\n2  rooms, bathroom-WC, kitchen, terrace\r\naccessories: television, closed place and car park, garage\r\ndistance: 50 m off lake, 30 m restaurant, 400 m shopping centre\r\n', 'Nr: 0231/2 Appartement für 4 Pers. in Tihany\r\n2 Zimmer, Badezimmer-WC, Küche, Terasse\r\nAusstattung: Satfernseher, abgeschl. Hof, Parkplatz, Garage\r\nEntfernung: 50 m vom See, 30 m Restaurant, 400 m Einkaufszentrum\r\n'),
(62, 77, 5, 't', 't', 't', 0, 0, 0, 0, 0, 65, 'Nr:0118/1 földszinti apartman 4 (5) fő részére\r\n2 szoba, fürdő-wc, konyha, terasz\r\nFelszereltség: Tv, zárt udvar és parkoló, kerti bútor.\r\nTávolság: Balaton 400 m, bolt 200 m, étterem 150 m.\r\n4 fő felett +1800Ft/nap/fő\r\n', 'Nr:0118/1 Appartement 4 (5) pers. In Balatonfüred\r\n2 rooms,  1 bathroom, kitchen,  WC,  terrace\r\naccessories: television, closed place, car park, gardenfurniture\r\ndistance: 400 m off lake, 150 m restaurant, 200 m , shopping facilities\r\nAbove 4 Pers. +8&#8364;/day/Pers. \r\n', 'Nr: 0118/1  Appartement für 4 (5) Pers. Pers. in Balatonfüred\r\n2 Zimmer,  Badezimmer,  WC,  Küche, Terasse\r\nAusstattung: 2 Satfernseher, abgeschl. Hof, Parkplatz, Gartenmöbel \r\nEntfernung: 400 m vom See, 100 m von dem Restaurant, 200 m Einkaufsmöglichkeit.\r\nMehr als 4  Pers. + 8&#8364;/Tag/Pers.\r\n'),
(61, 75, 2, 't', 't', 't', 0, 0, 9000, 30, 10500, 35, 'Nr: 0133/2      2-4 fős apartman Balatonfüred\r\nSzoba, konyha, fürdő-wc, terasz apartmanonként.\r\nFelszereltség: Tv, zárt udvar és parkoló, kerti bútor.\r\nTávolság: víz 300 m, bevásárló központ, cukrászda 100 m.\r\n2 fő felett 1800 Ft/pótágy\r\n', 'Nr: 0133/2  Appartements for each 2-4 pers. in Balatonfüred\r\nin every appartement room, kitchen, bathroom-WC, terrace\r\naccessories: television, closed place, car park, gardenfurniture\r\ndistance: 300 m off lake, 100 m restaurant, grocery, confectioner&#8217;s\r\nAbove 2 Pers. +8&#8364;/day/Pers.\r\n', 'Nr: 0133/2  Appartements für je 2-4 Pers. in Balatonfüred\r\nin jedem Appartement: Zimmer, Küche, Badezimmer-WC, Terasse \r\nAusstattung: Satfernseher, abgeschl. Hof, Parkplatz, Gartenmöbel\r\nEntfernung: 300 m vom See, 100 m Einkaufsmöglichkeit, Konditorei\r\nÜber 2 Pers.+8/Tag pro Pers.\r\n'),
(58, 75, 4, 't', 't', 't', 0, 0, 9000, 35, 10500, 35, 'Nr: 0133/3      2-4 fős apartman Balatonfüred\r\nSzoba, konyha, fürdő-wc, terasz apartmanonként.\r\nFelszereltség: Tv, zárt udvar és parkoló, kerti bútor.\r\nTávolság: víz 300 m, bevásárló központ, cukrászda 100 m.\r\n2 fő felett 1800 Ft/pótágy\r\n', 'Nr: 0133/3  Appartements for each 2-4 pers. in Balatonfüred\r\nin every appartement room, kitchen, bathroom-WC, terrace\r\naccessories: television, closed place, car park, gardenfurniture\r\ndistance: 300 m off lake, 100 m restaurant, grocery, confectioner&#8217;s\r\nAbove 2 Pers. +8&#8364;/day/Pers.\r\n', 'Nr: 0133/3  Appartements für je 2-4 Pers. in Balatonfüred\r\nin jedem Appartement: Zimmer, Küche, Badezimmer-WC, Terasse \r\nAusstattung: Satfernseher, abgeschl. Hof, Parkplatz, Gartenmöbel\r\nEntfernung: 300 m vom See, 100 m Einkaufsmöglichkeit, Konditorei\r\nÜber 2 Pers.+8/Tag pro Pers.\r\n'),
(59, 75, 6, 't', 't', 't', 0, 0, 15000, 50, 20500, 67, 'Nr: 0133/4 Apartman Balatonfüred, 4-6 fő részére.\r\n2 szoba, fürdő-wc, bidé, konyha, étkező, terasz.\r\nFelszereltség: 2 TV, zárt udvar és parkoló, kerti bútor, \r\nTávolság: víz 300 m, bevásárló központ, cukrászda 100 m.\r\n4 fő felett 1800 Ft/pótágy\r\n', 'Nr: 0133/4 Appartement for 4-6 pers. in Balatonfüred\r\n2 rooms, bathroom-WC, kitchen dining-room, terrace\r\naccessories: 2 televisions, closed place, car park, gardenfurniture. \r\ndistance: 300 m off lake, 100 m restaurant, grocery, confectioner&#8217;s\r\nAbove 4 Pers. +8&#8364;/day/Pers.', 'Nr. 0133/4 Appartement für 4-6 Pers. in Balatonfüred\r\n2 Zimmer, Badezimmer-WC, Küche, Essraum, Terasse\r\nAusstattung: 2 Satfernseher, abgeschl. Hof, Parkplatz, Gartenmöbel, \r\nEntfernung: 300 m vom See, 100 m Einkaufsmöglichkeit, Konditorei\r\nÜber 4 Pers.+8/Tag pro Pers.'),
(60, 75, 2, 't', 't', 't', 0, 0, 7500, 25, 9000, 30, 'Nr: 0133/5      2 fős apartman Balatonfüred\r\nSzoba, konyha, fürdő-wc, terasz apartmanonként.\r\nFelszereltség: Tv, zárt udvar és parkoló, kerti bútor.\r\nTávolság: víz 300 m, bevásárló központ, cukrászda 100 m.\r\n2 fő felett 1800 Ft/pótágy\r\n', 'Nr: 0133/5  Appartements for each 2pers. in Balatonfüred\r\nin every appartement room, kitchen, bathroom-WC, terrace\r\naccessories: television, closed place, car park, gardenfurniture\r\ndistance: 300 m off lake, 100 m restaurant, grocery, confectioner&#8217;s\r\nAbove 2 Pers. +8&#8364;/day/Pers.\r\n', 'Nr: 0133/5  Appartements für je 2 Pers. in Balatonfüred\r\nin jedem Appartement: Zimmer, Küche, Badezimmer-WC, Terasse \r\nAusstattung: Satfernseher, abgeschl. Hof, Parkplatz, Gartenmöbel\r\nEntfernung: 300 m vom See, 100 m Einkaufsmöglichkeit, Konditorei\r\nÜber 2 Pers.+8/Tag pro Pers.\r\n'),
(63, 77, 5, 't', 't', 't', 0, 0, 0, 0, 0, 65, 'Nr:0118/2 emeleti apartman 4 (5) fő részére\r\n2 szoba, fürdő-wc, konyha, terasz\r\nFelszereltség: Tv, zárt udvar és parkoló, kerti bútor.\r\nTávolság: Balaton 400 m, bolt 200 m, étterem 150 m.\r\n4 fő felett +1800Ft/nap/fő\r\n', 'Nr:0118/2 Appartement 4 (5) pers. In Balatonfüred\r\n2 rooms,  1 bathroom, kitchen,  WC,  terrace\r\naccessories: television, closed place, car park, gardenfurniture\r\ndistance: 400 m off lake, 150 m restaurant, 200 m , shopping facilities\r\nAbove 4 Pers. +8&#8364;/day/Pers. \r\n', 'Nr: 0118 Appartement für 4 (5) Pers. Pers. in Balatonfüred\r\n2 Zimmer,  Badezimmer,  WC,  Küche, Terasse\r\nAusstattung: 2 Satfernseher, abgeschl. Hof, Parkplatz, Gartenmöbel \r\nEntfernung: 400 m vom See, 100 m von dem Restaurant, 200 m Einkaufsmöglichkeit.\r\nMehr als 4 Pers. + 8&#8364;/Tag/Pers.\r\n'),
(64, 81, 4, 't', 't', 't', 0, 0, 0, 0, 15000, 50, 'Nr: 0231/1 Négy fős apartman Tihany\r\n2 szoba, fürdő-WC, konyha, terasz  \r\nFelszereltség: TV, zárt parkoló és udvar, garázs\r\nTávolság: víz 50 m, étterem 30 m, bevásárló központ 400 m\r\n', 'Nr: 0231/1 Appartement for 4 pers. in Tihany\r\n2  rooms, bathroom-WC, kitchen, terrace\r\naccessories: television, closed place and car park, garage\r\ndistance: 50 m off lake, 30 m restaurant, 400 m shopping centre\r\n', 'Nr: 0231/1 Appartement für 4 Pers. in Tihany\r\n2 Zimmer, Badezimmer-WC, Küche, Terasse\r\nAusstattung: Satfernseher, abgeschl. Hof, Parkplatz, Garage\r\nEntfernung: 50 m vom See, 30 m Restaurant, 400 m Einkaufszentrum\r\n');

-- --------------------------------------------------------

--
-- Table structure for table `accomodation_type`
--

CREATE TABLE `accomodation_type` (
  `id` int(11) NOT NULL AUTO_INCREMENT,
  `name_hu` varchar(60) COLLATE latin2_hungarian_ci NOT NULL,
  `name_en` varchar(60) COLLATE latin2_hungarian_ci NOT NULL,
  `name_de` varchar(60) COLLATE latin2_hungarian_ci NOT NULL,
  PRIMARY KEY (`id`)
) ENGINE=MyISAM  DEFAULT CHARSET=latin2 COLLATE=latin2_hungarian_ci AUTO_INCREMENT=5 ;

--
-- Dumping data for table `accomodation_type`
--

INSERT INTO `accomodation_type` (`id`, `name_hu`, `name_en`, `name_de`) VALUES
(1, 'Ház', 'House', 'Haus'),
(2, 'Apartman', 'Apartment', 'Appartement'),
(3, 'Panzió', 'Pension', 'Pension'),
(4, 'Hotel', 'Hotel', 'Hotel');

-- --------------------------------------------------------

--
-- Table structure for table `feature`
--

CREATE TABLE `feature` (
  `id` int(11) NOT NULL AUTO_INCREMENT,
  `name_hu` varchar(60) COLLATE latin2_hungarian_ci NOT NULL,
  `name_en` varchar(60) COLLATE latin2_hungarian_ci NOT NULL,
  `name_de` varchar(60) COLLATE latin2_hungarian_ci NOT NULL,
  PRIMARY KEY (`id`)
) ENGINE=MyISAM  DEFAULT CHARSET=latin2 COLLATE=latin2_hungarian_ci AUTO_INCREMENT=12 ;

--
-- Dumping data for table `feature`
--

INSERT INTO `feature` (`id`, `name_hu`, `name_en`, `name_de`) VALUES
(1, 'Panorámás', 'With a panoramic view', 'mit Panorama'),
(2, 'Vízközeli', 'Near the lake', 'in Wassernähe'),
(3, 'Csendes helyen', 'In a peaceful area', 'in ruhiger Lage'),
(4, 'Központi helyen', 'In a central area', 'in zentraler Lage'),
(5, 'Új építésű', 'Newly built', 'Neubau'),
(6, 'Felújított', 'Renovated', 'renoviert'),
(7, 'Felújításra szorul', 'To be refurbished', 'sanierungsdürftig'),
(8, 'Panzió', 'Pension', 'Pension'),
(9, 'Szálloda', 'Hotel', 'Hotel'),
(10, 'Vendéglátóipari egység', 'Catering establishment', 'Gaststätte'),
(11, 'Többcélú felhasználásra', 'For multipurpose use', 'für Mehrzwecknutzung');

-- --------------------------------------------------------

--
-- Table structure for table `post`
--

CREATE TABLE `post` (
  `id` int(11) NOT NULL AUTO_INCREMENT,
  `title` varchar(250) COLLATE latin2_hungarian_ci DEFAULT NULL,
  `contents` text COLLATE latin2_hungarian_ci,
  `order_index` int(11) DEFAULT NULL,
  `ins_user` int(11) DEFAULT NULL,
  `ins_date` date DEFAULT NULL,
  `upd_user` int(11) DEFAULT NULL,
  `upd_date` date DEFAULT NULL,
  PRIMARY KEY (`id`)
) ENGINE=MyISAM  DEFAULT CHARSET=latin2 COLLATE=latin2_hungarian_ci AUTO_INCREMENT=8 ;

--
-- Dumping data for table `post`
--

INSERT INTO `post` (`id`, `title`, `contents`, `order_index`, `ins_user`, `ins_date`, `upd_user`, `upd_date`) VALUES
(7, 'Fontos tudnivalók eladóknak és vevőknek', '<div style="text-align: justify;">\r\n<div style="text-align: justify;">Az ingatlanszerzés során leggyakrabban felmerülő technikai és jogi kérdésekre segítünk választ adni.</div>\r\n<div style="text-align: justify;"><br /> <span style="text-decoration: underline;"><strong>Az adás-vétel menete</strong></span></div>\r\n<div style="text-align: justify;"> </div>\r\n<div style="text-align: left;"><img style="float: right;" src="data:image/jpeg;base64,/9j/4AAQSkZJRgABAQAAAQABAAD/2wCEAAkGBxQSEhUUEhQTFRQVFxUXFxUXFRgQGBUSFBQXFhQUFBUYHSggGBolHBQUITEhJSkrLi4uFx8zODMsNygtLisBCgoKDg0OGhAQGiwfHSQsLCwsLCwsLCwsLCwsLCwsLCwsLCwsLCwsLCwsLCwsLCwsLCwsLCwsLCwsLCw3LCw3LP/AABEIALQA4QMBIgACEQEDEQH/xAAcAAABBQEBAQAAAAAAAAAAAAAAAgMEBQcGAQj/xABHEAABAgMEBQcJBAgGAwAAAAABAAIDBBEFEiExBkFRcbEWIlJhkaHRBxMyNFRzgZPSFEKywSMlQ1NikpTwFSQzY+HxNYOi/8QAGQEAAwEBAQAAAAAAAAAAAAAAAAEDAgQF/8QAKBEAAgIBBAEEAwEAAwAAAAAAAAECEQMEEiExURMUMkFhcYEzIkKh/9oADAMBAAIRAxEAPwDcUIWF+Vq15iHaL2Q5iYhtEOEbrI0SG2pBqbrXALMpUbhDc6N0Qvl1lvTftc3/AFMb6lJh6QTXtU1/URfqWfUKeh+T6ZQvmrlBNe0zPz4v1JBt6b9qmvnxfqT3i9H8n0whfMbrem/apr+oi/UvBpDNe1TX9RF+pLeHovyfTqF8zt0hmvapr58X6k4NIZr2mZ+fF+pL1fwNYH5PpRC+cZfSCZr6zM/PifUkzWk0dhxmZj58T6lOWor6KR0rl9n0ghfOUppXNOyjTB6zFiH81dSttzZ/bRvmPP5rHu6/6/8Apr2T8m5oWONtaOPSjRvmOH5qxkraiO/axPmO8U1q14MPSyX2akhZ5DmYta+difzu8V6+fifvIn87vFbWoXgx6D8mhIWd/bIv72J/O7xTES0YmRixfmO8UPULwNad+TS0LLI0zGzbGjfMf4qviWjMVoY0f5rx+ax7v8GvbPybGhYdMTEzXCZmB/7on1JDbUmG5zEx86J9Sful4D2r8m6IWFf4xHr6xMfOifUnIU9MA+sTHxjRPqR7peA9q/JuKFjEhpBFhxGvdFjODSCQ6I9wI2EErWrHnfPQ2v2hVxZVkVkcmPY6JqEIVSYL5/8ALCP1o/3ULgV9ALBPK639Zv8AdwvwlSyv/iX0/wAziw1ehPBqUIVVBSOtxFS7bxAVxI6WyzZd0jMy4YS83I45xaXZviN+AGGrcqiGyiRMWZDiOvPqKilan+Y7k7Sdvoy42vyS7Rs10IitHNcKse3FrhnVp+OWarntV3AHmYMR0MB0FgrHk3OJLWVp9plXnNuNS04tNcwaqPMyDXw/PSzvOQdfShnY8fmtfVoS54KuqL6HMTZCQ6HWxaLyXkDEdV2SmWTZborssF0MaQ823DYsTkkVxp2NSkkwADBWspDDVx8SaNfSoVZy1pEDErnlGzocGdO8AhQ5d1HUCrBbwyXgjlxvNOKSiZ2M7GWjnWnY5NKqvseOXAXs1bRm80lbSISVMjwCSlxJfCpUCXtRoNCVZNjh7TdOfFMGmhMBo2qFORmh1CKda561ZyLLPq4G7XPMKVK6RQ34PANQl+Dfpvvsnta13okKvtKDTGikPszznOgOodiRBnnQz5uO34nLes7eR1fRXQG3sUuI5W8ez2ObehGh2KhjtINCKFZaEeTMTUtp0Q9WZuHBYxEgc28tn0Q9WZuHBdul+LOLVfJF2hCF1HKCwjyuN/WTz/twvwlbusQ8q1P8Qf7uH+Fc+pdQ/p06X5/w4qGap1pTUZoATsBtQuS+Duoch4p8tTDRQqSCtNiobcSxzXsN1zMWnZ1HUQQSCDgQSDgoERr4DnTcj+jLRWPLjEMFaF7R96AT8WHA4UKnRV7ABY5r2khzTVpGBBpTDeMCDgRUEEFaxy2/oxOKl+x6XEG0GXpcNhTABL4FfS/ihk8PBU8SAWPuvBBGo4Y7k5atjXyZiUrDitF50FlQatxMSBTVrLMxQkVBwk2bb0Kcuw5ykOPQXJilGxB93zo34Xh/wrNJq0SjKnUjotHBhlmrqflgW/BNWLJ3DccKPbQkbRXBzT95vWndJI/moZO9c1O+Tpu3wZrbsqWPJGShMnDSiVadp3ydirXRFXbZ1bkuya6LVWFm2gWuA1Ln2zSlwow1IlBgpwnwmabZFqNNMV1EB4e2m0FY3IzxY4HUu+sW17zR4qVURy4n2jlNIxFlo7mu9EmrTqIU2wbeu0By3rr7akWTkEscMdTuiRkslnID5eK6FEwc07qjUQntvo3CUZqma5LzrI7LpAcDqzXN27ogQ0xJc5YlnGioNHrRLXDE9q1Cx58PbjsST+mTlGWJ3HozzR/SIwzddgcqHPrC7phhTjLrqHYdYNM1x3lD0bMN32mCOYfTAHonpblT2Bb5hkY4JtV0acVkW6PZ0c5LRJKKASXQz6LvyKvfMiZYDgHAJMvPQ5uFdfQgjv2rnY0zEkooY+pZXmu2jYVmkKt3HTJE+wtBadS2LRD1Zm4cFk9pTsOMy+BR1P7K1jRD1Zm4cF06Xp/s87VKpKy7QhC6jlBZJ5TrFixJp0RjC5t1gwzwGxa2s109tJ7Zl0MOutDWHDAmo26lzar4f06NLe/gyealXtdR7XNOxwu8VKlhUUXVG0Ktuvo9ux3Op1glUwkQDUOG4ii4eWj0SIIeKc83U4J5sOmadEVoW0ZYwZdJdDAT/wBqGxJfGbrbh1krSaM7WQHxbrmuFKsc146nNIc09WIzSLbL5uXhw2Qml8N8WJeAJc7zjrxYD1fkNed9dhw2hxu44jmjioEW3XVzo1PertDWJyJ/k8mXwIbRNsMWCC4AfflhQUc3WaUNWihFBSuStNIob48O7CukPJEOI43WmuTX9B+NKHXlsTFj2mH4Vp3LoIUSoIIvNOBBxqOvahZG/kZlBxdoy+Y8mk+MQ2E7qETHvC521LAm5f8A1peMwdK6XN/mbUL6CgTV0Chw6+CkNtAqsc1EZKT+z5eLxtHalNcRkV9LzEJj/ThQn72NdxCrZjRSRienLQQT0W3T2hU9wn9EfTknaZhMnM1ND8Fe2VPGG8Z0XR+UPyfwpaAZqVLmtYW34ZN4UcQ0OYTiKEjBcFITONHHcVicFJWj0NPnbW2Zs+j8+2I3Uqnyk6O+ehefhD9JDGIH3m61ytj2kYbgtKsa0hFbdNDUKMXTphlxuLtGFykyRRdjo3bl0gEqs8oNgmVjl7RSFENW9TjiWqhl5nJVnDcrRvFlUltkbxKWiyPDLTiCMRmsd0ssd8nHIofNuJLDqpnT4K90Zti6QCV3s3ZjJ6XLYuR9HaDqcCpwf0zE4PE+DNdFbUo8Bxw1LSYcGHPQrjgKgVB2FY5a1mRZOO6G6poea4feGohXdgW9FYQAHcETSj+in+qtcM6eZkvNBzTgQtd0Q9WZuHBZFPWkIjca3iKLXdEPVmbhwVNH8X+zztXe5X4LtCELsOQFjXlOj0n3j+CH+FbKsI8r0a7aL/dwvwlQ1CuB1aP/AE/hRfal66cKpmzGtKfM0C49p6ZaGbSfPayqqFHGZR5+qVMKLIzajTEwS3XVRxESgap0BYRpm8xo2BV7ia4qZLw65Keyyi6mCOENOiPIx7oXRWZbJApVVDrKI1Jh36M44daQ3Ujqn2rQgjIlTH2gKimtcY2c+Kkw5/FJom4I7OBPq5kZprqYiq4iUnBtUyVnqPG2qE6JSx2X+n0Ius+ZaBWsJ1AMakUdl8F87uguGpw+C+nmR2xIVDrFPgc1x1raMZ0A7F04510c/HT4Mjs+bJox1a/dP5LvNFp664bVX2lZDmHFvxoo0tGuuByI71jJTdo7McrjtfJqWkFkMnZR0N1A6lR1O1FfPU5LOhRHQ3YOYSDXDELeNHraa54vHBwHwIwPBW05o3Lx3ucGMdXEm6M1TDM4ssNvZ8/WXN0IBNNhWm6O21RrA4mrcK54K8nPJtBfk0N3BNynk1LT/rEDZdB/NE4Nu4ovDUwcNs3ZM0ggS8zALiKPaKh1BqCy9jLx/wCVutkaOQoLaH9IaYlwqp4s+EP2bP5QsvTuXZFapR4XJhkNp2LdNEPVmbhwVZpPKMEpHIYwEQ3UIaBqVnoh6szcOCvhx7FRz5svqOy7QhCsRBYJ5YWVtF/u4X4St7WAeWSLS03+7hcCpZvidWk/0/hwxJTceIlOiVUUmpUEj0rJEOLQJYjKMnGCqGkMebEqUoxKJloxQ4YpDVFtZU2A4ArRLEhNcFlcJhBBXV2JazoZBpgpSjyOcLjwdxMyQzoq60rHbFhkUof7xU+TtZsUdaZjzF09Sw+Gc0dyM0tCXjSziIjSWg4OGzrCtrJkokxCMaFDc5gJaSMTUZ4Zrro8FsZtHAGq5O0NGnQ3X4D3Mdqukt4FUjJPsrubFQGkHCuGrrVpKOqRVc3FiTpcLzg87XNBJ3kCpV5ZctOupzIdPiFmSQ64O9kgLrccVcyP6W81wxbgfhh+S4oWg6VY6LMsc0QxqxvE4ANI2kgfFXeg2k8CODcOMRxJDvThPNT5uLqLc7rxgcAcc6YIvtnFnjSZczdgsfmAVQzvk+hRKkEt6wu5c2n96kgnZhjTeV1uCZyRySXTOJs/ydthmpjvIGqg4rsZKRbCbdblrriSdtU6RiHVyGSZEXAvOAyAzrjghQivoc8sp9sfuoUZ14Np95x21oP+kllb2dWsG6pGZK0TJZSSoHnCRgaGIcOpo2dinQ20ACBFVpT6nMe7dwU/RD1Zm4cFB0p9TmPdu4Kdoh6szcOC0BdoQhAAvnjy1H9aP91B4FfQ6+dvLX/5R/uoPArGTo6dL8/4cPfSLuKVTBLYFA9EUIaXDYQgOSiVkLYkjFLDEmiXAeARVJmkSYMN2pT5eKRqVpZEvDiCmRVhGskDUpOQ7orZaNQ1GCuYc1ebQqE6zwRQYdarI0nMwSSCIjdnomm9Z7E+ToJaKQM1IhzW1c5KWs0kBxuO2O5p7datIcX+80UxUWjY7QakBXlmTzDTrXJPN5uCesiK7zlNiFwYlBNHfOuvFHAOBwIOIIOojWFHktCZeWiumZQXIhybWrWg+k1oOp2sdlEqy4JfQnAZq8bLuJzIA44cMO1dOOFx5ODJKnSPJWdqCHNuvbWra7NbSdWWGY7CpTG1HO8cMwVCj2Y2Ibz3Pq08wg3S0ioqCMQcSNxO1T29WavBNKmQkyPME1DAcTiepqTUOfQEXWY0w9JLeLtT952A39VUuBBuinaTStTia03rQiFEjnF/S5rBkaYgkVT/ANkAh3KkaycMdZSpepc5wyyHw1pUd1eaM3Z9QQBEkhfe6J90c1o6h/fep6TDZdAA1JSYip0pP+Tj+7dwU/RD1Zm4cFA0p9Uj+7dwU/RD1Zm4cEwLtCEIAF87eWo/rV/uoPAr6JXzh5b2E2s+n7qD2UKzJWimKTjK0cdDIOSdAooDIRFNpy8T1Kwgi8FGUaO7Hk3cMeaQc16YNE25hCXBjEZqRYUxqkwYLda8Y5pzTwYNqQ0yXKvLaUwV7KzTnYOOCoIMOqtIEE0wND14qUillndpknYUwdYVJHix2480jfRIba1PTaR3pbWJouJqShxAatCqIlnebP6Nzm9VcOxes0igZXwD11U2UeJnmwzeK0oyM7kgsuHEeaGhG6nBdrY1htbznJWjtieabji459Q2Lp5aEMOrir48fk4s2e3/AMRcFohsrr2cAOCVLwyBzvSdUnY0Ek4D4kbyUgOvu/gb3nwUhg7T/YC6UqONjlaCgXiKpiZecGjM8NaAFM5zq6hgPFKjn7ozPDXkvWig3JqBzqupu3IEOgADDAAJmXxJftwG4L2Zdk0GlT3J0JgerwoJUSfjXWoAh6TmspMe7dwVjoh6szcOCo7ZaDJzDqDGG7IUFKZq80Q9WZuHBCAu0IQmALEPKvI37Qe44AshCutxu4N3Lb1len7AZ19PSuM5xrRrbuJ3rMujcOzKI9nFtdVPSp+BqZbCLTlvGpo8V2z5P0aAjA3QR6IyL3ElMNsYP1cwE463HpFTssnRy4hgpL5ddFM6OVyNFBfYkduRDuoqe06I5fJVCGnYTCpESQjtxMMUGsOpxT8tIRnZQX9yTiyiyREy7Ka1YQi45HuTln2FMPeWiHdAzLnCgruxXTymitwViOvHU0c0E7ysem2aeeCOXiQ3HAEuNMhq6+pRzo9HjU1B+Qqa01knUFoUCyGN5obQYF9PvHoUVvI2dQ3nAVOQp6LdgVI4qOeepf0cRZHk+htpfx6v+121l2MyEKMaAFaQ4NE8G0VtpzSyNiWQ6ZZ8Et7qUAxJ7tpReoC47EmC372NXZdQWqJWPNbqAwHeU6kNwSgUxHrjRMS4qS7bluRFfU0Hx3JwuujqCAG5kXuaNeZ6k9gB1BMy9SLx18F7HdWgGvNAHsFtSXHXluTq8CKoA8JVPGj+cddbU0NMjh1qxmybtBmUzIQ6A1xQMi6StpJxx/tu4Ky0Q9WZuHBV2lHqkf3buCsdEPVmbhwQhF2hCEwBZ3powfaXE0pRgDaem+7gCdlFoi4jSiHemSB6VG4481tMfisy6NRfJzMvIB1QedX0zXM9FvUKKwEmMBTJTYUANAAFAE6IanRSyv8AsQSm2eNisRDSIsO/zQcM3UOrYihbiuZZrYhxHNb/APR27lPfCA5raXu2g20UpxENvVqH5BOS0GlXH0jmerYnQrEwoAaNw7dpTVDUEjE4N/hbtUiK8Hc3PrOxeMaThkTieobAmhWewIAcRhzWmu921TmhDGACgy1JYCYmARn8EOSYpoKaymIS/nOp90Z71IASIEO6KBOIEC9XiAmB6mYhvGmzNORXUCRAZQb0AOOdQLyGahJiNqnAEAeoXi9QA1Fgh2a9hww0UCWvCgCq0o9Uj+7dwVloh6szcOCrdKPVI/u3cFZaIerM3DgmBdoQhAAuS0njMhRC+IQ1pAxPUKLrVAtOymRxR4qk1YHCt0hlf3zO/wAEoaRSv79nf4Lo+Rcv0R2I5Fy/RHYltHZzUbSSWA5sZlfjh3J2BpBJt/bw66zj4LoORcv0R2I5Fy/RHYnQWUg0jk8Kx4eG/wAEt2ksnQgTEMdvgrjkXL9EdiORcv0R2IoLKHlHKfvmUGWeJ2nBPwNJZMYmYh1OefgrfkXL9EdiORcv0R2IoVlcNKZP2iH3+CVyqk/aIff4KfyLl+iOxHIuX6I7EUBX8qpL2iH3+Cbh6TyZNTMQ+/wVpyLl+iOxHIuX6I7EUBCGlcl7RD7/AAXvKyS9oh9/gpnIuX6I7Eci5fojsRQELlXJe0Q+/wAF6NLJL2iH3+Cmci5fojsRyLl+iOxFAVx0rkyfWIdPj4J06WSXtEPv8FM5Fy/RHYjkXL9EdiKAhjSyS9oh9/gjlZJe0Q+/wUzkXL9EdiORcv0R2IoCHyskvaIff4I5WSXtEPv8FM5Fy/RHYjkXL9EdiAIfKyS9oh9/gjlZJe0Q+/wUzkXL9EdiORcv0R2JgUVvaRysSWjMhx2Oe5jg1orUkjADBdNogP8ALM3Dgo7dDZcGt0divZWXENoa3IIAeQhCABCEIAEIQgAQhCABCEIAEIQgAQhCABCEIAEIQgAQhCABCEIAEIQgAQhCABCEIAEIQgAQhCAP/9k=" alt="" /><br /> <strong>Első lépés:</strong> a mindkét fél számára elfogadható ár megtalálása, az áralku.<br /> <br /> A sikertelen adás-vételek legfőbb oka a hibás kommunikáció az eladó és a vevő között. Ennek leküzdése érdekében célszerű írásbeli vételi ajánlatot benyújtani, mely a vételi szándék megerősítését szolgálja. Az erre kapott válasz alapján indulhat meg az áralku menete, melynek végső célja a mindkét fél számára elfogadható és előnyös ár megtalálása.<br /> <br /> <strong>Második lépés:</strong> a tulajdoni lap lekérése, melynek célja kettős:</div>\r\n<ul>\r\n<li style="text-align: justify;">Egyrészről a hiteles tulajdoni lapból egyértelműen megállapítható az ingatlan tulajdonosainak személye, és hogy terheli-e az ingatlant valamely tulajdonszerzést korlátozó vagy akadályozó jog. A hatályos magyar jogszabályok szerint az eladónak nem kötelessége tájékoztatnia a vevőt arról, amit a vevő a földhivatalok ingatlan-nyilvántartása alapján megtudhat.</li>\r\n<li style="text-align: justify;">Másrészt valamennyi bank és takarékszövetkezet a kölcsönkérelem kötelező mellékleteként bekéri a fedezetül felajánlott ingatlan tulajdoni lap másolatát.</li>\r\n</ul>\r\n<div style="text-align: justify;"><br /> A tulajdoni lap három részből áll, melyek tartalma a következő:</div>\r\n<ol>\r\n<li style="text-align: justify;">Az ingatlan adatai: település neve, ingatlan fekvése, belterületen lévő ingatlannál az utca neve és házszáma, a helyrajzi szám, az ingatlan területének nagysága, művelési ága, a művelés alól kivett terület elnevezése, az épület fő rendeltetés szerinti jellege (lakóház, üdülő, gazdasági épület, stb.), az ingatlan jogi jellege (társasház, szövetkezeti ház, műemlék, tanya, stb)</li>\r\n</ol><ol>\r\n<li style="text-align: justify;" value="2">Az ingatlan tulajdonosainak neve, valamint intagtlannyilvántartási szempontból egyéb, személyazonosításra alkalmas adatok.</li>\r\n</ol><ol>\r\n<li style="text-align: justify;" value="3">Teheralap, mely tartalmazza az ingatlanon fennálló egyéb jogokat, mint például haszonélvezeti, használati jog, telki szolgalmi jog, elő- és visszavásárlási, valamint vételi jog, tartási és életjáradéki jog, jelzálogjog, végrehajtási jog fennállását. A tulajdoni lapnak e része még tartalmazza az ezeket bejegyző határozat számát, továbbá a jogosultnak a nevét és a lakóhelyét. Ezen kívül tartalmaz még az ingatlanhoz vagy a bejegyzett jogokhoz kapcsolódó ún. tényeket is, pl.: elidegenítési és terhelési tilalmat; telekalakítási és építési tilalom elrendelésének tényét; árverés kitűzésének a tényét; a törölt zálogjog ranghelyének fenntartását stb.</li>\r\n</ol>\r\n<div style="text-align: justify;">Amennyiben a kezünkben olyan tulajdoni lap másolat van, amelyen a III. rész "Bejegyzést nem tartalmaz", azt jelenti, hogy a másolat készítése időpontjában az ingatlan tehermentes.<br /> <br /> <strong>Harmadik lépés:</strong> az adás-vételi szerződés elkészítése<br /> <br /> Az adás-vételi szerződés elkészítését ügyvéd végzi, melynek költségét ( a vételár 0,5-1%-a) a vevő biztosítja, ám ettől természetesen el lehet térni. Célszerű előszerződést kötni, melyben rögzíteni kell az olyan releváns részleteket, mint a fizetési feltételek, a foglaló mértéke ( a vételár 10-20%), a birtokba adás ideje, stb.<br /> Egy adásvételi szerződésnek mindenképpen tartalmaznia kell:<br />  </div>\r\n<ul>\r\n<li style="text-align: justify;">Az eladó nevét, főbb azonosítóit (pontos cím, cégjegyzékszám)</li>\r\n<li style="text-align: justify;">A vevő nevét, főbb azonosítóit (pontos cím, cégjegyzékszám)</li>\r\n<li style="text-align: justify;">Az adásvétel tárgyát (pontos cím, helyrajzi szám, tulajdonos, tulajdoni hányad)</li>\r\n<li style="text-align: justify;">A vételárat</li>\r\n<li style="text-align: justify;">A fizetés feltételeit</li>\r\n<li style="text-align: justify;">Az ingatlanon lévő terhelésekkel kapcsolatos rendelkezéseket</li>\r\n<li style="text-align: justify;">A szerződéskötéssel kapcsolatos költségek viselésének módját</li>\r\n<li style="text-align: justify;">A birtokbaadás körülményeit</li>\r\n<li style="text-align: justify;">Az ingatlan állagának ismeretére vonatkozó kijelentést</li>\r\n<li style="text-align: justify;">Az ellenjegyző ügyvédek megbízását és nevét</li>\r\n<li style="text-align: justify;">Az ingatlanátírási hozzájárulást</li>\r\n<li style="text-align: justify;">Az esetleges jogvita esetén illetékes bíróság nevét</li>\r\n</ul>\r\n<div style="text-align: justify;"><strong>Negyedik lépés:</strong> a tulajdonjog átruházása<br /> <br /> Az adás-vételi szerződésben rögzített feltételek teljesülése esetén kerül sor a tulajdonjog átruházásra, melynek legfontosabb lépése a tulajdoni lapon történő tulajdonos váltás bejegyzése. Kérelemre történik, melynek ügyintézése a jogi képviselő feladata, ám célszerű minden esetben a bejegyzésről személyesen is meggyőződnünk, ugyanis ennek elmulasztásával a tulajdonjog nem kerül átruházásra.</div>\r\n<div style="text-align: justify;"> </div>\r\n<div><img style="display: block; margin-left: auto; margin-right: auto;" src="data:image/jpeg;base64,/9j/4AAQSkZJRgABAQAAAQABAAD//gA7Q1JFQVRPUjogZ2QtanBlZyB2MS4wICh1c2luZyBJSkcgSlBFRyB2ODApLCBxdWFsaXR5ID0gODAK/9sAQwAGBAUGBQQGBgUGBwcGCAoQCgoJCQoUDg8MEBcUGBgXFBYWGh0lHxobIxwWFiAsICMmJykqKRkfLTAtKDAlKCko/9sAQwEHBwcKCAoTCgoTKBoWGigoKCgoKCgoKCgoKCgoKCgoKCgoKCgoKCgoKCgoKCgoKCgoKCgoKCgoKCgoKCgoKCgo/8AAEQgBCgHUAwEiAAIRAQMRAf/EAB8AAAEFAQEBAQEBAAAAAAAAAAABAgMEBQYHCAkKC//EALUQAAIBAwMCBAMFBQQEAAABfQECAwAEEQUSITFBBhNRYQcicRQygZGhCCNCscEVUtHwJDNicoIJChYXGBkaJSYnKCkqNDU2Nzg5OkNERUZHSElKU1RVVldYWVpjZGVmZ2hpanN0dXZ3eHl6g4SFhoeIiYqSk5SVlpeYmZqio6Slpqeoqaqys7S1tre4ubrCw8TFxsfIycrS09TV1tfY2drh4uPk5ebn6Onq8fLz9PX29/j5+v/EAB8BAAMBAQEBAQEBAQEAAAAAAAABAgMEBQYHCAkKC//EALURAAIBAgQEAwQHBQQEAAECdwABAgMRBAUhMQYSQVEHYXETIjKBCBRCkaGxwQkjM1LwFWJy0QoWJDThJfEXGBkaJicoKSo1Njc4OTpDREVGR0hJSlNUVVZXWFlaY2RlZmdoaWpzdHV2d3h5eoKDhIWGh4iJipKTlJWWl5iZmqKjpKWmp6ipqrKztLW2t7i5usLDxMXGx8jJytLT1NXW19jZ2uLj5OXm5+jp6vLz9PX29/j5+v/aAAwDAQACEQMRAD8A66F1UhvmyO1bNlKkoBB56EZrnYXIAyD/AI1oWztnKDHPNe9ON0eZFnSwEqcqcfUVr2t5gYfBHqOK5i2u5l4YZHHUVpRz5GeCPY81yVKd9zeMrHRqVlGUPNPAI5wfrisWCUKQUc561o296RhXH4jkVxVMPd3Rsp33LgI9etKKcrhxlfmH6il+U9vyNc7oM0uM4xTT/kVNsBHB/Oo3BHUY/WspQkt0VcjoIPfilI6+noO1JxnrWfUYjGm7xSyDj8KgLc1TQiyjc/jU6HP5VSRufqauRcjNRcok+lIKXOOlLgUMCKUfIfWua8QLmB/xrqJPumue1tcwv+NYVdikfMfxQj23uf8AaNcC4+UmvSvivHickdmz+tebsODSpfAdEShOKqt1/Grs/eqZHJ9zWqZoMbGKfpx238J/26RulNtji5iP+0DT6Mln1r8Mn3adFz2/oK9WsvujFeQfCt86dD9K9esvuLXDh92ZzRbIOCKpXA4NXT0qpcDk9a65EHOaqvyNzXOt94/Wum1QcMK5qQEO3GeaumDJrNct9avtExU/nVOw4br3rdiQFBn061uZyMsIyqQao3uSD9K37iIAeuf1rJu0H86pGbON1qMsD3+lc9BIbeYZ4Fdtf2wcVgX+nqUyBz7VaIYwamhKg9a3NNlNxFx6VwF0jxzAA8ZH869C8HxebAmelNaMT1Oh0yyYBW57V0Fq21Ap9KS3jVIh09KqvJiTApSdy4qxpBuRj1qUnI61mxz5I5qw02MVFjQnGB6fnUbuB+dQtN6mq8spwaWgWLUzAp1qLzOOufSqzSkpx09ajWT8OaYiec5jPPSs1pAhIyAM1dkcFMHFY90xDkdqLBcsTXSbTzkmsa7Kzqy8fhTLhiOcnFQGQIpOT+dTKSirk6s5nWtCaRmkjPzc+tUdH1y70i48idVKZ9BXRTagGkKBc++axdWtVmkBAGetTCrz6NA421R2lpqqXCK4I7dK0Eug5BziuDtA9tGo3cehrdsrncgJ/nV2C5szz5JHHHSnaY4Ls3pxWU8+ST/Wui8Pae09rvGeaaKQyVi7k0VoNpkinAFFXZmt0cfENuCBuFXbV9zfKo9OTUMDxtjb16kGpiBncoIPpmvoG7njIuLIwxlatQz4IHb3qlFMeBt/PmrKYcDHX0rJlF1JGz1z9KsxXDDo3PpmsxWkGQPyxU0QYjcxO72qXFFptG1bTzKwKSD8a1re8jkXEnyt3I6VzEbMmOcDr1qcTEjI5x71jOmmaKVjqCpA3KcjtzSq5x0/OsC2v5oX+U5X0zmty3uI7mMlD8/cZrCULbmiaZLsR+nB9vWoXQofm5HrVlQFGST60hkU5B5rnlSUtUXcqP0qo3Xir8yYGR93+VVdvPFc0k07MsIx+lXYulV0WrUYwKxtqVckxjmkOadRxTAY/wB09qw9YXMT/jW62MVj6qP3bfSsqmxUT5y+LcP3yPWvLCOtex/FuL905+v868eA4OO9ZUvhOmBRnXrVJx8xrRuVqhIOfT1rZGhE/QdOlRR8TKf9ofzqZh8tQn72fQ1SIZ9S/COTdp0P0r2ex+4K8M+Dcm7T4u/Fe5WH3FrhofEyJl81UuAOcVb7VWuPrXYzM5/U1yGrmZB+8auq1IcE+1cvOP3rfU1dMHsWLBeQa3IMAD0rCtG2gVfW624GR+dbIye5oXABQmsW84J9s1d+0b14IqpPz/8AXp7MlmNdE4IxWbcoWHI/Wta5I56fQ1myyBeD0FaJMhnNahZk7jgk54rrvA5AjVT1Has6Xa6Hik8O3RgvSnbJqiT0yQ7Y+D2rKd/3narTXG6AHrxmsqSUBzzmoZaLqyjj1+tSPLx16Vkmfk8ipvM465xUll4Se/bvQ7Dbn2qn5gC0hmwvanYC0hyntULvt7gc1DFP8p5xmo5JS2eaCbkjTHBrOumJYnn6VOT15NQyhSCetOwXMDU5ZX4QfkabaRu0ZWQ4J962FjTcSagvwFjyg5rKULoadtSgLBEcsfrWVfsDOFWob3UbhSUGfwqXSbZ5n82bP0qI05XuwuJeMUjX1pbK7CoMn8BUfiT9zHwenYVb8D6FLrkgL5W1U/Mw789Aa2iK1yUXAb7gLH0AJNeneCrlH05FdWVgOhBH9K0NP0CysYVWGJBgDoK0I7ZE6KB+FVYtKxNtjPJHP1opAgx2oplWPFY3ZTlGAPvz+laNvcMMAgdKyVYH5htwOuKsROuAQ272r6Bo8dGzHcKeCdp9zirSDODnHfINZEMqsOnt9KsJx/q2I9D1qGizbgkXGGPPvVkDcPl6+vpWNHPIoHmKHHqKv29yDg8j1BrJpopMtbXA69e1PHXG32yKWN0fqcH3qXbwe5NTfuVYiLbB+PY1JBMyOGRsN1BFJsJ5B/CmmPc2Sdp6UitTbt9QaRAs3yv6561Mpyeev86wSGAwfmX69Ks208sWAAGX0J6fSs3T7FqXRm1FLsYqfu+hqYQg5KnA/Gs8SrJjDYb+639Ku20hXGa56lJS3LjLsDSRxnDPj6jip4irLlHVu/FNmt0nU4wCaoNBcWrfKcio9hCS00ZXM0agpahgdpEBYYbp0qcrjvXPLDtPQtTQ0jiszUlzG341qf54rPv1+Q1zVYNLUtNHhPxZhzbSnFeJBePwr374pw5s5unQ/wBa8HCD+YrCitGdEGZ9ynWsyYAE1s3C5B7ZrKuAATWtjYrkZWoJOpqz27c1A/U/SnEmR9GfBWTNjEK9804/ItfOvwQlzaRj8K+iNN5jH4Vw0tJszmalVrjvVgflUM/T6V2MzMHURwfpXLXXEx6V1moD5W6Dg1yl0MTniqhuHQnt0+Sh1w/86ntUylOeFsk10oxZHCcjnvTp1yvTtSRxsMZPWnTZKc5+tJgYd0hJPPFYl+Cvf9a37jhm9PpWFqZGM960RnJFNJfkIz+ANQWM2zVF9DVaWbYxz39KoJdhb+JvcU7CseuwybrLOecVmTPtbGfen6RcCSyHPaqd/KEz69KT1QxwlO7PYH1p7XBA6/nWULoev61FJdjJPp70h3Nh7njrj8aUT/J15+tYDXmCcdaf9sOzr+tOwXNpJ8Ck8/3HWshLgkf/AF6VZSWHXr60WA1Xm46nmoZJyc/THWoCS2P8amEeF9c+tFgI3Zsf1zTVLOMHHSrEUDzOI4kLuew5Nbtn4Rv5UDOyRj05pWGcbdWAZiwq1YwCNPfrXXXPgy+2ny5Y2PuCKzLjw5qtrGx8hXA/uH+lDegrHH6zaPfXMVvHnMjdfTnrXq3hvTotK0uGGFQMLj/9dcT4ctJJdazLG67OPmBz716JyoAxwKUTSMSysrL1bp60jXHviqjmR/uKxqu0Fwf4TTNEkaXn5/iorNEcoHIP60Uxnj8LyIQHXgdxVxZgvK8eue9VI3Zch14PSrCFCfr2NfRM8NFyGXzO2DjsatRbgOpHsDWd8wPyt+RqZJ3UgHk1LKuasUhHfI9CanhkGflbaT2NZiSg8nA/SpGZGPyk7vrjFRYq50EM2MAnB4q/FKT34+vWuZt5xEQspYj19PxrWtn3AGNwR2rOcSos2QM87qkSNj6H61ShlxwR259KvwyIRgHGO1Yu6NEP2bcHgmnrjuuBQGHtn60deh/CpuULtR2+nepkkkjwFbI9DTYFyO2ac4wOOSfam+wIsxagBgSJj3Bq/FLHNGdrAjvz0rBJzwOCKqvdyWl1G8bc55HqPSpdNPYanbc6SHIJAOep5qYsw6/nVK1uVkBfvnHpirHmqe5/GsmnctMl3ZpzpHIu1wD2warkbj8h69gaUFh1zj3qXFNDuc74k8E2GuxMktxPAD18sBuPxrgbv4BafJzZa/dIe4mgVu/HTGK9kRvXtUgYHrWXsYLZFqpJdT5z1T9n/WgshsdW0+4PVRIGjJGOh6gc968q8bfD/wAS+Fdz6vpcq24GftEREkQ+rDp0zyB1r7kDDpk/nTZCjKyNhlbgqeQfY54IqJUIvbQ1VeS3Pzr6rx09qgkxX2V4z+CnhTxGWmtYX0e8OT5tmAEYnklozwfwIrwDx98GvFPhZpLiC1fVtNX/AJebRNzAeroMlefTNYSoSizaNWMjpvgbJ+4Qd819J6Wf3a/QV8w/AzeZ/ICuZVPKY5HPcdR+Ir6d05JIoV3xsD6E4rzYRftWVJXRrD7oqKfkU37SAMbD+YpjSBzzwPQV1tEKDM+5t5JwREmeo61zeo6bdRSF2hO31Bz/ACrsWk4xnA6gZxVSTkkqeOpoXu7FqCe5g6dHuGMf0q+9vkcAmrDJtHmFMDsaatwmeeG9M9q09rpsR7BtjItPUjdKSfYUk1nb7SNh9OGNTyXA2nnp/nNZ1xeKA2T24NZSm+50RoR7FK80kHLW7kn+639DXM6naYHK47YPaukTUMlgT0FVLzbdDGQHOcE/yNVTxHK7SM62E0vA4DULUL0B5rmLyMxyhh2I5rvNXt5I2w6YP06j1FchqKfMwI9813KzPOd4uzOz8MXe+2QE9RipNXYhW/E1zPhe7KlVbt0ya3dZlzEWz196ldhsyTOQDzznuaia4OTycZrONwd7DnOfWo2uPnHIH400Fy/JKS3X9atQyZUVjGbpyaswznA5/I1VgudBAcqc/qalb5eR9elZ1ncb8AEkn09/QV6F4a8GveRJPqRZE6iIf1P9KkaVzl7GC6v5hFZwtI3t0H1NdxpPg52RW1CXj+4n9TXX2On29hEsVtEqgf3f5/WrirkYagtRRm2OmWVgoEEKrxyRzV0zgHC8D2qRowB2IqIqhz2NBSE88/h7UCTdwQD2pvk88HI+tTLEBjoDQBC9vEMuFGe9RMY1OGQD3p13MI1Kg/rVJZiwIbke9Kw0XU8nPGAacFX0FZFy7wjeg3J3HemQ6irfdf8AA0r23K5G1dGyY0PYUVnC9bsf1oo0Fys8BZplbAY465P9Kck8oJ3YI96VGdGIBV19DxT96P8A6xCvutfTNHiDlu2jABUj1qxDPv5DnB7GqX2eQndE4devTNG1lb5lCnPUZqWgNQSLHjJJzU0Lpg7dwz61lxSn/lpkE9DnirMbFTzgj2pWKNFZpFGCwZfrzVuGcKVMblW9v8Ky1dMZDD8aUSbWyFyevBqbDOrtb6XA3bWX16VrQyJJgqa4i31BYziTI6VsWV2jkG3m+bjg8ZrGVM0UjqY/lHDfT3qeOXnBBz6gVkWl254lGe2RWtboGGVfPpzWElbc0RoQoSoII57U6RR/Fxx2qEv5K/N2HUVm6hrcNqm53HfGahJt6FuVty7IRnhT9azLiMy3ceTgA59jWBJ4xMs4jht3deeRkYrWsr8XKjnBYgY5HU9K3VOUNWjLmT2Opso8Qjp64p7Db9PrTIziMYIIHpT9wPX+dc73NkCSYfr0qx5uR3PbrVYR4yV7+9IrFfvfrSauMsBsDrkUx58HBNRvKNvBBqsxJye9HL3AtC5/2jSibPIJ59eap05Tg5puKFcvpMR/nFSxz8jkgiqStnvUo6VDiO5N9ntxM06QQpO/3pFRQzAdicZNQs+SRlfcA1IG5HJyTiuZiu1eWZuMeY3PoMn/AArgxfuJPuduFvJtG3I/bPtxTAT+H5Vmi+jAHPrxmqz6whO1Tg+h6GvOdVbs7lTb2NaWYLnJ/LtWfc37FkjQgDqT7dhVJpmkYE5we+aFSMPvckk9s9vep9o5OyNVTS1ZfW6kKFXOAPpWXdXLDIOcdfx9anE8ZJAxn0wOPxqpeOpJxg7s5Fb7xFG0XsRR6gxjBdiSCaoXV8AWGScd/wAapXk3lRuQflA9elczqeriMEhhgj86zS01NrG+uoL5zc44wfrVu2ud0iDdjAJP415/pt+bm5LFuDwMV1dnKFhUjlmzjPGT/h1rNK8gbTR08RhvLZY7oBlztBHBHuDXK+J/DUsCNcWx86EZyAPmX6jv9RWxbzJH5aKe4/TqfrmrjX+GAByp9/XqK6ITlT2OSth41NzyuymMF1j5jz2FdVJHdXloPJtbiRsdFjY/0r1rwzq2nmNLe4gt45F4V1jUA/Xjg12CLHtBQLtI7f0rsjKM9UebOlKDtI+Wj4c16aXMWjagwP8A0wYfqRVhPA/iefBTRrof72F/ma+n+PQUZ9MCrIUT5wh+G/iqQD/QY48/35gP5A1u6J8KNWlkzqtzDbx+kRLt+ZAA/WvcenfHtQDjpimPlOS0PwHpGkskkcbSzrj55GLH646CunCbE2qBjtipgeKT8qCiuWK5wpqNmkzxxVlh6cYpnmLz7dc0AQguTk5xSshIz0NDXcanHf601pwykAc/WgCBmdTwT70B2Knk4x60N97npSMu1e2KBlK6f5vX8aiRvWmXLfMcc1GrcnPrQUti4GBBBxjHQ1kahY7WMkJwM9PSr4fPf9aeHDDDdO9JpMqLcXdHPieVPlJorTmswZCQKKjlNPaI8KkcBsEkHHQcU0OxyAxA7ZPFbq6xol8M3unhGP8AHCdvtnAoGl6Pdgmw1LyWPOy4B59sivrlOD3Vj5rlktjHSaRMFfvevTNT/wBoNgCdA/v3/SrN3ol/bjcsIuIh/HC24fpyKzyxTIlUr7MMcfjT5Iy+EOZrcvIYZ1yknzf3Txj6etKMJw7N+NZNx5TglflOOuSKiSWeMcPuUe+al0X0Hzm6HC4aMAj161IkwIJc4XuM4z9KxEvWXOT9Rj+VPW5jkHU1m6bKUkarSKx+UtgevNPS5aFvlxnjmqMbqxARipHc054nyQXBPoDkVHKVc3bbxC0QG7860rfxOcja8YH1xXDTwSIOG/4COKBi1gMsxxnse9S6cWUpM7bU/FzLHsgw8h5IBrFtWudTuvNv5Qqdga5i3uLd5RLO5CA9AcH9K2DqVtcRrFa+bnp0z+tJQ5dkNu+53titlHFtTYWHcU0iW41BEtTsMQyR2JPr9MH8xXJ6fpl+mblLo7U52jn8K6PQ78wjM43O5LN2wSeB+AApcrV2tQ5ujN+11WeBtlymCOOK2Ir+OVA27g+9ZimC8TcpG41ALGSKXarHYa5nGL8jVSaOniuV2cENTJZd+e341yc8V1bSbonOP7tTW2pygATDIxS9l1RXtOhvBznrUgPHfpms+K7jk5V+cdKuRyKwHOR9aloEycHpTlqNWGO1PUgVJSZLGe39amH1/Wqu8A89KXzQe/1waloq5NcyiKGSUn7qk/kM1wtjIzQqwzkjdzxznJrf8S3Ih0i4w3zSL5YB9SQKwIPljyuPl425ry8xesYnpYBaSZY5YgkkE+lRNEC3TnPUelDSowODjI7cH8KA+ASCOOM9PwryWkekrj7cPLI4TLKi9v7x4Ara07w493H5t1cbCTwFXOB6ckAflUnh23VdPjlkHzTN5hc/XCj8q6X7RBHFhWGBxxXXh6CtzSOevXknywOO1XSFs8GG5DsOcbNuR+BP8qx7yRUhDSfK2OhJ5rqL6YTzhDwWOM+nufpXE+M7yETFEICr0x9K2morY1w/NN2mYmq3ira3LuwVFjbJJ9B19q8buvEKXDJDHKGOMEgj867LxNI+pWzafExImwHIP8A5x+Ncw/glrLNxpseZOrRnkN9PQ1j7vUdWTTtE2/Du7y933Fxw7enr9TXUWtyVj3n0wrH+dcVo92Z2CyAx7TtZTxj2I7GtmS5ZmwmWXpx6egqbJMqCR0kV27sFDHOM8VZ+0HegB5z1PtWBbzyRx7eAW54PT3P4U9LvkKDgevvQVJHUxX4jdNrHcct+VdhofjSPTLm3g1J8WU7CMSE/6lj93J/uk8exxXnFpKrIZGyAxwvH8I6n6E03V8XenTRycKwzj2//AFUlJwd0YzpKStI+ksjseD70ZFeY/BPxe2uaLNpd9Ju1HTTsyTzLF/C3vjGCfavSN34/TpXpwlzR5keTODg+Vk3+etJu9KZu4pNwqrEj8/5zRu475qMnFG4Y5oAfu9zVe5jLodpx61IWGOKQtxQO5n+SMkDJ96XhOO9WiQAR0HtVc4ZsA5+tAWG7+OetJJIRHj24p7IAcnv15prKCpHb60AjHmfLcUxTnNLewtDLx9xu9Qg1PU16EpcDpTg/vUP503fggdKALglGOtFVd3+c0UXCx8xJeYIJ4Xr161et77/aIx61y8eoIvylgR6njFSm9iPWRR7DmvfVZdzx3Bna2euXFqQ0UzL/ALrY/OteLxb5ybb2K2uB0/eJn9QM15quoxjAUjFOOoxnHzDOOOKr2sCeRnpLXXh66z51m0LHvBMR+hpDpujSr/o2rzwjssygj8SK85ivImJ/eFT6Y4qTzQR98N+Naqq+kiXTXVHeP4feQH7NqunuO2ZCufbkcVUm8Oa1FzBbx3GO8M6t+nBrkknk/wCWe7A6YJFXYbrUVIMbyAezH+laqtL+kQ6cTUkGq2Zxd6ddRj+8YmI/MA1bs9TWQBWfa3ucH9aq2ms65E48u+uQOm0kkfrWrDr2qSNi6htbgjvLCpP8qJTUt4/18xcrWzE+0RsSZTiNck5P6ZrC1XUFvpurBBwoAPSurF1BcrtvtGs5AepTKH9KaLTw5HJ5r6bcROo6JcEj8Ac1KcFumVaXQ5/TNKebawYxq3duMiustNM+zqDHtc+2D+lVJ9d0OL5UgvSenDg/0osb3T5pg0Mepxnr0U/yIzSlaQWa3NqZ5YIViXcCSC+PQcn+lUv7VntZz9oT5epNaMFzDclNjO7L3ddpx9OatXVlFdw8rzz2rJWWjRW+w3T9ZhcK0b7SccZrctNQeU5LZAPXqK4O50SSGUNExA/KrOn3k9o/lvu2nr1pOmnsNSaPQjKsowep71WljA9MVk2upAgDOT7da04pxLHkdO4PasHFo05kyMqQ3BI4zxUkd3LD33L9c0jHp0I+tMOD3APrRvuBo2+qhj8xq9FfKwGG/WuYkjAbjg47UwPLGQRkj3pezT2HzM69Zw3Xv70pII5PtXOWuqKCBJitSOdJFxnms3BxKUrmL4wvQlxYWW777tK/GeAMD9T+lUorgmMj+9+fHT9K57VtRW98TXzoS0cOIEyey9T07nNXYZWYjuPT3r5vG1Oes7dND38JDkpJM00kwCOpGCPxqK9vCtq6qdrYIB/xqHJ3g45GMnvVe5HmRMc+2MfrXLY7EzZ0jxzbtYRJwDGNjKexXgg/lVm48Y27xHDDp0IH6V4Z4nsL+zvZbvTX5OC8Z6NjuPSuabXtSViJY5QT7/171pCUkhv2Kd2j6BvvFkEcbMrKM968717xH9pmIi+Z29K4aO8v70hTvx2Gc10Oj6WwIaf1ztHf6mr5mwlVSVoKxsaGnWWXJds8+1dPCYzGCQMe9ZttbbY8KAOOBVxYz5fPUc8d6mRilc5zxTpyo51G0T5h/rUX+IeoHtVDTroTASNxn7oP8664KWByBtxjn9a5HWdMk0yQ3MKMbdz/AN8E9vYGiL7mlrF6a4RCQpJY8sf8Kkst0shJ6t0AHTNZFu4boCW9fetNLlYYTHD9/Hzv6ew96LDv3NxJEafYDuii4OOhx29/U0moXKJp0zsf3jHj0AFY0VwY4QOgIwqjv6k1mavcSLCFJwvP59aXUl3ZZ+H3iE+HfHthe7sQSv8AZrgc4KOQP0OD+dfWW/398/1r4edcoTn3z+or6/8AB+pjU/CWkXm/eZrZCxPdsYP6g124Z7xODFx2kdD5nBo8zjmqZlphm9a6jjL5lpplArPab3ppmPrTsBombvTGlz3rP8/pR5+RSGW55B5bcnPUc1QjuGDck4/OiR8q3Pas6G48vIPK0h2Nk3Bx94Ee9QPfFWwAprNluQfu02PLZI9O9Gg0u5oyXKzRlXTFUyu08jHvQMjBzzUj/Oo55HpQUQsxHcVExyD2p5HXP40x8CiwDC3v+tFMzRU2KufLcMlsyCORijnqZVGD+lONqkZAaGOXPdf0rubKOa+sg5gs5oMNuRtoK47kH+lc3rVtZ2klvNa7o0kbb5SkkZ5PAr16eIU3Y8qVOyuMtNMtpY9zwtGfQ4P+FWoNKsC2FlGR1UjBqrLfYYR4IYdQc5+lalmQIVZlA9DmuhT01Rk4k8XhqGUDY0YHbjP6ircHhe2UjfJHkc46VXF/AoDSsuRxkcfyqKXxBEqlY3kY54Gc/wA81fMmLlOht9AtogCuw/rV5NOiXgIo4rmrC7uZQr3GEVuhUFcfUg/0rWDsExFK2T6sG/nRqwsaS6bB97gN6d6U2sahjgAexrHml1BQPIkj9csM/wBeKxL2bUp8i4vFVQeQgI/rTtIV0bmpanZWgZVk3P3C/wCNc+Z7nU5NkIKIfU5qTT7Kw4e4a4fBHO0dfb1rrdOi0tIx5QIPHL5XH14q9txXvsUtH8Loq75mLP6AVr3FvBZQHEZHbcR/WrCaXHMQ0V+yr1+R81BeW7SyrbR3Ussa8MSSR24PHWknzPUbVkYErzwkToThucA5+grZ0rW9y7ZGA9cmoL3SXTLbiV9P5VhvYusxeLII64P86p2kTsdv9tieTBdeehBFVNSMRBP61zkcUyryOT3GeKuRSl1KuTkc8jHHtS5bDuWoZDERkkkc4HpWjaakyyABse2eKxfMA4yfx7VJD/ePT0ptX3A7KC7WQcn688VOCDz29q5W2kIbrj0FbdjcBhtcDGKwlC2xaZeckYJ6UxlBHYk+/SpdueOo60xwAuSB6cVAyF7Pzvu4DetUdRvJNF027uph80SfIM9XJwox35I/KtFGkYHyiNw6iuL8f6g9zfWWmbgwj/fzgd88Ip/U1liKvsqbl/VzWhT9pUUSrpUJW23v8znkn36k/XJNaVtIUw6k49zWdC5ij4JKHr7YqzFKAAwxtPcc18jK7dz6VbWNm3cSgMT83bJ6Gmuy7jjgHnr0Pfj86zPP2D5GIJyQT2pXu1kYsTjkZHr7/wA6B3IL+JHVuMjkVg3ejQy/NGArdhXSZAZueCc/Q0ySJSGZe5xj3qeuhZzsGleU+0KB69q2LSxG3lcj16cU8JtwzZJ9BV6E8YHpiruybIfbW6jjr2zmrUlspQHP4j9KqFwsg9MZpss7s2M8EdM0X6j0HNbb84bBz68ZpkiARvFcKDGwwc9x3+hqhcXbQllPI61SfUZC20sNuOR2pXsWrHO6ta/2TfGJQ8kUnzR4/u56H3HvUC3HA3gKeyj/AA7mui1GOPUIxGzceoOMHHb2qzpGgwxKkm1S56fxfzqr32BK7sY9ra3MqbghQHkluCfoO1UtVsi6szn7o/SvQHs5nGCm1MY+tZWr2KiCRQAePyosU4aHmM7gKFQcgf5NfTPwmZo/hzoqseRG2PpvbH6V8z3g8ppVx90kf4V9NeA4jaeCdFh/6dlY/Vsk/wA668P8XyPOxXw28zpzN70wye/FV2cD60xn/Cuw4iz5vv096QyZ6H9arZ96AQaAsT7/AM/rS7/U1Cp5p3BHHWkNEjt8rd6zZB8ueoHpVmdisTd/xqiWbgDkGkxokhKueozV0FUXrg1kyIyHcpxxUPnyA8k0r2Ktc2zKuev60B14wf1rGWRs8nNWIj7n8TRcOUvSgnleveoCkjdO9KJMd/1q3HIhUsMHimmBV8h6KuqwI6/rRTA+Y54NesSw+yRzL0DqxXP1HIqraWGq6hdRyTR+WI87VX+EnuSRya9pvtOtItHacRBZNoAZCR29Olc2EVgdyhh68g/mK66eOwkJe8rP70cMsPWlHR3OJutCv9xPnrJ9RVGTSdST70rqPQE16XDbedESkMmFOCRg4/rUTWcLn5WVm/unIP6iu+FSjV+CSfzOdxnD4keZ/wBnXRc7mkY1dsbQwMGeTY/ONyBq7prJE+9Gc/1qJtPDjOwAD1Faci6Ecze5zv2u5KhXMbLn7yj+lTQXxUjcT+Nar6eig/u9p6EjniqU1ieRtUj6YNNRdxNqw2S+BXAYAfjUUZSZwHOR6VastHkmfHkcepNdNZ6bBZxjeFL+nX8q2so7kXb2Me0SLKDbnaBj5SP6Vf8AJhc5diqAZI7Guo06EFWeZAqD1GKytR8mZFaJdv7wIfcVF7vQq1h0Tw2Vg9wY49x+6CO54FZltezxAuxBDHPf8ePr6VB4hnkDrAsb7IRngd+35DJrm31d1bbhlA4AIx+AqorS7E9TvE1GOYbZMc9jWTeonnM9o34CuY/tViARwOnHrUlrrPl5AJZe+aFZBY6KO9TBEy4Yjse30qtPOA+5cEHsKxrrVEb5lHbp0qFNT8xsEZHrTvqFmbYly/HPfBPStO2bzFUd/U1QsbAzWscySp5p/wCWWfmGehI9COa0IoHQHcSG7g9KLpiLKcg5/Q9asQybWyCcDFQhQB05A60qnGcEc+lS9Sjo7G5SVQMjcKuiNWwcgD69a4+K5eGQYOT681sw3byRZ53D0Pf6VjKm+hSdzQvrWC2R7l5vLSMF3OeigZJ/IV4pBqr6jrF3qLgk3D7wpPIToowfQAfnXVfFLXpbfQI9NWXM98wQ+oiHLH8SAPzrzrTpPKkPToO/pXjZlVd1ST2PVwFNJOb6nbx3yvGeAOBn2NCXKoSA+Bnocjn19h7Vz4uVOdpBfg/SrCXBK/Me3f1rxj1Lm7Fc5V8kZHbOaa7nzevOysZZTkHA9q0bbBYF+SR/WpZaZcgnbJDdcDn8atrK20D8c9qpgKGBxgHj06VLFKhOdoHbAo0Y72JmZsZPQdSR1pYrsBSDgZOKjllGVXGOpINUb25giKguoP60WHdGk0xJycYHXPr6VWub4K4w2T7mso6rFgom5iR9OahkjkeEyhCc9gfWiwi9cTecSQevANc/fSurH5iKvWjOPlbIPpisjxM/2cE+p4/kKLA3ZFvRb4m42seOn413mkyRqwLgFeOQenuK810MbAgJ+bH6121hMEQENn2FO1iou51c8yhhsb3+tYGqSh1kPTGe/enXNxi3DL0HJx/OsK+u1ETtu6jvTvc0vocVqiefqTxJ1kkCj8SAP519R2MQtbG1th0hiWPj2AFfOPg2z/tfx/Zoy77eA/aZfQKpzz+OK96N9uYkEnOfwrtoLdnmYl3aRtllGeefamFlzzzmsY3jDvS/bM966LnLY1i4+v40nmDHX6Vk/a/9qkN3wME5pXHY1/POOKTzjjOf1rJF0ScA801p3BzmlcdjSuLobQM96rrIdw9O2Kz3ud8nuB1qxBKGHqTQOxdeTOAen1qtMAQcGlLECmErg5bHrQCIPO2nHGKsRT544qrKg5IIoTAAxn3pFGh5v680+K5KH1qgZQOpFMMw9e1AG8s0ZGciisD7R9aKrmJ5TmdOv31TwPa3LkbpDzj1HFUkYgFeOnrWF8OtUil8DWliH3ToxZgfc1vfQYPevNxLXtXYuj8CNbQwTBOf7rZ/StK6hSS3yyq3HcZqjoYzZXJ9Sf5VftXEloAT045rkrx9xMJK9zjtTvbmzdvsxx/snkfkak07VJ51zcWsTsD1TK5/pV7VrVGc45PWotNtwgbIqaOY4ujL3ajt2ev5nDOgnIsG9smx9oimhb+8cMPzFSpcaQxHlzxFj2Y4z+YrM1RlRGOOe3auU2G6vARyK9ann1ZL34p/ejnqUlF2R6XFC04URSIkZ/55YY4+var1naQRuWK5b1Pf864O2tGUBo2ZGHcHBqzNr+o6Ood3FxH12zZP15HNdlPPqUtKicfxE6TjqdzPL8jKoHTpn+lZPkZtl3A48zOevHXNWNLv49XtI5GhkUkA5Q7sf1q5cxxCBUilBJJHOAQfcHn1r1cPiaVVfu5XIcXuc9a3Fs1zIt1KGyxOCMde35ACpNQ8M2V+m6Hbz6VpPp9oLcI6pvHVj79Tx71VjlitztU8Hocmum99YkWtucZqfhKSBmELk/yxXM31rPYNiVCPQ/1r1xJYXRizHOO5rO1GzgukKsqtnpjAOaq/cR53ottLq90ltAN0jduw+p7AV6LZeALWKINPfqZOu1Y/lJ9Mk5I6fWqnhrSl06+lkRQhkXaGJ565I+px+ldPBdQpDNFcLIZiSUkR9wHHUqcDrXDiMROnPljob06akrs4fULC98PMhuZY58ksZYwQHY4zweRgYAB7Crthq0F4oD5Dgce1XfF1xCdOhiLZleQY+gBJI9un5iuTtT5JJGc4HSunDVHVgpSM6keV2OujbkZIA+mKHTy8kdOx9ay7TU1bCy4A6c1fEwkTOQV6itzOwpYgZ4Pf61ZtNQCYRv3eP73f3qpHJjLEEgdMiub+Imupp2hNFb4W6vMxJyMgY+ZvbAOB7ms60404OctkXTg5yUY7nl/jXxUdd8Y3VwpP2eE+Rb5/uDPP4nJqxZXRkAH3R61y2oxpFLAsePM6tz0HvWtpcgAHIH16V8pWl7R873Z9BTXs/cXQ6mzbHfP0HStGN8HA69BWFBdJwoJZz0Vckn8BXRWGn38ihxZ3G0/7HX8M5rlZ1xi2h8akNkZJ9K0FuI1AAbHqf6VnXLNCxSQNHIP4WBB/I1T+0YJGeD3FTuJppnRPfRquXYZ/pWdJqiB/lfA74FZ+zLFieT6/piqt2rLyF474FVogbbNa4vZJckyEqfSqhcIu5iSfrWXBfCBtsxO3sOtJcXYmmBiOQB16UNCua8c8W0Z69OK0rbUdoCDnp0xzXKvP5aYyPfHNOttSSMMHJ/8ArikkaRkd9blHUPhQTklf05rgfiVeLA1k38LSAEfQZzU7eJfJG1DlfUmsLxNIuswqSSQhyCfyrSmveSZNWS5Xbc1tCuY5owQc9K6+xlRUAJ+mTXkmh3kljcG3lP0rubO9BVTnJ9RUzi4uwoS5lc7D7QFfGflGO+fwrlfFrnTbpuR5Ug3AZzg9x+BrUgk8xNyuAy85PIz2Bqo1jHreo2jXTf6LaSF5Rnl/9kfXHNOMbuxc5Wjc6D4d6d/ZGlSXtwAt3qGGx3WIdAfqea68X2AOfxrnmvA7Zzgeg4x6AD0xTTcjPX9a7YtRVkebJ8zuzom1ADqTmmnUM9OK5w3I/H6003Pufzo5ibI6T7eBn5qT+0F7tiuXe79D+tRPdnufyNLnKsdWdVC52uB6UHVZGB5yM44rjJr+NASep7Zpun6yqTss+fKfofQ0ucdjuYrkBfmb6HPr1q5DfRRL98Y+tc5a2i3qgwXRPtmrCaTIG+eTI+tXd9BGxLrCk4jye1RrczSkFuBUENtFB1OTVjz4x7GnqBcgduh6e9SSSKoyDg9cZrNkv0UHBAHtWdc6hnO1qd7CNeS655IAqrNqccX32x+Nc7e6oUU/OK5e91B53OWwPrUuVhndv4gh3HDCivNzKfU0VPMwOX+EuqPHr4gdjtkXAB9a9rKt5nPSvmTw5fHT9ZtblSRscE19OWMwu7OGZDlXQHI75xXNjY8s+YKDurG5pA2abKT6nn8KhtpdluxB4B4q/pke7QpBjkk81k2IMkEsY7E/1rlrq9NIfccAJsEdeua0EtlCZAz61n2qMjDdxxity3kQREnqK4Yx5tDO3c5XWrNpcqO9U9K0vy2IK89jiulkZZJjnGfTFTQQKs4OBiqlBxVzHk5pXM97PylOQOK47xXKGJQdsCvRNT2pCW4zivNdWj33u/tnofWs7X0ZdSneJ2Xw6mMFlH5h+f071382n2eqQhLy3jmXOcMDn6gggj86848KAR4JPPp2FejW10scIORn0rtoysZU42VjBv8AwXaLIWsdQvrTPRQ/mr+Tc4/GqcHhLUfMYLeWlzBzzKrRMfYYyPxroLq9BJdmwvbtWadeUb1ibJHQda74ZlXpbT0+8mVOm90Z83hWWFiWWYHH8DB1HsCMH9KYuntG2Ds3DjCnnj2OD+laum6ncXE5BU4PHFdLb2azgeeiyZ7MoIH5110c8qy0lG/4Gbw8XscLdPAsfk3S7Qeu4Ff1P8xXN6tPeWqb9PvklgB58xA7L9COte1N4b0yZNstnGVPGAWUfoRWPffDfRp1c2ZltJG7qxYc+o613xzChU/iw/X/ACJ9hOPws8XurZ7wG6F1Jc3OMEPxgccKBwPpWJJNKshD5HsTzXousfDbXdLdpbLF9B6wnlR6lTz/APqrkb/TbtX2T2rpcf7YI3e2PWvSp1ac1+6ZhKEov3kUbe5RSM9T6nr9a6HS5nmbbJtCjAJrmTD5Mu2eN09mGPw5qQSlFxHuKDrkkEe+emKvnsrslxudvMrROGjddh9fbqa4P4kaZY3l4LtJZBJDZqM7yQzkk4A6Dgjp14zVC/8AEht9PvjA53FFRGPu3zYHsAOay/Fl8bma1kjYCOSBJGC9MkAY/SvMr4yjWg4x1S/q51YejPmUk7HE/Y7ku8jEY9XP9a0dH0u8u5A0jmGI/wBzqf8ACrtmonkG7GPQ10tum2IbRnHOMdRXjVJqKPdoUlJ6mz4WtrPSYywhBkzgYHzN9e9d5psxeJZZ4Mg84Q8j6etef6Q2y3W4lwWYnB64GcYrZ/tfAGHx7j0rC32jtck37uh02sWFpq9m24rLGRxIOWX6dwR6V5PfxvYXs1pO4LRsOR3BGQfxFdZD4jC3eyBS8j/6xU6H0Y+mK5LXL1dQ154rNTLcbVVwmMA89+g4I60r8z2M6j5lbqT2t1vKrkHH51ckljZCCe/ORW34W8EwzRG61y68qP8A55xHA+hbHP4Vu6j4A0i5sjLYveQN2YSE59CM5BqeVvYyStLlZ5hPaiQsyjI9aryJ9niyoGP1rcu9Om0edrW6cSKeUkAwGHfjsenFY2oYCEdVJ9MUeo5Rs7GRc3W49/TFZxk81jtbgdx3qPWhMtu7QA5J5we1R6SvmxKe/Ht2rVRtG5zOTvYsiEEgnJ74rVs4S0bJjjHTrVdE24zyAfWtC3kRMlSfxqb9i4o5bWBtCsDh1YY7VraXfSJGu854/KrepeGLm5s4dQt8SxSFiUXqpBIwR+FZ0NvcRyKssEikcfdNXUd4ozjKzdmdDFqzxoNxGB0xW9o5lS1D4w0vzH29P0rmbK0JkR7hGES8nPGfatifxDHAMJASB2JxUwhJ6hUqxfutm95sv0/GmmeYduK5CXxdOzkRRIo9zTH1+7kByyge3ateWXcxdSB2YuJcgKuT6d60YbOSWINM7IT2rmvCrzXMwklckV21zcLHCFPX19KaWupPtF2KQ0uP+KVj9KcLGBOck/XiqF3ftztP5Vnm7mYnDn04rRRRPtUa02mW8hzkg+1Nm0ZTEQrqay43nc/fOe3NalnHcO33mxjkEU3GIvalG3jvrCcGAsPYGujttT1Jk5hdqvabpxcqzjit5mjtICBgcVCXLsP2hyUmpXwJ3W5/HNVm1C8OcREH8av6lqBLHkAc8VHayloHc4xVXYvaeRz19rjxEiU7TWTceJo8ECTn2rM8U3Anv3UH16HiuantthP070ldsOc6efxDHISN2frVKTWQxworAVdp/wDrU5jz3FXyIhzZ0CX25QSxFFYiOwXg0UcqDmZxa8NX0J8KdSN94djidv3kPH+FeAzWzxnOMj1r0H4Qav8AY9V+zSNhJB+vFVjqMuXVbBQqLm0PpXRSP7GYYP8AFXPacxjuZx2b+hrodDOdIwOfvY965+wYNek9ixFeXUXuxOqO7K15Oyu2zOM96amoPwp4BxWhcWQacjGPb3pyaIHO7B4544rz43jIykr7Getw0c+9j8uK07O8EgLA8Ci80gCIEduOtZTf6GTjhe4qqlRtWIjGzNLU598HBrhNVlCTH1Brdmvwytg8da4nXb4eZnd61nFXZrN6HVaNqixYAOK6yDWUeIbpAAPevD01ORW+Q/rV2PUriRQPMfHoOBWjbiedOvynqWp6zHINqS59hVCxZhIXVuW5IPNcFDcyxtvyW9iSa29N8QRoyrMpUevWpUubczVa71PUvDb4n+avRNOVWQH2ryrw1qEE7I8cgOeuDXo+n3qLEPm9K7cPJdTrg9DotwA7YpnnDOBWTJqCkcH61Al8vmBdwzmul1EaXOhR84PftzUd1bwXKETwxSg/30B/XGahtpwwHIJqyxBU89qtMZyOuaBpDoxbT7fPPYivIPHEMEdpJDaRpEo/hQYB5617frWDC43Ada8N8bMI55FHJbiuHFVZt8rbt6siSSWiPLL2yM1s8XTcP/rg1jNPIbZYps+bB8pHfbngiuuuHUBs4zyKwdTSKVtxHzjjcP5e4pYau4e69iKVRwdnsU7CceauW5P4V1FpcqYNmcH+tcaltJJKFtgXfk7V64Azn6AAn8KtwX7RgbgQexHQ+9dc/fV0erRrxtodZBeNbwNC4LQkkgjt7VnXd6EJHmsqd8DBx9T/AIViz6zhfnbA9PX8KqwRXOqy4+ZIM/ifb2FEVK1maSqJvTc0pNXnk3W2jDYWGHkHP4k+tdN4Q0oWm3ccBvmZj1Ynr7mpfD3h6C3jBfCgc7Qe1bkdxBZahEzrujHvjFPnS0RtTvHXqdNZ7t0cl1gRRj5E9PcjufrVy58QMEKKwEA4IPB+tcZqmrmEthiyN0xzn8qwbi8nuFdrif7LB+bfl2/Grdloh88WrvUu+N9UE9pG8S+ZNHKVwgzx0JAHbGK44332hTkjr09/Q12/guOwuL4OzSLCqkIWAJkYjqc9BVD4m6Hb2j22pWKiNnk8qZV6HjIOB34NQ42MJTbepy6wrNHtI5yTn8KykgWy1AxniOQbk+vcf1res4zhScVT8TWm60WaL/WRNuBx+Boi76MiS6isBx+WaazBnwp+tVradZIQWIJqzbQSXEqJaq0kp7AZ/H6e5pJDv1PUvAemRXnhuLzsZ8x+PxxWrc+F4DyhINcpo9/eaXbR28f3V69ec8k1u23iC5cgOnNdKi0jzZtSk2U77wwQG2SGuX1HwtclWMYyOetenWc8t4cGE4NbkWmxmI+YmPrSbaEtT5qn0e5trg+ZG386cbZtyIoOT+Yr2jxHotudxVVFcdFoyG6344HalKV9iopWsXPDNqLe1UkDgVPezGVyQeOankiMFuETqTUttpzyAEjPeqjbdkvUxvLaTkCrENi2eRxXQQaSVGdvNXobHaOgx6VfMKxg2lid3Iro9Nsc4yOnrV+z08E8qfqa0xEkMeT1pAQDZbRnPHaub1vUeGAJxVrWb3G5VJIrjNSuGc8EHt1ppCfYnEvnuB+GK17oC201mJ/h9fasTR4WllXPNXPG1x9k0h8HB20pDR5Fqt/u1ggHgtWvJb+ZCrgcY7GuDvLktqm8no1el6OVuNMQjkgfWhq2o+hgywFe2Pxqo6kGt+8i2luDjntWZLHjnB4rRElIFgKKVl5/+vRTEZrx5TBFVtJujYatFKpwUf8ArWnInFYd6Nlzu6Zr3MxpXpnDhJ3lY+vfA9+L3w3DOpyNjZrDhufK1AEYwXz9Ky/gJeve+Er1XI227FR+K5qad9sjH0Ymvkq0UmkezTd02d7PGpkR8dRV+2K4AxmshZxJZwPkcrmrVrJwMVzSj7zE3Yn1IARHb+Ved+Ir1o2YHoM967+7lzE2Tx715j4vcAvyOfSsJxTkS9rnL3OrMsjYPFc9qN35jE559c1HfSkTkA1TcFm46k44rSMbHJVqO1jT0m0a5fOM84Arr7DQXnwqoc1Z8AaQJo13L81es6RoSR4LKBx0rOXvOxnTocyuzzWPwxKcIV5/TFOn8JrAm9ufUV65NYRofkXk1l6tZDySuMn60/Z2NVQijzS1tvsEoeBmVfY9K6uw151jCmYE1g6wrWpIYYB6ZFZMbAchsHrms3eL0C/Lsekxa0zpwcmren3xMm5iM9K4axuPLgUs27nrSXWv+SjYGW6DHFV7R7sObuew2epxLwXGeM1orqKOOo6V89L4ouUnB8wEdwa37LxXPlSQdvp/9at4V31BVUem67egRNhvWvGfHLp5TuD83+Fa2q+JZptyjK+pPTNcL4n1APbSb2BY5xUyi5sJVEzk7jUA6tk8nNZN3OW+6TioG5yR15qMknOOfSto00hRaaHRzMrEgkHkcemMH9Kz2jKSEEnHtV/GMZHSmMQc5Ax71vCVjSFTlfkR20ceQ7gH2966bSLuKAqWxjt7VzKbVJwOP0q2kgxnJA/GnJ3OulWjc9Ft9RRol2NyBjmq11dxsT5jdvWuFj1AxE7ZsfTNSR3st5KEjJ3Hu1ZqDR1+2Ny81bywVikYA8dT+QFQ29vcXqiW4BCKc+Xnk+59qsaZo6xgSS/M/wDfPOPoKvSJHAw2n5j2Bxke9aJxiUuaepoaJDcySqllEWK9SOAB7moPiXetBDY2MkweR5fMkI52ADA/Mn9Ks3HimHSdMEa7QxH3QeW9q4nUpZNQtLqa5wbiXkZPTByAKa993exnNvZlqK4KIoU+nTpVqOTzVIcZXHPPvUUHhrX40hD6PetuUMrIhcMCAQcj2Ndx4R8CXks8dzrMTW9uh3CFvvv3wQOgzilbWyJ9pFK7Z0tt4H0e7toZrmwjMzxqWIyuTgZzggVs23hjT7G3K2dpFCD12LjP1PU1sxvgjIA+lXM74+MV1qy1see231OMfQ0MpG33rQ07w2rSDMfA5rqLGwEsgYit2G0SEZ24/Sm5CSM7T9Ghtoh8ozWV4jv4LKNhkDH4Vp+IdYhsLViWGR714p4l1uXULhtpO3PSsmyti1q+uiSVgp4+tGnSCUgjHvXG3MhVl3HvXX+EozNt+gpAb9nYefIGYcVuRWCouAP/AK9WNPtgi9K0ljGB+tJO47GaLQYGQKlhtFz0Aq8yDsMdgKU4RTn+dVcLESxCNCRwfasXWboohCn14rRvrxUQ8/rXG6tqAJYk800iWZGpXbFyM/0NZDPvfoc0+6mEj8YxmmQR7mHf2rVaIg6bw7ED82MY5rk/inqKrCYw1dtpcXkac0jcZB614n8Rb9pr+UbuAcVnuy7HCSNulZu5P9a9J8EXIktQhOTjoTXmgBzwc11/gi48u6VM8f41rJXQHb3kAJOBxg85zWLcQHBAHFdg1t5kat6gdqpzWijqPy4pRTZDdjjzbMT0NFb7wgMeBRWnKTzHLXEDIvf86wdSjzHuH3ga7PUIMZP1rnbuIYI9a+jr2mrM82jeDudR8IfFraVOdNwwjuSQxAzyRgV6Vekhn755/OvnW3uZtJ1FJ7ZsOrbgcd69z0jV11vSYbwH5mXDgf3gMH+VfJY6m4taHtUJaHeadMW0+1yeMYrbsiEj+c5981zGnOf7ItmP4VNJqgjUgnn6159bSRb7m5f3UawEnjrXlfiq8RpGw2euK09b10iFlL/gK8y1nUpLiZwp455PeohByZz1aqSsRXDLJOxFWdLtTPcpkcZrNtc+YN3NdToOwTqcYGRSqvlM4pTPWPA9iscaNj0r0uDaIgOAa820DUI440UEACuxtdRRowdwI61yU6mup2JJLQ1JplRfXiuR8Qaky58nkjPA9a0NS1FNp+YY9a5LWNVto4mDOu8dq6HNvYznY5TxDqxbP2pgp6AVz41ZCu2M8jjJ61W8Q3P2p3IPHtXKyGRTlXOaSipnJN66HoFprKomJSPz5pl5qELfNuAHt3rgEeVpAXLH681ogsyDdUzhaxN2aPmtPcl1PHtXSWRbyB85ziuVssjIPTiux0KEXCqrcD3oU1Aahcr3c0wj2t6d64zW2lLMGO5ee9ep6npsawgkZNcXqemFixC8c81UcTG4p02cH5bA8VKkXGTxx1rTmsjGTkcD1qpIQnYV0KaktBRuVnj2j2qs656VNNOvOKhQ7h+NaRTQ3JojwB1q1p+ftKbhlc4I6j0p1vCGOT61u6NpokcOw49KVWooxbZan2L0HgiLVIxLY3It2POyQEr+BHIFUdQ8J6no7h/LWdBzvgOR+I6iu+0w/Z4VC46dah1KaSQ7dxC465rzY46ona9zqjWaRxMeo3IiEZt5Q44+6RTHiu3DSMAjYOAT1rVuoX3Ha2T9ayrq4kQ4Ye2c1usRKWyCWMmlZaHOXMU5uGa5Lbz09vp2rb8M6Pda5qUNtCDgt87nOEXuc+uOgqC4ffnIz9a7r4XS4cqOPm5H413UqjnZMSxV1tqezWdvHBbwRR8rGioM+gAA/lU0qgD9afbxl0Qr6DmpJrVtvc12sRlTOAwxjjrV/T1aY4FJHpjytjBxXRafYJAnIoAm0+3EaAsBWd4k1WOyt3JIz061b1TUY7SBsnoDXknibV5NRu3jVvl9KQN2MvxDrE+p3DIjHZmqI0t1h3sDmug0LR/MkDOua6u90qNLQ5Xt/ShpJCWp4jqsDCXp3/rXaeC12RAn6Vk+IrVY7n05/rW14TK+WMYpSWmg47neWsgIAq+jE96yrTqKveYFHUVCKLJYAVn6hPtUgflTLi4IB57Z61gajek5G7g+9UtRXK2q3xAIya5DUrpmJxn860dRmLk4/SsWWMyNjkVrGBDZVVmLA8/nW1o8BllRcHHFQ2diWI44+ldZoFgIyGYdKJKwIb4huFsdGcDj5f6V85eKJmmvm7knNe0/ErUhHF5SHk+n0rxS4X7Rdsx5680QiF9TNjhJxxWzoINvext057/WnRW6qOlWVjKEMordQJcj17Sh9psEI7j19qhubZgefyzVfwTfB7YI55HtWzf455HFZ7OwM5ea3PmHj9aKvSEbzzRV3Jszn9QizuJxg1zd9EAh9anvvEULMcyKB6daxL/WoZQFiJyfavZq4iC1ucsKUjP1GPzGwn3h6V2Pwq1AxXk+nyPhXG5AfUdQKzdJ0aW+AKOFDd/rWte+E5NJs11Ozkd7mBtxxkcV4WMxFKo+Xqd1FSie2WoJ8Oox6r/9euO1i+aObDNgc+3euu0C5TU/BNtdRdJI+fryOfxzXD+J7UyTITnJUdK8ystV6GtR+42jB1KZrgEKxPtWG8BBJbrmtRxskxVeeRWQg4znmrirbHnTk29SoihQfTFWrC6MLg54qnMwOAnAx1NNhV3OEHfrXNVXM7Fxk0dnY62y7RvI6V1Fh4ikaNURiWrz7TLJ2cFs54rv/DmjFiCP8a4+RJm8JSlsWrq6u5oyxYgVwfiGSdpiCxI56V7OuhBrY8H6VyHiDw8d2I0rW2hU4ux5aCzKcdcVXaEkksDxXfQeFpA5+UnNSTeFJGRl2deQaSbTMuRnE2sSlhkYPFaZtQjKFAJbtUl3oc+nudx+UetPtrhWuFHUjik1qK3c39G0FZArbfm75rs9M0q3jXBQ7vyrI0S7VIl/Ct23u45M5dc9ampS5jeLQy8tFkG0jHNc7rtuluvyrhTwTW/d3m1cc5rA1eYSQ5fkfpWDwrWoNpnHahDGY3OOOa4XUZthYfXHNdPr+opFviXqa4i+m3k8+tehhKcuolC7IGlJP49jVm1bJHp61llvm/wq/ZsM8fpXoTjZBOmrG9a4yOldJo7qMbjgemawtNh+Tca1UZQoxwRzXkV5X0RmqdmdhDcQ+Xj9ayb+5d2PlfzqhYyNO+3PHtWrHZgsoGT61xQp8srs0s2c9LLJ5hLBgaoag4dPfrXW6xZxQorICOOh5rkbv98SMYYd67qaTdyKkbIpx4deetdp8OGEd+RnAz0rkreDjPvXS+Ez5OppzwfSu2nZSRzpn0RpLBoI+n+RWwsasB79K5rQG328Zz2BrprYHaK9BnZDVFiCFF5IGTVbVL1LaEnPNTTziFMkgVwnirU96MqNk+gpLUpswvFGvPK7xoxxzWJo1pJdXCsVPJp8Nubq5OQTz3ruvD2lKgU444qrWI3NXQdLEUQZhUmvbYrVh7VvRRhIcAVyfije0bhc1DL2R494suQtycHv61b8I3JKe1c342SdLhvlPWtbwCrPCu7rTexK3PS7aU7R16VM0xJ74+tQQKFj5qOZwo69qlRZTYl1NiNsnFc3fSkk46eoq1fXBAbB+lYFzcFj1raKM2yG4c7u5qKLk+uaQOWc5z+fWtC0hDEcVpsI0tKjDbeOa6ZStvZu/saoaVafKuAah8Y3q2OmuAwDbemaxkykjyTx7fme/kwcgcCuMt0LMT681oazMZ5mJPJPNQWoAwPbpW8FoSyZU6GrIXgcUAYAp6ge9bJGbNrwtdGC6CA8ZyM13l0fMhDDPTOa8wt2ME6OOxFeg6Tc/aLIDKk4rCqrO5cXcqSA7jj+dFSyjDkcflRWdyj5978nNKpwQeuO1JzVjyy1uNqZPrWhR6H4C1SK6K27fLKvUeor16wtoHtjHMoKOuCPUYrwL4cWzSeIEkGcIpz+Ne7BiseAfSvJxcUp2RcNjO8Kah/Y+rX+hXkipaFS9tk985Ipni5NkMM0Y3LjGQawvH+nvdWq3duxW7t/mBHcZq3peprrnhI5INxEPmHfpUym5xUu2hSV4uPc4zULv94QBjnrVN5i3HepLxN0x4ogty7AA/WhVLo85x1GRpuPOcVvaZbI+3A4zzUMOnrtGfzrY0eHyXG7ketX7qVxJNs39K00ELheT7dK7vQ7XyAo4IwKxtEVTGNo/LtXSQDyyMdPavNnUTlZHpwp2R0UDp5e3Az3qvd2cczH5R+NVYp+eTVy3uVJ+Y8e5rZSuDC10qIcsoz69qfdafEqn5RV+OQCPI5/GsTXNR+zocnpV8qE9DmtZ0mKYvvXI5rz7XdFFmGmgHf8q7qXXYZAy5Gc8Vganci4BUj5T2NQ0YyszlbXVCiY3YYDkVImtTNdqqucVz3iGH7Ne7kYA88CqukTmS/GelWlcw5j1u1JuIlaRiWI+tZ2vIYbUnqvf2NaWjIfsq59Ooqp4jTbakPyD0HpVI2jseJ69K321zkkHpWHI5dvQZrb8Qpi9brWGwIJFd9FKxtEaMZqxA+xs9qqk89acshzgVq1cbO20q5SS3UAirE0gUHBA455rj7K4aIjB4q+bt3wM815lTDe9dbGb0NCzv5Ib4/OQpNd/o93G0CMzdfWvMwnQ85rW07UJ4QEXJHpWdWmpaohTsegalcQTxjBH5//AFq5e8t4/Nbb3PamRyzSgE9fY9KsRRZYZ69zWUEoim3Mrx22B6Ve01PKv4W96W4AVOOPemQsVkRgeh9a6VrqcrTiz3bwo++1QcHgV1ayiOIHj61xngVvMtIznjHr7CupvFYRkLnv3r1LaJnXTehh65qmQyqc1xt4ZLlzjPNdZNpMk7kkEj61bstAUcsooWhT1MHw/pDFldh713NjbrboBgVLZ2aQR4A6U26cKxXP60nqMdc3YRMAj6VjyILpyCPep3QOSc/rUtuiqfQ1VtBHKa/4Tt75SzRg+9YNloK6XL8gAXtXp0xG32Nc1q4AJ6ZzUWYzOc4i4rLupWUNgkD61qAqY/b61j3+DnB/WriS2Y95LnPOce9ZbruPerlyjM5APAqOG3bIrVaEsjtbMtIK6CxsyrDjjiqtnCyt04roLNMBewqGxo0LQLHFnsK8u+JeqeZKIVbivS9TnW109mzjivAPFN8bm+mctnnAqVqxs5+d985x071NF972qqgySTjNTx8Hj1roRNjQBwP8DUitiq4bjvT0PPbFaozaLLHKnHWtrwvqRWURE/nWFuGDnHSoIJzbXSupx+NTNXQ46HqMke47geCKKx7LUxLbIxaiuSzNjjIPD9jEoOzJ9zWdryRWtttjUAmulbqa5LxSTlee9clOTlNXZq0rHSfCyz3CWcj7zV6iIiV61w3ww/5BQr0S26CsK+s2EdjF1C2aQHP3eeM9a4e4gk8O6oLm33fZJuJFBJH1r0fUen+fWuP1v5oGDcj3rm53CXkS3Z3RiXQjlJkj+62SKiscCbBxj60/pAuKqwk+YOamD3Odq5uyHABHSprabLqoOfXHWqSk+Uee1Q2hP2kcntVTk+UaSTR6n4bYmJe3TjtXXxkNGM9fWuM8Nf6qP8K7CP8A1Z/CvPj8R3x2BsoDkjHrmqhvwkgUt+tWbz/UVxt+T9qPJrqhqZzdjvbTVVkXbuqrq4F0rKQCOciuU0t23j5j+ddM5PlHk9K1uZc1ziL+w8t2VDgfjWNIJ0ZjI2VXpXYap2+tYU4G48DrVXMZLU5S80yW7k37Tj1NR6bo7xX65XrXd2ar5X3R+VTRRp9tT5V6elNE8nUu6PC0dsqsOQO9UfFMYayaumiA8scDoK5/xN/x6NWnQ0Wx4X4gINwfYkVz0w2selb3iH/j9k/GsCeuyhsbIrOaWPr+NManRd66ugy7EvFXoCNwyKpQ/dFWI/8AWLXLPUiaNlEzwo9q6jRNGM0W4rk+9c3affSvVPDAH2McCvLrzcVoTCCbK+n+HT5QYikfSxHKB0Fd1agfZRwKwr//AI+K4lUk2dPIkjidYURPsHQdaypLgKAAff8AGtTxH/rJa5aQn1r1KWsThqR949o+HOvxrbJGzDI7V6PHqEU56jsRXzd4OdhKMM35167ozthfmbp616UJXgXHR2PRonjK9qs+dEmOR781zFu7eX949PWo7qR9v32/OqWpbdjduNUhQH5hXO6nrMe/hhXOahI+4/O351gXrtuPzN19a3jFGcpM72HVkkUbWB96v2l2ZHGCSPrXA6YTtHPpXXaX94USSFFnRSfND1rmtZOOv5muib/VfhXM6x92s2jQyfNHlMM4PXr1rFupGLn/ABq2xPPP+c1UlHzH604klZcliSKuQJkjjOKjUDFWrfr+FMRbgjGc4H5VowjnAFU7bqPwrRg+7UMs5H4g6p9nsXQEgkY4NeG6jJufqcnmvTfieT5vX+L+teWXX+u/OqghMIvQYGKsxAZ7VWi61YjrZEsuKwzx1xT0Yc8flUC9fwqSP+taJkWJHbr9Kqzjcp9uhqw3Q1GaT1HYW1v5IYgm7oaKz5Pvmio5UO7P/9k=" alt="" /><br />  </div>\r\n<span style="text-decoration: underline;"><strong>Adó és illetékvonzatok</strong></span><br />\r\n<div style="text-align: justify;"><br /> <strong>Lakóingatlan megszerzésekor fizetendő visszterhes vagyonátruházási illeték</strong><br /> <br /> Lakás, lakóingatlan megszerzése esetén a visszterhes vagyonátruházási illeték alapja, a megszerzett lakóingatlan forgalmi értéke. (Amennyiben az illetékhivatal nem talál túlzott eltérést a vételár és a becsülhető forgalmi érték között, úgy a vételár alapján róják ki az illetéket.)<br /> <br /> <strong>Az ingatlanátírási illeték mértéke:</strong><br /> <br /> 2013. január 1-jétől minden esetben 4 százalék az illeték, ha valaki 4 millió forintnál drágább lakást, házat vásárol, tehát az esetek nagyobb részében.<br /> <br /> <strong>Fiatalok első lakásvásárlása</strong><br /> <br /> A 35 év alattiak lakásszerzési kedvezménye első lakás esetén az eddigi 8 millió forintos értékhatárról 15 millió forintra emelkedett, és megszüntették az illetékkedvezmény-maximumot is. Tehát a 35 éven aluli vásárlónak első lakás esetén, ha 15 millió forintnál olcsóbb ingatlant vásárolnak, akkor csak az illeték felét kell kifizetniük.<br /> <br /> <strong>Új építésű ingatlan vásárlására vonatkozó illeték kedvezmény</strong><br /> <br /> Új építésű ingatlan vásárlása 15 M Ft-ig illetékmentes. 15 M Ft és 30 M Ft közötti értéken vásárolt ingatlan esetén, a 15 M Ft - ig fizetendő illetéket nem kell megfizetni. (vagyis a 15 M Ft-t meghaladó rész 4 %-a fizetendő) 30 M Ft vagy magasabb forgalmi értékű ingatlan megszerzése esetén nem vehető igénybe illeték kedvezmény.<br />  </div>\r\n<span style="text-decoration: underline;"><strong>Ingatlan eladásakor aktuális adózási szabályok</strong></span><br /> <br /> <strong>A jövedelemszerzés időpontja:</strong><br /> <br /> Ingatlanok esetén (lakás, üzlethelyiség, garázs, stb.), továbbá az ingatlan nyilvántartásba bejegyzésre kötelezett vagyoni értékű jog (pl.: haszonélvezet) megszerzése időpontjának azt a napot kell tekinteni, amikor az erről szóló érvényes szerződést (okiratot, határozatot) a Földhivatalhoz benyújtották.<br /> <br /> Az ingatlan-nyilvántartásba bejegyzésre nem kötelezett vagyoni értékű jog szerzési időpontjának az erről szóló szerződés szerinti időpontot kell tekinteni. Öröklés esetén az örökség megnyíltának napját kell a szerzés időpontjának tekinteni.<br /> <br /> <strong>A jövedelem kiszámítása:</strong><br /> <br /> Az ingatlan értékesítéséből származó jövedelem kiszámításakor, a keletkezett bevételből le kell vonni azokat a kiadásokat, melyek az értékesített ingatlan megszerzésével és eladásával kapcsolatban az eladónál felmerültek.</div>', NULL, NULL, '2014-07-29', NULL, '2015-03-25');

-- --------------------------------------------------------

--
-- Table structure for table `property`
--

CREATE TABLE `property` (
  `id` int(11) NOT NULL AUTO_INCREMENT,
  `type_id` int(11) NOT NULL DEFAULT '0',
  `code` varchar(20) COLLATE latin2_hungarian_ci NOT NULL,
  `special` char(1) COLLATE latin2_hungarian_ci NOT NULL DEFAULT 'f',
  `suspended` char(1) COLLATE latin2_hungarian_ci NOT NULL DEFAULT 'f',
  `city` varchar(60) COLLATE latin2_hungarian_ci NOT NULL,
  `price_huf` float NOT NULL DEFAULT '0',
  `price_eur` int(11) NOT NULL DEFAULT '0',
  `desc_hu` text COLLATE latin2_hungarian_ci NOT NULL,
  `desc_en` text COLLATE latin2_hungarian_ci NOT NULL,
  `desc_de` text COLLATE latin2_hungarian_ci NOT NULL,
  `building_area` int(11) NOT NULL DEFAULT '0',
  `field_area` int(11) NOT NULL DEFAULT '0',
  `room_qty1` int(11) NOT NULL DEFAULT '0',
  `room_qty2` int(11) NOT NULL DEFAULT '0',
  `ins_date` datetime NOT NULL DEFAULT '0000-00-00 00:00:00',
  PRIMARY KEY (`id`),
  KEY `type_id` (`type_id`),
  KEY `code` (`code`)
) ENGINE=MyISAM  DEFAULT CHARSET=latin2 COLLATE=latin2_hungarian_ci AUTO_INCREMENT=1162 ;

--
-- Dumping data for table `property`
--

INSERT INTO `property` (`id`, `type_id`, `code`, `special`, `suspended`, `city`, `price_huf`, `price_eur`, `desc_hu`, `desc_en`, `desc_de`, `building_area`, `field_area`, `room_qty1`, `room_qty2`, `ins_date`) VALUES
(580, 6, '1657', 'f', 'f', 'Balatonfüred', 14, 0, 'Nr: 1657 Balatonfüred központjában, 32m2, egyszobás téglaépítésű, egyedi fűtéses lakás eladó.  Alacsony rezsi és közös költség!', '', '', 32, 0, 1, 0, '2011-01-10 00:00:00'),
(434, 10, '1520', 'f', 'f', 'Balatonfüred', 180, 0, 'Nr:1520 Az épület komplexum Balatonfüred védett szőlőterületei között helyezkedik el, mintegy 500 méterre a Balaton vizétől, amelyre csodálatos panorámával tekinthetünk.\r\nAz ingatlan három helyrajzi számon fekszik, több mint 8000m2-en.\r\nA meleg konyhás üzlet rendelkezik HACCP-vel. Az éttermi része a kerthelyiségekkel együtt 370 fő befogadására alkalmas.\r\nAz ár berendezéssel együtt értendő, mivel magántulajdonban van, így áfa fizetési kötelezettség nincs.\r\n\r\n', '', '', 510, 8000, 0, 0, '2009-06-20 00:00:00'),
(1130, 1, '2202', 'f', 'f', 'Somlóvásárhely', 8.5, 0, 'Nr. 2202 Eladó Somlóvásárhelyen 80m2, egyszintes családi ház 1529m2 telken. Az ingatlan belső elosztása: előtér, nagyszoba, kisszoba, nappali, konyha-étkező, spájz, fürdő-WC, 2 terasz. A ház fűtését gázkonvektor és cserépkályha biztosítja. Víz, villany, gáz, derítő van. A padlástér beépíthető. A tető 2014-ben lett felújítva cseréptetővel. Az udvaron ólak, mellékhelyiségek, veteményeskert, ásott kút található. \r\n', '', '', 80, 1529, 2, 1, '2015-09-23 00:00:00'),
(1160, 10, '2225', 'f', 'f', 'Balatonfüred', 120, 0, 'Nr:2225 Eladó Balatonfüred kereskedelmi központjában bevezetett vendéglátóipari egység / kávézó, mely hidegkonyhai engedéllyel is rendelkezik. Az Ingatlan 82 m2, melyhez 100 m2 terasz  tartozik, ez összesen 90 fő vendégfogadásra alkalmas.  Az ingatlan belső kialakítása jó minőségű anyagok kiválasztásával készült, berendezése modern, letisztult. Az ingatlan teljes közművel ellátott, tartozik hozzá 1 parkolóhely az épület alagsorában kialakított zárt parkolóban. A kávézó jól megközelíthető, a közelben parkolás biztosított, a kereskedelmi városrész nyüzsgő élete folyamatos vendégkört biztosít.', '', '', 115, 0, 0, 0, '2016-02-18 00:00:00'),
(1153, 4, '2221', 't', 'f', 'Tihany', 175, 0, 'Nr:2221 Tihanyban eladó egy klasszikus tihanyi kőből épült nádtetős tájház! 3000nm. füvesített telek gyümölcsfákkal és disz növényekkel betelepített. A  dupla komfortos kétszintes épület, 2+2 félszobából, nappali , konyha-étkezőből áll. A földszinthez tartozik egy kertkapcsolatos 27 nm. terasz, felette a tetőtér terasza van. Fűtés hőtárolós villanykályhákról megoldott. Önálló épületként egy kis borospince található a ház mellett. Ezt az ingatlant azoknak ajánlanám, akik szeretik a nyugalmat, a csendet és nem utolsó sorban az elvehetetlen panorámát!\r\nwww.aktivingatlan.com\r\n', '', '', 120, 3000, 2, 2, '2016-01-25 00:00:00'),
(1156, 7, '2229', 'f', 't', 'Balatonfüred', 11.9, 0, 'Nr: 2229 Balatonfüred partközelében, egyszobás, 28 nm.  felújított apartman berendezéssel együtt eladó. Műanyag nyílászárók, redőny, klíma, elegáns konyha, balatoni rálátás!', '', '', 28, 0, 1, 0, '2016-02-06 00:00:00'),
(846, 3, '1924', 'f', 't', 'Balatonfüred', 13.9, 0, 'Balatonfüred sorházas övezetében, 220 nm. telken, 80 nm. egyszintes, két szoba nappalis sorházrész eladó. Az ingatlan a 70-es évek elején épült, 94-ben a tető fel lett újítva. Az épület alatt döngöltföldes (valamikor boros pince) van. Gáz központi fűtés, +cserépkályha biztosítja a meleget.', '', '', 80, 220, 2, 0, '2013-07-04 00:00:00'),
(926, 1, '2007', 'f', 'f', 'Balatonudvari', 34, 0, 'Nr: 2007 Balatonudvari partközelében, 860 nm parkosított telken kétszintes, 160 nm. lakóház eladó. A két szint telejesen elkülöníthető. Földszint. nappali-konyha-étkező, szoba, fürdő, nagy terasz. Tetőtér: nappali-konyha-étkező, 2 szoba, tusoló. Gázkonvektoros fűtés, + cserépkályha. Hangulatos kert sok zöld sövénnyel, ásott kút, grillező, szerszámos kamra. Az épület alatt 40 nm. pince húzódik. Az ár egy&#8211;két bútort leszámítva berendezéssel együtt értendő!', '', '', 160, 850, 3, 2, '2014-05-28 00:00:00'),
(891, 1, '2110', 'f', 'f', 'Alsóörs', 58, 0, 'Nr:2110 Alsóörsön külterületi panorámás nyaraló, 1760 nm. telken eladó. A 100 nm. alapterületi,  3 szintes épület az ezredfordulón épült. Az alsó szint B38 téglából épült, még a felső két szint könnyűszerkezetes technológiával. A 4 szobás, két nappalis ingatlan tágas nagy terekkel, 4 db. klímával, riasztóval és házi vízrendszerrel (saját kút) rendelkezik. A nagy kertben gyümölcsfák, szőlő, garázs, grillező található.', '', '', 300, 1760, 6, 0, '2014-01-09 00:00:00'),
(973, 1, '2050', 'f', 't', 'Balatonfüred', 59.9, 0, 'Nr. 2050 Balatonfüred külterületén, 3000m2-es telken kétszintes, 160m2 összterületű, 3 szoba-nagy nappalis ház szép balatoni panorámával eladó.  Az ingatlan összközműves, gázközponti fűtés kiépítve, továbbá a nappaliban öntöttvas kandalló is üzemel. Tágas nagy terek, világos helyiségek és teraszok. A telken további melléképületek találhatóak. A földszinten nappali-konyha-étkező, fürdőszoba, WC és terasz, a tetőtérben három szoba, gardrób, fürdőszoba, erkély található. Külön bejárattal borospince és garázs csatlakozik az ingatlanhoz. ', '', '', 180, 3000, 4, 0, '2014-08-16 00:00:00'),
(25, 1, '0835', 'f', 'f', 'Felsőörs', 130, 0, '0835 Felsőörsön 4672m2-es telken igényes, szépen kivitelezett 310m2-es családi ház teljes közművel, extrákkal(jógaterem, 2 medence, moziterem, edzőterem, görkorcsolyapálya, teniszpálya).', '', '', 310, 4672, 4, 0, '2007-08-12 00:00:00'),
(1051, 11, '2085', 'f', 'f', 'Balatonfüred', 19, 0, 'Nr. 2085 Balatonfüreden szép balatoni panorámás, 20 százalékban beépíthető, 1088m2-es építési telek eladó. Közművek kiépítése folyamatban, az ár a víz, villany és csatorna telekhatárig történő vezetését tartalmazza.', '', '', 0, 1088, 0, 0, '2015-03-30 00:00:00'),
(321, 1, '1418', 'f', 'f', 'Balatonfüred', 199, 0, 'Nr:1418 Balatonfüreden, lakóházként nyilvántartott panzió eladó.\r\nBalatonfüred frekventált részén, lakóházként nyilvántartott (illeték szempontjából előny), 19 szobás panzióként üzemelő ingatlan. Az épület rendelkezik még egy meleg konyhás étteremmel (megfelelő engedélyekkel). 40 fős étterem, 60 fős fedett terasz, zárt parkoló, mosókonyha. 11 szoba klímával ellátva. Az ár irányár és berendezéssel értendő!\r\n', '', '', 700, 900, 19, 0, '2008-10-10 00:00:00'),
(1111, 12, '2184', 'f', 'f', 'Aszófő', 12.9, 0, 'Nr. 2184 Eladó Aszófőn 4450m2 MK övezetű, 3%-ban beépíthető, enyhén déli lejtésű panorámás telek. A telek 80%-a szőlő, illetve gyümölcsfák. Villany az utcában.', '', '', 0, 4450, 0, 0, '2015-08-01 00:00:00'),
(958, 4, '0861', 'f', 'f', 'Balatonszőlős', 22, 0, 'Nr: 0861 Balatonszőlősön 7054m2 telken 110m2 pince-présház + 15m2 pince + 20m2 szaletli. 4000m2 szőlő, a többi rét, díszkert, gyümölcsös. Áram, fúrt kút.', '', '', 110, 7064, 0, 0, '2014-08-01 00:00:00'),
(1127, 1, '2200', 'f', 'f', 'Ábrahámhegy', 49, 0, 'Nr. 2200 Ábrahámhegy közvetlen vízparti részén, saját fürdő és horgászstéggel új építésű luxus villák 7134m2 telken eladók. A lakóházak minőségi anyagokból, garanciával épülnek. Építőanyagok: tégla szerkezet, cserép fedés, hőszigetelt fa nyílászárók. A kertkapcsolatos ingatlanok fűtéssel, hűtéssel klímával, két nagy terasszal kerülnek kialakításra. Minden épülethez nagyjából 600 m2 saját használatú telekrész tartozik. Extrák: riasztó, kamera rendszer, elektromos redőny, házfelügyelet, napelem, opcionálisan rendelhetőek. A lakóházak közösségi terén gyermek, felnőtt medence grill és bárpult kerül kialakításra. Ne halassza el ezt az egyedi lehetőséget, ami rendkívül kedvező befektetés is. Cégeknek a vételárból az ÁFA visszaigényelhető és akár 2,5% hitellel finanszírozható. Vételár bruttó 49 M Ft-tól. Építési év: 2016.\r\n', '', '', 110, 600, 4, 0, '2015-09-09 00:00:00'),
(1114, 1, '2187', 'f', 'f', 'Balatonfüred', 140, 0, 'Nr. 2187 Eladó Balatonfüreden 300m-re a parttól 1008m2-es telken háromszintes, 600m2-es, 14 szobás újszerű családi ház, amely jelenleg panzióként üzemel. Mindegyik apartmanhoz saját tusolós fürdő és kis teakonyha tartozik. Alsó szinten: duplagarázs, kazánház, mosókonyha, 2 db apartman (4fős, 2 fős). Középső szinten és tetőtérben egyenként 4 db apartman, + 1db két szobás apartman. A ház fűtése gázközponti, építőanyaga beton alapzat, tégla és cserép.  Az ingatlan irányára a teljes berendezéssel, bútorzattal együtt értendő. A középső és a felső szint minden apartmanja klimatizált. A felső szintről szép balatoni panoráma nyílik. Kiváló befektetési lehetőség kedvező ára, elhelyezkedése és kiépített vendégköre miatt! Irodánk szívesen vállalja az ingatlan üzemeltetését! \r\n', '', '', 600, 1008, 14, 0, '2015-08-04 00:00:00'),
(42, 1, '0904', 'f', 'f', 'Tihany', 53, 0, 'Nr: 0904 Tihanyban  663m2 telken, 220m2 összterületű családi ház, két bejárattal. A házhoz borospince és egy fedett grillező is tartozik. A ház két szintes, három elkülöníthető részből áll, 8 szoba, 7 fürdőszoba, 4 konyha. Kombinált fűtés, egyedi gázcirkó és olaj. Irányár:54,0M Ft.', '', '', 220, 663, 6, 7, '2007-08-13 00:00:00'),
(1106, 4, '2181', 'f', 't', 'Balatonfüred', 15.9, 0, 'Nr. 2181 Eladó Balatonfüred hegyoldalában 56m2 összterületű, panorámás  gazdasági épület 1041m2 telekkel. Földszinten nappali, konyha, szoba, fürdő-WC. Tetőtérben további egy szoba található. Víz, villany, derítő van, gáz az utcában. A fűtést kandalló biztosítja. Az ingatlan 1980-ban épült, 2013-ban teljes felújításon esett át. Parkolás az udvarban megoldott. ', '', '', 56, 1041, 3, 0, '2015-07-21 00:00:00'),
(244, 1, '1350', 'f', 'f', 'Balatonudvari', 46, 0, 'Nr:1350 Balatonudvari, úszómedencés ház eladó. A most épülő vitorláskikötőtől 500m-re, 630m2 telken, 3 szoba nappalis, új építésű, igényes lakóház. Gondozott kert, dísztó, medence, grillező, szaletli, garázs, klímák.\r\n \r\n', '', '', 150, 630, 3, 0, '2008-05-07 00:00:00'),
(224, 1, '1331', 'f', 'f', 'Balatonfűzfő', 21, 0, 'Nr.1331 Balatonfűzfőn, 180m2, kétszintes, közepes állapotú lakóház, 30m2 melléképülettel, ásott kúttal.', '', '', 180, 738, 4, 0, '2008-03-31 00:00:00'),
(584, 1, '1660', 'f', 'f', 'Balatonfüred', 7.3, 0, 'Nr: 1660 Balatonfüred falusias övezetében,\r\nkb. 100 éves, dongaboltozatú, 60m2, felújítandó lakóház, 80m2 telken eladó. Az épület alatt 20m2 boltíves borospince van. Az épület teljes generált igényel, a tetőtér beépíthető.\r\n', '', '', 60, 80, 1, 0, '2011-01-20 00:00:00'),
(810, 12, '1886', 'f', 'f', 'Balatonfüred', 7.4, 0, 'Nr:1886 Balatonfüred külterületén panorámás 4300 m2 szőlő és 3000 m2 kivágott szőlő eladó, 1000Ft/m2.', '', '', 0, 0, 0, 0, '2013-04-09 00:00:00'),
(764, 1, '1845', 'f', 'f', 'Balatonalmádi', 99, 0, 'Nr:1845 Balatonalmádiban hibátlan panorámával, igényesen kivitelezett családi ház eladó!  370 m2 összterületű(+ dupla garázs), 3 szintes ház 950 m2 telken fekszik. A 8 szobás &#8222;Kúria&#8221; jellegű épület földszinti részén található: konyha, étkező, biliárd terem, szoba, kazánház, nagy terasz kültéri 5,5x10m-es napkollektorral fűthető 100 m3 medence. Középső szint: nappali-konyha-étkező, 2 fürdő, hálószoba, dolgozószoba, 40 m2 terasz. Tetőtér: 4 szoba két fürdővel (2 db. 2 szobás apartman), gardrob, 2 erkély. A szinteket márvánnyal burkoltlépcsőház  köti össze. Az épület 7 db. klímával rendelkezik (ebből 3 hűtő-fűtő). Dryvit szigetelés, riasztó, tűzriasztó, kamera rendszer, elektromos öntöző berendezés (gondozott kert), grillező A telek alsó és felsőhatára között 13 m a szintkülönbség. Az úszómedencéből is látszik a Balaton.\r\n  \r\n', '', '', 370, 950, 0, 0, '2012-11-05 00:00:00'),
(844, 1, '1923', 'f', 'f', 'Tihany', 50, 0, 'Nr:1923 Eladó Tihany falu részén, 2000-ben épített házban, 3 önálló apartman/lakás, amelyek a közös lépcsőházból érhetőek el.  Az épület kétszintes, 150 nm. összterületű, 220 nm. telken. Földszinten egy  2 szoba nappalis 70 nm., míg a tetőtérben kétszobás 55 nm., ill. egy egyszobás 32 nm. önálló apartman lett kialakítva. Mindegyik apartman saját fürdővel, felszerelt konyhával, terasszal és klímával rendelkezik. Fűtés hőtárolós villanykályháról megoldott. Teljes berendezéssel kínáljuk az ingatlant. Alkalmas nem csak lakóháznak, nyaralónak, hanem üzleti célra is, mert a három apartman szállóvendégeknek kiadható! Távirányítós kapuval biztosított a parkolás 3 autó részére az udvarban. Gáz az utcában, kémény van az épületen.', '', '', 90, 671, 5, 0, '2013-06-26 00:00:00'),
(1031, 1, '2105', 'f', 'f', 'Csopak', 25.5, 0, 'Nr:2105 Csopak strand közelében, 180 nm. összterületű, 110 nm. lakószintű, 1+3 félszobás, részlegesen felújított, panorámás lakóház, 460 nm. telekkel, boltíves borospincével eladó.', '', '', 110, 460, 2, 3, '2015-02-04 00:00:00'),
(877, 6, '1954', 'f', 't', 'Balatonfüred', 11.9, 0, 'Nr: 1954 Balatonfüred óvárosában, felújított, földszinti, teraszos, 54 nm. egyedi gázfűtéses téglalakás eladó. Fürdő és a konyha igényesen lett kialakítva.', '', '', 54, 0, 2, 0, '2013-10-30 00:00:00'),
(227, 1, '1332', 'f', 'f', 'Balatonfüred', 60, 0, 'Nr: 1332 Balatonfüreden, 450m2 telken, körpanorámás, 3 szintes családi ház. Kandalló, Dryvet szigetelés.', '', '', 360, 450, 8, 0, '2008-03-31 00:00:00'),
(327, 1, '1429', 'f', 'f', 'Balatonfüred', 120, 0, 'Nr:1429 Balatonfüreden eladó vendégház!\r\nBalatonfüred frekventált részén, 500m2 összterületű, 3 szintes családi ház nyilvántartású, de vendégházként üzemelő ingatlan, 1060m2 telken.\r\nFöldszint: közös helyiségek (nappali, étkező, reggeliztető konyha), és egy apartman. Középső szint: 5 apartman. Tetőtér 2 db 70m2, egyszobás, amerikai konyhás lakás. Pinceszint: kazánház és tároló, kb 40m2.\r\nTeljes közmű, a fűtés és a meleg víz ellátást, napkollektoros rásegítés biztosítja, a telken fúrt kút található.\r\n', '', '', 500, 1060, 9, 0, '2008-11-10 00:00:00'),
(804, 2, '1888', 'f', 'f', 'Balatonfüred', 32, 0, 'Nr:1888 Balatonfüred hegyoldalában, 480 nm. telken új építésű (még nem lakott), 104 nm. összterületű, 3 szintes, energetikailag &#8222;A&#8221; kategóriás, panorámás ikerház eladó. 1 nappali, 2félszoba, 1 fürdő, 2 wc, konyha, erkély, terasz. A szuterén részben lett kialakítva a garázs (automata ajtó), tároló-kazánház, amelyben a meleg víz  bojler üzemeltethető napkollektorról (csak lecsövezve), gázról és áramról is, valamint itt található egy vegyes tüzelésű kazán is. De természetesen a gáz központi fűtés is üzemképes. Dryvit szigetelés (10 cm), kiváló minőségű nyílászárók, a konyhabútor beépítése folyamatban van. ', '', '', 104, 480, 6, 0, '2013-03-28 00:00:00'),
(832, 1, '1738', 'f', 't', 'Balatonfüred', 13, 0, 'Nr: 1738 Balatonfüred csendes, kertvárosi részén, másfélszobás, 45m2, klímás, igényesen felújított családi ház, mellette önálló hrsz.-on 80 nm. telek 15 nm. gazdasági épülettel egyben eladó A bútor megegyezés tárgyát képezi!', '', '', 45, 180, 1, 1, '2013-05-23 00:00:00'),
(399, 11, '1484', 'f', 'f', 'Balaton északi part', 220, 0, 'Nr:1484  A Balaton északi partján eladó közvetlen vízparti építési telek. A terület 6500m2 belterület, 15% -ban beépíthető. Közművek víz, áram, csatorna a telken, gáz a telekhatáron. Egyedi ajánlat!', '', '', 0, 6500, 0, 0, '2009-04-25 00:00:00'),
(1145, 1, '2217', 'f', 'f', 'Aszófő', 72.9, 0, 'Nr: 2217  Eladó Balatonfüredtől 4 Km-re Aszófőn egy az 1920-as években épült, majd napjainkban korhűen felújított kőépület (lakóház). A belső fagerenda födém, a rengeteg kovácsoltvas korlát, a kemence, a nappaliban az eredeti hajópadló, a kőépület és a kőkerítés valóban 100 évet repít vissza! Ugyanakkor stílszerűen harmonizál az ingatlannal a hőszigetelt nyílászárók, a galériás kialakítás és a teraszok. Az Összközműves kétszintes főépület áll: 3 szoba, 2 nappali, konyha, fürdő és 3 teraszból. Az épülethez szervesen hozzákapcsolódik egy vendégház egy szobával, valamint egy dupla garázs és egy 12 nm. pince. Öntözőberendezés kiépítve, továbbá a napkollektorok kivitelezéséhez szükséges csőrendszer is kiépült! \r\nwww.aktivingatlan.com\r\n', '', '', 165, 720, 6, 0, '2015-11-16 00:00:00'),
(88, 1, '1205', 'f', 'f', 'Balatonfüred', 75, 0, '1205 Balatonfüreden 2700m2 telken, 200m2 összterületű, 5 szobás, új építésű, családi ház, 60m2 boltíves borospincével. Az épület befejezési stádiumban van, hiányzik a belső burkolás, festés, szerelvényezés és a kazán.', '', '', 180, 2740, 6, 0, '2007-09-18 00:00:00'),
(89, 1, '1202', 'f', 'f', 'Pécsely', 31, 0, '1202 Pécselyen 1000m2 telken, 130m2 alapterületű új családi ház. A tetőtér szerkezet kész. Bronz ablakok, kandalló, halastó. Az épület 5cm vastag Dryvittal szigetelve, belül sok csipkézett fa díszíté van.', '', '', 127, 1000, 3, 1, '2007-09-18 00:00:00'),
(771, 6, '1851', 'f', 't', 'Balatonfüred', 22, 0, 'Nr:1851 Balatonfüred partközeli részén, 43 nm, egy szoba, nappalis, második emeleti lakás eladó. A teraszról balatoni panoráma! Ház központi fűtés, de minden közmű egyedileg mérhető. Az épület felszereltsége: zárt udvar, parkoló, zárt tároló, kül és beltéri medencék jakuzzi, szauna, kártyaterem. Közös költség 23.000 Ft/hó.', '', '', 43, 0, 2, 0, '2012-12-01 00:00:00'),
(843, 4, '1922', 'f', 'f', 'Balatonfüred', 20, 0, 'Nr:1922 Balatonfüred hegyoldalában, panorámás 1290 nm. telken, kétszintes 60 nm. egyszobás nyaraló eladó. Az ingatlan kitűnő állapotban van. 2 terasz, részben műanyag nyílászárók. A telken gyümölcsfák és szőlő, az épület alatt borospince van.', '', '', 60, 1290, 1, 0, '2013-06-25 00:00:00'),
(879, 11, '1956', 'f', 'f', 'Paloznak', 11.5, 0, 'Nr:1956 Paloznak belterületén, 900 nm. panorámás építési telek eladó. Víz, áram, csatorna a bevezetve, a közműfejlesztési hozzájárulás kifizetve. A telekre lakóház építhető 15%-ban, gondozott szép díszkert.', '', '', 0, 900, 0, 0, '2013-11-05 00:00:00'),
(1034, 10, '2108', 'f', 'f', 'Csopak', 29, 0, 'Nr:2108 Csopak strand közelében, 455 nm. telken, 120 nm alapterületű egyszintes, összközműves ház eladó. Jelenleg meleg konyhás üzletként van nyilvántartva. Átalakítható és átminősíthető akár lakóházzá is. Vállakozók figyelmébe, frekventált helyen van!', '', '', 120, 455, 0, 0, '2015-02-07 00:00:00'),
(322, 13, '1423', 'f', 'f', 'Balatonalmádi', 31, 0, 'Nr:1423 Balatonalmádiban, nagy telek bontandó épületekkel, telekár alatt eladó.\r\n7768m2 telken, egy darab jó állapotban lévő épület (vizesblokkos helyiség). A többi épületre bontási engedély, ill. utána jogerős építési engedély van, teljes tervdokumentációval. Víz, áram, csatorna a telken, gáz az utcában.\r\n', '', '', 0, 7700, 0, 0, '2008-10-22 00:00:00'),
(1048, 12, '2096', 'f', 'f', 'Vászoly', 39, 0, 'Nr. 2096 Eladó Vászolyon, két telken álló valamikori pince és csárdaépület, jelenleg fejlesztési terület.\r\nKivételes lehetőséget hordoz magában az épület egyedülálló tájolása, ugyanis az ablakok nagy része a Balatonra néz. Az összesen 8500m2-es, természetvédelmi területen található zártkerti telek érvényes építési engedéllyel rendelkezik. A telken áram van, vezetékes víz beköthető. A projekt jó lehetőség azoknak, akik a saját ízlésüknek megfelelően kialakított, Balatonfüred és Tihany néhány perces közelségében, nyugodt, gyönyörű panorámával rendelkező, luxus nyaralót szeretnének, pincével, saját szőlővel. Ugyanígy remek lehetőség azoknak, akik butik hotelt és/vagy pincészetet szeretnének felépíteni.\r\n', '', '', 304, 8589, 0, 0, '2015-03-27 00:00:00'),
(1102, 1, '2175', 'f', 'f', 'Balatonfüred', 240, 0, 'Nr. 2175 Eladó Balatonfüreden panorámás villa gyönyörű kerttel külföldi tulajdonostól! A 380m2 lakóterületű ingatlan 5217m2 ősfás parkban fekszik szőlőskertekkel körülvéve. A ház földszintjén 65 m2-es kiszolgáló helyiség, 3 szoba, mindegyik saját fürdővel, vendég WC, dolgozószoba, gardrób, billiárd szoba, nappali, konyha kamrával és étkező. A felső szinten további hálószobák saját fürdővel, és még egy 80m2-es helyiség alakítható ki egy különálló apartmannak. Külső helyiségek: 3 terasz, francia pavilon, fatároló. Fűtés: gázközponti fűtés, kandalló. A telken található még egy 60m2-es felújítható kőház. Az ár a ház teljes berendezését is tartalmazza. Csend, nyugalom, panoráma! Csodálja meg ezt a gyönyörű ingatlant!', '', '', 380, 5217, 8, 0, '2015-07-09 00:00:00'),
(883, 1, '1961', 'f', 't', 'Balatonfüred', 41.5, 0, 'Nr:1961 Balatonfüreden igényes kivitelezésű, egyszintes, 125 nm. 5 éve épült lakóház, 570 nm. telken eladó. Beosztása: 3 szoba, amerikai konyhás nappali, 2 fürdő-Wc+vendég Wc, mosókonyha, garázs, 12 nm. terasz. Az épület a mai energetikai igényeknek megfelel. Gondozott kert, dísztó, elektromos öntöző berendezés, saletli, a nappaliban kandalló.', '', '', 125, 570, 2, 2, '2013-11-18 00:00:00'),
(858, 12, '1934', 'f', 'f', 'Balatonakali', 9.5, 0, 'Nr.1934 Balatonakali külterületén kettő darab 3800m2-es panorámás zártkerti telek egybe vagy külön eladó. Telkenként 3X25A áram van. 80 százalék szőlő vagy gyümölcsös betelepítése után 3 százalékban beépíthető max. 90m2-es épület. Irányár 3000Ft/m2. \r\n\r\n', '', '', 0, 3780, 0, 0, '2013-08-08 00:00:00'),
(316, 11, '0976', 'f', 'f', 'Balatonfűzfő', 7.8, 0, 'Nr: 0976 Balatonfűzfőn panorámás, belterületi, építési telkek, nagyságtól függően 7,8M Ft-tól 8,8M Ft-ig.', '', '', 0, 0, 0, 0, '2008-10-06 00:00:00'),
(277, 11, '1383', 'f', 'f', 'Csopak', 12, 0, 'Nr. 1383 Eladó Csopakon 1080m2 (12M Ft) + 1280m2 (13M Ft) beépítetlen terület. Közművek az utcában. A telek 30%-ban beépíthető, csoportházas beépítés lehetséges.', '', '', 0, 1080, 0, 0, '2008-07-04 00:00:00'),
(754, 4, '1832', 'f', 'f', 'Balatonszepezd', 38.5, 0, 'Nr. 1832. Eladó Balatonszepezd külterületén, de belterülethez nagyon közel 15 000 m2 telken és gondozott szőlőn balatoni panorámás nyaraló. Az ingatlan 125 m2 összterület, ahol kialakításra került összesen 4 szoba, 3 fürdőszoba, konyha, wc, szerszámos helyiség és egy 50 m2 nagyságú csodálatos terasz rálátással a Balatonra. Az ingatlanhoz tartozik egy 36 m2-es boros pince. A hozzá tartozó szőlő külön HRSZ számon van, így arra is lehet építeni. Gondozott, jól termő fajták. A 10 000 m2 szőlő külön is megvásárolható.', '', '', 125, 15000, 3, 0, '2012-10-09 00:00:00'),
(892, 1, '1970', 'f', 'f', 'Balaton északi part', 89.99, 0, 'Nr.1970 Vízpart, nyugalom és luxus. Ez jellemzi a képeken látható eladó ingatlant, mely a Balaton északi partján, Balatonfüred körzetében található. Az ingatlanhoz 838 m2 telek tartozik, mely sövénnyel lekerített. A lakóház bruttó 199 m2. Elrendezése a következő: Fsz.: nappali kandallóval, étkező, amerikai konyha, hálószoba, fürdőszoba, kamra és egy nagyméretű, kertkapcsolatos terasz. Em.: 2 hálószoba, fürdőszoba, Balatonra néző terasz és egy mosókonyha. Az ingatlan 2007-ben épült, teljes közművel ellátott, fűtése gázközponti. ', '', '', 170, 830, 4, 0, '2014-01-09 00:00:00'),
(1057, 12, '2126', 'f', 'f', 'Balatonfüred', 79, 0, 'Nr. 2126 Eladó Balatonfüreden gyönyörű körpanorámás, 5779m2 nagyságú külterület. Az ingatlan 3%-ban beépíthető. A ráépíthető épület nagysága 130m2, illetve a földbe építhető nagyság 200m2. A telken víz, villany van, az ingatlan aszfaltos útról megközelíthető. Kiváló befektetési lehetőség!', '', '', 0, 5779, 0, 0, '2015-04-09 00:00:00'),
(113, 1, '1153', 'f', 'f', 'Nagyvázsony', 32, 0, '1153 Nagyvázsony nagyon szép részén, 2442m2 ősparkos telken, 3 szintes, 6 szobás,  340m2 lakóterületű, 189m2 alapterületű, 12 éves, újszerű lakóház. Dupla fűtés (gáz és hagyományos), cserépkályha, a telken kis tó, dupla garázs, kábel TV, parabola antenna, teljes közmű.', '', '', 189, 2442, 0, 0, '2007-09-21 00:00:00'),
(119, 1, '1137', 'f', 'f', 'Kaszó', 49, 0, '1137 Kaszó pusztán (Somogy megye), a Balatontól 60km-re, 7200m2 telken, 320m2, egyszintes, 6 szobás, lakóház. Őspark, kandalló.', '', '', 320, 7281, 6, 2, '2007-09-24 00:00:00'),
(122, 8, '1133', 'f', 't', 'Tihany', 86, 0, '1133 Tihanyban 2 db nádtetős, tihanyi kőből épült tájház, 2800m2 telken. 4 szoba, 3 nappali, 2 konyha, főzőfülke, 3 fürdő-WC, garázs, 2 boros pince.\r\nSzépen gondozott kert, sok beépített bútor, panoráma. Irányár: 86,0M Ft.\r\n', '', '', 120, 2800, 4, 0, '2007-09-24 00:00:00'),
(583, 1, '1659', 'f', 'f', 'Balatonfüred', 25, 0, 'Nr:1659 Balatonfüred lakóházas övezetében eladó 620m2 telken 100m2 alapterületű családi ház. Az épület három szintes, a szuterén részen három külön bejáratú apartman lett kialakítva, a földszinten  nappali, konyha, étkező, két szoba, fürdőszoba és egy nagyméretű terasz található; a tetőtérben két szoba, konyha, fürdőszoba került kialakításra. A főépület mellett a telek sarkában egy 20m2-es faház van elhelyezve (kb,. 300 nm. telek), mellyel együtt az ingatlan társasházzá lett minősítve. Az ingatlan eladási ára a faház nélkül 25M Ft, faházzal 29,0M Ft. ', '', '', 100, 620, 4, 0, '2011-01-12 00:00:00'),
(1148, 1, '2220', 'f', 'f', 'Balatonfüred', 47, 0, 'Nr: 2220 Eladó Balatonfüred központi részén, 620 m2 telken, 90 m2 egyszintes lakóház. A 2 szoba nappalis épület az 1960-as években épült, és 2009-ben felújításon esett át (burkolatok, nyílászárók, Dryvit szigetelés, új konyhabútor,  riasztó berendezés, stb.). A melegvíz villany boylerról ellátott, a fűtés központi gáz + cserépkályháról biztosított. \r\nwww.aktivingatlan.com\r\n', '', '', 90, 622, 3, 0, '2016-01-08 00:00:00'),
(1141, 17, '2209', 'f', 'f', 'Badacsony', 110, 0, 'Nr. 2209 Eladó Badacsonyban gyönyörű panorámás 1880-as éveken épült majd felújított 400m2-es lakóház/gazdasági épület borospincével, közel 13600m2 birtokkal. Az egykor panzióként üzemelt ingatlanból lélegzetelállító panoráma nyílik a tóra. Derítő, fúrt kút, villany bevezetve. Befektetőknek ajánljuk!\r\n', '', '', 400, 13999, 0, 0, '2015-10-28 00:00:00'),
(1108, 6, '2182', 'f', 'f', 'Hévíz', 15.6, 0, 'Nr. 2182 Eladó Hévízen 45m2 összterületű, másfél szobás, első emeleti, 2014-ben teljesen felújított tégla lakás. Belső elosztása: előtér, étkező-konyha, egy nagy szoba, fürdő-WC, WC. Parkolás az udvarban megoldott, de van lehetőség garázs vásárlására. Alacsony közös költség. Az ingatlan szinte teljes bútorral, berendezéssel együtt eladó. ', '', '', 45, 0, 1, 0, '2015-07-21 00:00:00'),
(148, 8, '1067', 'f', 'f', 'Tihany', 90, 0, 'Nr: 1067 Tihanyban 70%-os készültségi állapotban levő 300m2 összterületű vendéglátásra tervezett, de igényes nyaralónak is kialakítható panorámás ingatlan 1663m2 telken teljes közművel eladó.', '', '', 300, 1663, 3, 0, '2007-09-27 00:00:00'),
(557, 11, '1637', 'f', 'f', 'Balatonakali', 9.9, 0, 'Nr: 1637 Balatonakali zajmentes részén 630m2-es belterületi építési telek eladó. Víz, gáz, csatorna a telken, áram az utcában. Az ingatlan érvényes, jogerős építési engedéllyel bír, valamint a telken 125m2-es alapterületű épület szerkezetkész állapotban már van.', '', '', 125, 630, 0, 0, '2010-08-12 00:00:00'),
(1028, 3, '2102', 'f', 't', 'Balatonfüred', 27.9, 0, 'Nr:2102 Balatonfüreden, 150 nm. összterületű, 3 szintes, panorámás sorházrész, 220 nm. telekkel eladó. Az ingatlan az 1970-es évek végén épült, kb. 10 éve lett részlegesen felújítva. Földszint: előtér, konyha, mosókonyha, kazánház, terasz. Emelet: nappali, szoba, terasz,fürdő. Tetőtér:2 szoba, gardrob, konyha-étkező, fürdő, terasz. Fűtés: gáz és vegyes tüzelésű központi, valamint cserépkályha. 10 cm Dryvit szigetelés, részleges nyílászáró csere (3 rétegü üveg).', '', '', 150, 220, 4, 0, '2015-02-04 00:00:00'),
(707, 1, '1786', 'f', 'f', 'Balatonfüred', 19, 0, 'Nr:1786 Balatonfüred óvárosában, 75 m2, egyszintes, 1+1/2 szoba nappalis, 2007-ben felújított lakóház, 460 m2 telken eladó. Gáz központi fűtés és cserépkályha gondoskodik a melegről a hideg hónapokban. Az udvarban önálló épületként 30 m2 tároló van.', '', '', 75, 460, 2, 1, '2012-06-09 00:00:00'),
(237, 6, '1342', 'f', 'f', 'Balatonfüred', 80, 0, 'Nr:1342 Eladó luxuslakás Balatonfüreden, 200m-re a strandtól! A háromszobás lakáshoz hatalmas terasz tartozik, ahonnan gyönyörű panoráma nyílik a tóra. Az ingatlan 150m2-es, gázközponti fűtéssel ellátott. Az ingatlan 2002-ben épült, klímával ellátott. Vízközeli, panorámás, nagy teraszos, igényes lakás. Az épületben szauna, jakuzzi, kültéri-beltéri úszómedence, kiépített grillező, biliárdterem található. A parkolás zárt udvarban megoldott.', '', '', 150, 0, 3, 0, '2008-04-22 00:00:00'),
(770, 1, '1850', 'f', 't', 'Balatonfüred', 48, 0, 'Nr:1850 Balatonfüreden jóval az értéke alatt lakóház sürgősen eladó! A kétszintes 280 nm épület akár két generációnak is alkalmas, de üzleti szempontból is ideális frekventált fekvése miatt. Az alsó szint közel fele (60 nm) üzlethelyiségként van nyilvántartva. A másik fele, ill. az emelet 4 szobával, 2 fürdővel és egy 50 m2 nappali-konyhával rendelkezik, ahonnét egy 15 nm teraszra léphetünk ki. A 990 nm telek szépen parkosított, grillezővel kiépített, több autó számára parkoló biztosított.\r\n \r\n\r\n', '', '', 280, 990, 5, 0, '2012-11-30 00:00:00'),
(1094, 4, '2165', 'f', 'f', 'Alsóörs', 12.9, 0, 'Nr. 2165 Az Aktív Ingatlaniroda kizárólagos kínálatában eladó Alsóörsön 5 perc sétára a strandtól hangulatos, kétszintes, 56m2-es ikernyaraló 445m2 telken. Földszinten egy szoba, étkező, konyha, fürdőszoba, terasz. Emeleten 1+1fél szoba, WC, terasz. Víz, villany, csatorna bevezetve. A nyaraló fűtése nincs kiépítve, de kémény van. Parkolás az udvarban megoldott. ', '', '', 56, 445, 2, 1, '2015-06-18 00:00:00'),
(329, 1, '1432', 'f', 'f', 'Kővágóörs', 17, 0, 'Nr:1432 Kővágóörs eladó családi ház.\r\n500m2 telken, 110m2 alapterületű, közepes állapotú lakóház garázzsal, pincével. A tetőtér külső feljáraton közelíthető meg.\r\n', '', '', 220, 500, 7, 0, '2008-11-10 00:00:00'),
(1132, 1, '2204', 'f', 'f', 'Monoszló', 23, 0, 'Nr. 2204 Eladó Monoszlón 150m2 összterületű, 1900-as években épült egyszintes parasztház 1583m2 telken. A főépület belső elosztása: előszoba, nagyszoba, kisszoba, fürdő, WC, konyha-étkező, kamra, pajta, fészer, boltíves pince. A telken található melléképületben szoba, konyha, fáskamra, ólak kerültek kialakításra. Az ingatlan fűtését cserépkályha és sparhelt biztosítja. Víz, villany, csatorna van, gáz az utcában. Parkolás udvarban megoldott. A telken gyümölcsfák (körte, barack, diófa) találhatóak. \r\n\r\nwww.aktivingatlan.com ', '', '', 150, 1583, 2, 1, '2015-09-29 00:00:00'),
(1109, 1, '2180', 'f', 'f', 'Balatonfüred', 45, 0, 'Nr. 2180 Eladó Balatonfüreden vízközeli részén 155m2 összterületű felújítandó polgári jellegű ház 585m2 telken. A kétszintes épület alsó szintjén 3 szoba, konyha, fürdő található, a felső szinten 4 szoba, konyha, 2 fürdő, valamint egy beüvegezett veranda került kialakításra. A felső szint belmagassága 3,2m. Víz, villany, csatorna van, a fűtést cserépkályha biztosítja. Parkolás udvarban megoldott. Az ingatlan helyi védettség alatt áll és teljes felújítást igényel! Bővebb információt a következő telefonszámon tudunk adni: +3630/96-95-681', '', '', 155, 585, 7, 0, '2015-07-22 00:00:00'),
(1157, 1, '2230', 'f', 'f', 'Balatonfüred', 21, 0, 'Nr:2230  Balatonfüreden romantikus környezetében, 540 nm. telken, 100 nm. épület eladó. A kétszobás ház az 1920-as években épült, teljes felújítást igényel. Az udvarban további melléképület és ól található, a ház alatt 10 nm. pince van.\r\nwww.aktivingatlan.com\r\n', '', '', 100, 540, 2, 0, '2016-02-08 00:00:00'),
(278, 11, '1384', 'f', 'f', 'Csopak', 13, 0, 'Nr.1384  Eladó Csopakon 1080m2 (12M Ft) + 1280m2 (13M Ft) beépítetlen terület. Közművek az utcában. A telek 30%-ban beépíthető, csoportházas beépítés lehetséges.', '', '', 0, 1280, 0, 0, '2008-07-04 00:00:00'),
(746, 3, '1827', 'f', 't', 'Balatonfüred', 18.9, 0, 'Nr:1827  Balatonfüred középső városrészében, 1980-ban épült, 2005-ben felújított, 5 szobás, 4 fürdőszobás sorházrész kis kerttel (saját lekerített) eladó. Gázközponti fűtés, cserépkályha, klíma, teraszok.', '', '', 160, 120, 5, 0, '2012-09-18 00:00:00'),
(187, 1, '1294', 'f', 't', 'Balatonfüred', 22, 0, 'Nr:1294 Balatonfüred központjában, 150m2, kétszintes, 4 szobás lakóház és üzlet (13m2 üzlethelyiség), 330m2 telken, 20m2 mellékhelyiséggel. ', '', '', 150, 600, 4, 0, '2007-11-28 00:00:00'),
(211, 11, '1308', 'f', 'f', 'Aszófő', 28, 0, 'Nr. 1308 Aszófőn balatoni panorámás nagyméretű építési telek (7386 m2). Utcában az összes közmű.', '', '', 0, 7300, 0, 0, '2008-03-04 00:00:00'),
(851, 1, '1929', 'f', 'f', 'Balatonfüred', 157, 0, 'Nr:1929 Balatonfüred felső városrészében, 815 nm. telken, 400 nm. összterületű panorámás luxus ház eladó. Alsó szint: kb. 60 m3 medence, szauna merülő medencével, pihenő szoba, tusoló, wc, konditerem. Az ellazulás után egy pohár bort a hangulatos boltíves 30 m2 borospincében fogyaszthatunk. Középső szint: nappali, konyha-étkező, fürdő, Wc, szoba, mosókonyha, garázs, valamint 140 m2 teraszból áll. Felső szint: 2 db. egyszoba+dolgozó szobás ap., fürdő-Wc, terasz. Elektromos öntöző berendezés, napkollektor, igényes burkolatok, minőségi kivitelezés, angol típusu épület.', '', '', 400, 815, 3, 0, '2013-07-19 00:00:00'),
(1032, 1, '2106', 'f', 'f', 'Csopak', 27.9, 0, 'Nr:2106 Kizárólag az Aktív Ingatlaniroda kínálatában!  Csopakon jó állapotban lévő, kétszintes, 3 szoba  nappalis, dupla komfortos családi ház eladó. Az épület alatt présház és egy hozzá csatlakozó hangulatos boltíves borospince van. A 740 nm. telek nagyobbik része szőlővel telepített. Ásott kút, kiépített grillező, balatoni rálátás!', '', '', 110, 740, 4, 0, '2015-02-04 00:00:00'),
(1146, 2, '2218', 'f', 'f', 'Balatonakarattya', 58, 0, 'Nr: 2218 Eladó Balatonakarattya legszebb részén örökpanorámás nyaraló! Az ingatlanhoz rendezett 340 m2 telek tartozik, ahonnan gyönyörű rálátás van a Balatonra. Az épület teljes felújításon esett át, alapoktól a tetőig. A nyaralóban nappali, konyha, fürdő és két hálószoba lett kialakítva, hozzá nagyméretű terasz tartozik kertkapcsolattal. Közművek: víz, villany, csatorna, a fűtés kandallóval megoldott, gáz az utcában. A nyaraló mögött tároló is van, gépkocsi parkolás zárt  udvarban megoldott. Extra: elektromos kapu, hűtő-fűtő klíma, grillező. Hangulatos, modern kialakítás, igényes kivitelezés, közel Budapesthez. Kiváló lehetőség nyaralásra!\r\nwww.aktivingatlan.com\r\n', '', '', 80, 340, 3, 0, '2015-12-17 00:00:00'),
(664, 13, '1746', 'f', 'f', 'Lovas', 39, 0, 'Nr: 1746 Lovason panorámás gazdasági épület (180m2), 5200m2 telekkel eladó. Az ingatlan korábban meleg-konyhás étteremként üzemelt.', '', '', 180, 5200, 2, 0, '2011-12-10 00:00:00'),
(871, 2, '1948', 'f', 'f', 'Budapest', 76, 0, 'Nr. 1948 Budapest III. kerület, kiemelt hegyvidéki övezetében hihetetlen panorámával rendelkező ikerház eladó. Az épület 1998-ban épült, 606 m2 saját telek tartozik hozzá. A telek erős lejtését teraszos kialakítással oldották meg. Az épület 305 m2 összterületű, 4 szintes épület, ahol 4+2 szoba, 2 fürdő,2 kisebb zuhanyzó, konyha, 2 terasz lett kialakítva és garázs is tartozik hozzá. Víz, villany, gáz van, a szennyvízelvezetés derítővel megoldott. A fűtés padlófűtéssel, illetve a fürdőszobákban radiátorral megoldott. Az épületből 2 vagy 3 db külön bejáratú lakás(130, 70, 105m2), továbbá irodaház, orvosi rendelő, többféle műhely is kialakítható. A zárt előtérben és az előkertben összesen 7 személygépkocsi helyezhető el. Figyelem! Lehetőség van az ikerszomszéd megvásárlására is. Páratlan panoráma! A ház felett erdő! Érdeklődni  a következő számon lehet: 06 30/9695-681', '', '', 300, 600, 6, 0, '2013-10-14 00:00:00'),
(749, 11, '1830', 'f', 'f', 'Pécsely', 7.9, 0, 'Nr.1830 Pécsely belterületén, 1980 m2 belterületi építés telek eladó. A terület 30%-ban beépíthető, 4 m építménymagassággal. Víz és áram a telken, gáz és csatorna az utcában.', '', '', 0, 1980, 0, 0, '2012-09-26 00:00:00'),
(239, 6, '1344', 'f', 't', 'Balatonfüred', 7.8, 0, 'Nr:1344 Balatonfüred óvárosában, földszinti, másfélszobás, almérőkkel ellátott, újépítésű lakás eladó.  ', '', '', 36, 0, 1, 1, '2008-04-22 00:00:00'),
(809, 12, '1885', 'f', 'f', 'Balatonfüred', 4, 0, 'Nr:1885 Balatonfüred külterületén panorámás 4000 m2 szőlő eladó 1.000Ft/m2. Igény esetén további 4000 m2 terület hozzávehető. Ár: 1.000 Ft/ m2.', '', '', 0, 4000, 0, 0, '2013-04-09 00:00:00'),
(865, 12, '1941', 'f', 't', 'Balatonfüred', 29.7, 0, 'Nr:1941 Balatonfüred külterületén elvehetetlen panorámával, 2700 nm. zártkerti telek, 80 nm. felújítandó lakóházzal eladó! A felújításra érvényes és jogerős építési engedély van!', '', '', 80, 2700, 0, 0, '2013-09-06 00:00:00'),
(255, 8, '1359', 'f', 't', 'Dörgicse', 4, 0, 'Nr:1359 Dörgicsei pince-présház eladó. Külterületi, 5700m2 telken, panorámás, 40m2 (pince-présház, pihenőszoba). Közművek nincsenek!\r\n\r\n', '', '', 40, 5768, 1, 0, '2008-05-29 00:00:00'),
(950, 1, '1710', 'f', 'f', 'Zánka', 17.9, 0, 'Nr. 1710 Eladó a Balaton északi partján, Zánkán 2672 m2 telken 65 m2-es, nappali, másfél szobás részlegesen felújított lakóház. Az épülethez tartozik még egy külön bejáratú vendégszoba és egy garázs. Az épület egy része alápincézett. ', '', '', 65, 2670, 1, 1, '2014-07-11 00:00:00'),
(723, 1, '1804', 'f', 't', 'Tihany', 119, 0, 'Nr:1804 Tihany festői részén, panorámás, igényesen megépített, 200m2 kétgenerációs lakóház eladó. Az összközműves  5 szoba, 2 nappali, 3 fürdőszobás ház, mindkét felében fafűtéses kandalló fokozza az ingatlan hangulatát. Gondozott kert elegáns berendezés. Bővebb információ esetén , keresse az irodánkat! ', '', '', 200, 680, 7, 0, '2012-07-16 00:00:00'),
(504, 4, '1367', 'f', 't', 'Paloznak', 15, 0, 'Nr.  1367 Paloznakon eladó panorámás külterületi nyaraló. A telek 1470m2, szépen rendezett, gyümölcsfákkal és díszfákkal ültetett kert. Az épület 40m2 , ahol egy nappali, konyha, étkező, másfél szoba, fürdőszoba van.  Az ingatlanon van víz, (fúrt kút), derítő és a központi fűtés is ki van építve villannyal. A környék rendezett, az ingatlan aszfaltos úton megközelíthető. Az ár teljes berendezést + egy lakókocsit tartalmaz. ', '', '', 50, 1470, 1, 1, '2010-03-26 00:00:00'),
(768, 6, '1814', 'f', 'f', 'Balatonfüred', 99.5, 0, 'Nr:1814 Balatonfüred óvárosában 110 m2 összterületű társasházi lakásként nyilvántartott ingatlan eladó. Mivel két hrsz.-on van ezért mindkét lakrész önálló közművekkel bír. Az ingatlan rendelkezik  a járó beteg szakellátáshoz szükséges diagnosztikai gépekkel. Pl. 2 éves, 20,0 m. FT. értékű ultrahang, EKG készülék stb. Jól bejáratott, 12 éve működő szakellátás!', '', '', 114, 0, 4, 0, '2012-11-27 00:00:00'),
(848, 7, '1925', 'f', 't', 'Balatonfüred', 5.9, 0, 'Nr:1925 Egyszobás, hegyekre panorámás részlegesen felújítandó, 27 nm. apartman eladó.', '', '', 27, 0, 1, 0, '2013-07-10 00:00:00'),
(407, 12, '1497', 'f', 'f', 'Balatonudvari', 29, 0, 'Nr:1497 Balatonudvari külterületén, panorámás zártkert.\r\nA 8400m2 telek szőlővel telepített, ezért beépíthető. Víz a telken, áram az utcában.  Irányár: 29,0M Ft\r\n', '', '', 0, 8400, 0, 0, '2009-05-09 00:00:00'),
(347, 10, '1451', 'f', 'f', 'Balatonalmádi', 259, 0, 'Nr: 1451 Balatonalmádi, ahol a panoráma és a Balaton közelsége találkozik.\r\nAlmádi központjában, 10 apartmanos szálloda, (szálláshely) megnevezésű ingatlan, 900m2 telken A 900m2 összterületű épület, 2008-ra nyerte el végleges arculatát. \r\nAz alagsori részen Étterem (reggeliző) lett kialakítva, a megfelelő kiegészítő helyiségekkel (előkészítő, raktár, mosogató), külön női-férfi mosdóval, mosókonyha.\r\nAz I-II-III szinten szintenként egy db kétszobás és két db egyszobás apartman lett kialakítva. Minden apartman balkonnal ellátott.\r\nA 160m2 tetőtér, (2szoba, 2 fürdő, konyha-étkező, nappali, terasz) 30m2 panoráma terasszal zárul.\r\n\r\nAz ingatlan teljes közművel ellátott, igény esetén az épület hőellátása elektromos úton is megoldható,  a hőszigetelést a Dryvit szigetelés biztosítja. Műanyag nyílászárók, dupla garázs, tűzjelző rendszer, apartmanonként külön közműmérés.\r\nAz épület bútorozatlanul áll és még nem is üzemelt.\r\nCégtulajdonban van!\r\n\r\nAz ár irányár, májusig történő értékesítés esetén, komoly az alkualap.\r\n\r\n\r\n \r\n\r\n\r\n\r\n', '', '', 900, 900, 14, 0, '2009-01-20 00:00:00'),
(653, 6, '1725', 'f', 't', 'Balatonfüred', 13, 0, 'Nr:1725 Eladó Balatonfüred városközpontjában, de csendes környéken egy nyugati fekvésű, földszinti, kertkapcsolatos, 55m2-es, 1 szoba nappalis lakás. A fürdőszoba kádas, van külön gardrób szoba, a terasz kb. 4m2. A lakás teljes közművel ellátott, fűtése központi gáz. Alacsony közös költség, külön használható kis kert tartozik a lakáshoz.', '', '', 55, 0, 2, 0, '2011-10-27 00:00:00'),
(382, 1, '1475', 'f', 'f', 'Balatonfüred', 43.9, 0, 'Nr:1475 Balatonfüred kertvárosi részén, 120m2 alapterületű, 3 szintes családi ház, 690m2 telken. Az épület üdültetésre alkalmas. Szintenként 2 szoba, fürdő, konyha, nappali. Az épületen több terasz, ill. balkon található. A kertben pergola, grillező, szerszámos kamra van. Fűtés gázközponti, de akár vegyes tüzeléssel, vagy olajjal is fűthető.', '', '', 360, 690, 7, 0, '2009-03-20 00:00:00'),
(1113, 4, '2186', 'f', 'f', 'Káptalantóti', 29.9, 0, 'Nr. 2186 Eladó Káptalantótiban kétszintes, 140m2 összterületű gazdasági épületként nyilvántartott nyaraló 3691m2 telken. Az ingatlan délnyugati fekvésű, szép kilátással a Balatonra és a környező gulácsi és badacsonyi dombokra. A ház földszintjén terasz, konyha-étkező, szoba, fürdő-WC, pince található. A tetőtérben nappali, 2 szoba, erkély került kialakításra. Parkolás udvarban és garázsban lehetséges. Villany van, a víz ciszternáról megoldott. A fűtést kandalló és hősugárzó biztosítja. A sövénnyel körbezárt hangulatos kertben gyümölcsfák találhatóak. Csend, nyugalom és panoráma jellemzi az ingatlant! \r\nwww.aktivingatlan.com ', '', '', 140, 3691, 4, 0, '2015-08-03 00:00:00'),
(443, 11, '1533', 'f', 'f', 'Balatonudvari', 7.5, 0, 'Nr: 1533 Balatonudvari külterületén, Balatonhoz közel 3800nm. telek eladó!', '', '', 0, 3800, 0, 0, '2009-07-08 00:00:00'),
(620, 12, '1699', 'f', 'f', 'Csopak', 6, 0, 'Nr: 1699 Csopak külterületén 1500m2 telek kis balatoni panorámával eladó.\r\nVíz, áram és csatorna  a telken, gáz az utcában.\r\n \r\n', '', '', 0, 1500, 0, 0, '2011-06-02 00:00:00'),
(621, 1, '1700', 'f', 't', 'Káli-medence', 74.5, 0, '1700. Eladó Balatonfüredtől 20km-re, a Káli-medence szélén gyönyörű természeti környezetben nagyon igényesen felújított és kibővített tájház. A telek 2350m2 nagyságú, gyönyörű díszkert, balatoni rálátással és csodálatos panorámával a környező dombokra. Az épület 2009-ben készült el, 2 szintes. A földszinten találunk egy nappalit, ebédlőt, 3 hálószobát, 3 fürdőszobát, konyhát igényes fa beépített konyhabútorral, kamrát, és ott van a kazánház. Az emeleten van 2 szoba, 2 padlástéri helyiség, mely bármire kialakítható és egy erkély.\r\nA lakóházhoz tartozik egy kerti pince. A kertben úszómedence van tetővel ellátva. A fűtés korszerű központi gázfűtéssel van megoldva, mely átalakítható elektromos üzemmódra is, illetve egy gyönyörű cserépkályha van az ebédlőben.\r\nAz árban a teljes konyhabútor, gépezet és beépített bútorok benne foglaltatnak. Mind az épület, mind a kert nagyon elegáns, igényes ízlésre utal.\r\n', '', '', 200, 2350, 3, 2, '2011-06-03 00:00:00'),
(974, 12, '2051', 'f', 'f', 'Balatonfüred', 11, 0, 'Nr. 2051 Balatonfüred központjában, part közelében 3100m2 külterületi szőlő eladó. A telekre villany bevezetve, víz, gáz, csatorna az utcában.', '', '', 0, 3100, 0, 0, '2014-08-16 00:00:00'),
(1134, 4, '2206', 't', 'f', 'Balatonfüred', 24.9, 0, 'Nr. 2206 Az Aktív Ingatlaniroda kizárólagos kínálatában eladó Balatonfüred hegyoldalában balatoni panorámás, kétszintes nyaraló német tulajdonostól! A 75m2 összterületű ingatlan alsó szintjén terasz, konyha-étkező, pince, zuhanyzós fürdő-WC, kamra és egy szoba található. Az emeleten 17m2 terasz, nappali, két szoba és egy kádas fürdő-WC került kialakításra. Víz, villany van, gáz az utcában. Az emelet fűtését cserépkályha biztosítja. Az emeletről és a földszintről is csodás balatoni panoráma tárul elénk. Az ingatlan 1700m2-es hangulatos telkének 70%-a szőlővel telepített, emellett fügefák, barackfa, cseresznyefa található. A parkolás udvarban biztosított. Az ingatlanhoz több tárolóhelyiség, és szerszámos kamra tartozik. \r\n\r\n', '', '', 75, 1600, 0, 0, '2015-10-05 00:00:00'),
(332, 1, '1435', 'f', 'f', 'Paloznak', 29.9, 0, 'Nr:1435 Paloznak, eladó kétgenerációs lakóház.\r\nA nyolcvanas évek elején épült családi ház, nagyon szépen megmunkált kőlábazattal. Az épület 3 szintes, 6 szobás és szintenként fürdő és konyha van. A kertben szabadon álló épületként garázs, tároló helyiségek, kamra vizesblokk és pince található. Veteményes kert, hinta, pergola, a tetőtérből balatoni panoráma.\r\n', '', '', 240, 720, 6, 1, '2008-11-13 00:00:00'),
(469, 6, '1561', 'f', 't', 'Balatonfüred', 25, 0, 'Nr:1561 Balatonfüreden 26 lakásos lakóparkban, kétszintes, 3 szoba nappalis, téglaépítésű lakás, udvarra néző terasszal és garázzsal.\r\nKlíma, riasztó, ház központi fűtés egyedi méréssel.\r\n', '', '', 130, 0, 4, 0, '2009-10-02 00:00:00'),
(1036, 1, '2111', 'f', 'f', 'Balatonszőlős', 32.5, 0, 'Nr:2111 Balatonfüredtől 4 Km-re Balatonszőlősön eladó egy 2008-ban épült, kétszintes, 4 szobás, dupla komfortos lakóház, 1000 nm. telekkel. A tetőtéri fürdőszoba befejezésre vár (burkolat, fajansz).  A főfalak 38 cm. téglából épültek+5 cm Dryvit szigeteléssel borított. A telken önálló épületként egy 20 nm. könnyűszerkezetes garázs, valamint egy ásott kút található.', '', '', 160, 1000, 5, 0, '2015-02-16 00:00:00'),
(1161, 1, '2233', 't', 'f', 'Alsóörs', 26.9, 0, 'Nr:2233 Csak nálunk! Alsóörsön partközelben, 100 m-re a strandtól, csendes utcában ajánlom a következő ingatlant figyelmükbe. Az épület az 1970-es években épült, amelyet a jelenlegi tulajdonosa 2012-ben teljesen felújított. Műanyag nyílászárók, redőnyök, 2 db. hűtő-fűtő klíma, kiépített riasztó (lecsövezve), Dryvit szigetelés, gáz központi fűtés+kandalló. Elegáns beépített konyha bútor gépészet nélkül, valamint a beépített hálószoba szekrények, a ház tartozékai. A pinceszintig visszabontott lábazatra épült az új épület. Földszint: nappali-konyha-étkező, kézmosó, Wc, 6 nm. terasz. Tetőtér. 2 szoba, Wc, tusoló, balkon. Szuterén: tusoló-Wc, 2 tároló helyiség. A két lakószint együttesen 105 n nm. Használatba vételi engedély folyamatban! A 720 nm. telken fúrt kút és öntöző berendezés van.\r\nwww.aktivingatlan.com\r\n', '', '', 105, 720, 3, 0, '2016-02-26 00:00:00');
INSERT INTO `property` (`id`, `type_id`, `code`, `special`, `suspended`, `city`, `price_huf`, `price_eur`, `desc_hu`, `desc_en`, `desc_de`, `building_area`, `field_area`, `room_qty1`, `room_qty2`, `ins_date`) VALUES
(441, 1, '1531', 'f', 'f', 'Balatonfüred', 31.5, 0, 'Nr: 1531 Balatonfüreden, 600m-re a Balatontól, régi építésű, de 2008-ban felújított lakóház és önálló épületként egy dupla garázs, 640m2 telken. Az épület üdültetésre lett kialakítva. Két 1+fél, egy 1+2 fél és egy 1 szobás apartmanból áll, mindegyik apartman saját fürdővel és minikonyhával felszerelt. Dryvit szigetelés, műanyag nyílászárók.', '', '', 125, 640, 4, 3, '2009-07-07 00:00:00'),
(641, 1, '1722', 'f', 'f', 'Balatonfüred', 85, 0, 'Nr:1722 Balatonfüred csendes, kertvárosi övezetében, 800m2 telken eladó 140m2 alapterületű, 3 szintes, 1997-ben épült lakóház. Az épület ikerházként indult, jelenleg is két önálló lakrészből áll, de a pincén keresztül átjárható, viszont  egy helyrajzi számon van az ingatlan. Két önálló fűtésrendszer és két kazán. Az egyik részben cserépkályha is van. A szépen gondozott kert dísztóval pergolával és bográcsozóval felszerelt.\r\nAz épület üdültetésre kitűnően használható (7+2 félszoba, 4 nappali, 5-5 konyha és fürdő).\r\n', '', '', 400, 800, 7, 2, '2011-09-12 00:00:00'),
(734, 1, '1812', 'f', 't', 'Balatonfüred', 82, 0, 'Nr:1812 Balatonfüred idegenforgalmilag frekventált helyén, 7 szobás, 6 fürdőszobás, panzióként üzemelő úszómedencés lakóház  eladó. A 620 m2 telken, az igényesen megépített, beklímázott épület teljes közművel és gáz központi fűtéssel ellátott', '', '', 140, 620, 7, 0, '2012-08-31 00:00:00'),
(993, 1, '2067', 'f', 'f', 'Tihany', 90, 0, 'Nr: 2067 Csend, nyugalom, elvehetetlen panoráma! Tihany festői részén árulok minden igényt kielégítő mediterrán lakóházat. A 3 szobás+teraszokkal ellátott ingatlan 2009-ben lett felújítva (burkolatok, homloktati szigetelés, stb.) A 3 szintes épület alsó szintjén 40 nm. hobbiszoba lett kialakítva. Középső szint: előtér, konyha-étkező, kamra, fürdő, nappali és terasz. Felső szint: 3 szoba, fürdő, gardrób, terasz. A melegről gáz központi fűtés, valamint a nappaliban egy kandalló gondoskodik. A telek meredeksége miatt teraszos kertkialakítás történt, valamint itt kapott helyet egy nyugati oldalról nyitott terasz (borozó). További extrák: riasztó, táv vezérelhető fűtés, kamerás kaputelefon, elektromos kapu, öntöző berendezés, minden ablakon zsalugáter, cseresznyefa bútorok.', '', '', 147, 1200, 4, 0, '2014-10-06 00:00:00'),
(663, 11, '1745', 'f', 'f', 'Aszófő', 8.5, 0, 'Nr: 1745 Nr: Aszófő belterületén, 4 db. belterületi építési telek, balatoni rálátással eladó. Közművek a telekhatáron. Kereskedelmi vállalkozásra is kitűnő!\r\n1307 m2  1296 m2  973 m2  1158 m2 Minden telek 8,5 M. Ft.\r\n', '', '', 0, 1300, 0, 0, '2011-12-09 00:00:00'),
(678, 1, '1757', 'f', 'f', 'Balatonfüred', 68, 0, 'Nr:1757 Idilli csend és nyugalom! Balatonfüred hegyoldalában, nagyon szép balatoni panorámával eladó lakóház. Az épület 1985-ben épült. Nagy tágas terek és teraszok, 3 szint, garázs. 1100m2 ősfás kert. Az épület szerkezetileg stabil, de felújításra szorul.', '', '', 240, 1100, 5, 0, '2012-03-14 00:00:00'),
(1144, 1, '2215', 'f', 'f', 'Pécsely', 6.8, 0, 'Nr. 2215 Eladó Pécselyen 70m2 összterületű, 1910-ben épült, egyszintes lakóház 950m2 telekkel, amelyből 300m2 saját telekrész. Az ingatlan belső elosztása: előtér, 4 kisszoba, fürdő-WC, konyha, étkező. Az ingatlan fűtése vegyes központi (kandalló). Víz, villany, csatorna bevezetve, ház az udvarban. Parkolás az udvarban megoldott. \r\n', '', '', 70, 950, 0, 4, '2015-11-05 00:00:00'),
(505, 1, '1590', 'f', 'f', 'Felsőörs', 16.5, 0, 'Nr: 1590 Eladó, Felsőörs családi házas övezetében, 480m2 telken, az 1960-as években épült, 2006-ban felújított, 2 szobás, 75m2 lakóház. Az udvarban kitűnő konyhakert, valamint ólak biztosítják a háztáji gazdálkodást. A terasz alatt egyautós garázs van. A fűtés gázkonvektorról és cserépkályháról biztosított.', '', '', 75, 480, 2, 0, '2010-04-09 00:00:00'),
(1122, 12, '2195', 'f', 'f', 'Alsóörs', 5.99, 0, 'Nr. 2195 Eladó Alsóörsön 763m2 telken 18m2 gazdasági épület. Villany van, víz utcában, fúrt kút telken található. \r\n', '', '', 18, 763, 1, 0, '2015-08-25 00:00:00'),
(762, 4, '1843', 'f', 'f', 'Paloznak', 17.5, 0, 'Nr:1843 Paloznak külterületén 60 m2, panorámás ikernyaraló, 700 m2 telekkel eladó.', '', '', 60, 720, 1, 1, '2012-10-26 00:00:00'),
(802, 1, '1882', 'f', 'f', 'Balatonfüred', 24.9, 0, 'Nr:1882 Balatonfüred felső városrészében,220 nm. telken, 2003-ban épült stílszerű, 72 nm. összterületű, kétszintes  lakóház eladó. Földszint: előtér, konyha-étkező, kamra, nappali, Wc, terasz. Tetőtér:1+1/2 szoba, fürdő-Wc, balkon. Fűtés gáz, ill cserépkályha központi fűtés, a felső szintről balatoni panoráma van.', '', '', 72, 220, 2, 1, '2013-03-25 00:00:00'),
(378, 11, '1470', 'f', 't', 'Alsóörs', 7.7, 0, 'Nr:1470 Alsóörs belterületén, 570m2, összközműves építési telek, érvényes  építési engedéllyel és ásott kúttal.', '', '', 0, 570, 0, 0, '2009-03-13 00:00:00'),
(1092, 1, '2164', 'f', 't', 'Balatonfüred', 59.9, 0, 'Nr. 2164 Az Aktív Ingatlaniroda kizárólagos kínálatában eladó Balatonfüred idegenforgalmi központjában, 400m-re a Balatontól 240m2 lakóház 900m2 rendezett telken.\r\nA háromszintes ingatlanhoz 6 szoba, 6 fürdő-WC, 4 kis konyha, egy normál konyha, étkező tartozik, továbbá egy szauna merülő medencével került kialakításra. Földszinten: 2 szoba, konyha, étkező, fürdő, WC, 40m2 terasz,\r\nTetőtér: három egyszobás apartman kis konyhával és terasszal (balatoni rálátás).\r\nSzuterén: egy apartman+garázs. Parkolás az udvarban megoldott.\r\nAz ingatlan több generációs nagycsaládnak és befektetésre is kiváló lehetőség (20 éves vendégforgalom), a nyári szezonban az ingatlan kiadását Irodánk szívesen ellátja!\r\n\r\n', '', '', 300, 900, 6, 0, '2015-06-12 00:00:00'),
(1088, 1, '2162', 'f', 'f', 'Révfülöp', 44.9, 0, 'Nr. 2162 Eladó Révfülöpön vízközelben 160m2 összterületű lakóház + 30m2 lakható faház 700m2 telken. A háromszobás főépületben szélfogó, előtér, 3 fürdőszoba, WC, konyha, kamra, 3 szoba, 20m2 terasz került kialakításra. Az épület alatt garázs, mosókonyha, egyéb tároló helyiségek vannak. Az udvaron 30m2 két szoba-fürdős nyári lak, illetve további szerszámos kamra található. Az ingatlan fűtése gázközponti, és két darab cserépkályha. A kertben ásott kút és kiépített grillező van. Parkolás garázsban, udvarban megoldott. Kedvező elhelyezkedésének, fekvésének köszönhetően nyaralónak, vagy befektetésnek is jó lehetőség, nyaralóvendégek számára könnyen kiadható!', '', '', 160, 700, 3, 0, '2015-06-09 00:00:00'),
(888, 1, '1968', 'f', 'f', 'Balatonfüred', 41.5, 0, 'Nr:1967 Balatonfüred óvárosában, csendes he környéken, kis telken, 120 nm. alapterületű kétszintes családi ház eladó. Az 1+3 félszobás két nappalis, télikertes ház 1997-ben épült. Finn és infra szauna, jakuzzi, klíma, riasztó növeli az ingatlan komfortérzetét.', '', '', 200, 350, 3, 3, '2013-12-17 00:00:00'),
(704, 1, '1783', 'f', 'f', 'Balaton északi part', 105, 350000, 'Nr. 1783 Eladó a Balaton északi partján közvetlen vízparti, nagyon igényes lakóház. A ház 2 szintes, szintenként 100 m2 + 50 m2 terasz. A földszinten nappali kandallóval, konyha, kamra, 1 hálószoba, 2 fürdőszoba, hatalmas terasz beépített grillsütővel. Az emeleten 3 hálószoba, 2 fürdőszoba, 1 dolgozószoba, az épület teljes szélességében terasz, gyönyörű balatoni kilátással. Az épület teljes közművel ellátott, a fűtése padló és falfűtés(hűtés). Természetes burkolóanyagok, színvonalas kivitelezés. Parkolás a ház mögött kialakított parkolóban. Vadonatúj, exkluzív! ', '', '', 200, 870, 4, 0, '2012-06-01 00:00:00'),
(1056, 1, '2125', 'f', 'f', 'Balatonfüred', 49.5, 0, 'Nr. 2125 Eladó Balatonfüreden gyönyörű körpanorámás, háromszintes, 155m2-es családi ház 700m2es telekkel. Az ingatlan 2011-ban nagyon hangulatosan lett felújítva.  A földszinten két kisebb, külön bejáratú kertkapcsolatos apartman található, az egyik egy egyszobás, fürdővel, terasszal ellátott; a másik egy nappali-konyha, háló, fürdő és teraszos apartman. Az emeleten és a tetőtérben két nappali, egy konyha, négy félszoba és két zuhanyzó/WC található. Mindkét szinten van egy déli fekvésű fedett, panorámás terasz. Az emelet fatüzelésű kályhával fűthető, a tetőtérben klímaberendezés található. Víz, villany, csatorna van, a gáz az utcában található. Akár hangulatos, panorámás nyaralónak, akár állandó otthonnak is kiváló.', '', '', 155, 700, 4, 4, '2015-04-03 00:00:00'),
(510, 1, '1595', 'f', 'f', 'Balatonfüred', 55, 0, 'Nr:1595 Balatonfüred óvárosi részén, 1200m2 telken, többgenerációs panorámás családi ház eladó. Az épület négy, teljesen önálló lakásként funkcionál, közös közművekkel. Több mint 100 éves, boltíves borospince növeli a komfortot. Az udvarban egy 35m2 alkotóterem, valamint egy 40m2 üzlethelyiség lett a telekhatárra építve, utcafronti bejárattal.\r\nJelenleg vegyes tüzelésű központi fűtés működik, de a gáz is be van kötve. Alternatívaként, 2 db cserépkályha és 2 db öntöttvas kandalló biztosítja még pluszban a meleget.\r\n', '', '', 230, 1200, 8, 0, '2010-04-23 00:00:00'),
(565, 1, '1644', 'f', 'f', 'Balatonfüred', 49, 0, 'Nr. 1644 Eladó Balatonfüreden vízközeli családi ház. Az ingatlan a Szívkórház és a strand közelében található, ami értékét erősen növeli. A telek 475m2 nagyságú, az épület 105m2 összterületű egyszintes lakóház, mely belső elrendezése szerint 3 szoba, konyha, fürdőszoba, terasz és garázs. Az ingatlan 1968-ban épült, de teljes felújításon esett át 1998-ban. A lakóház teljes közművel ellátott, fűtése gáz központi + egy cserépkályha. ', '', '', 105, 470, 2, 1, '2010-09-14 00:00:00'),
(660, 1, '1740', 'f', 't', 'Balatonfüred', 42.9, 0, 'Nr. 1740 Eladó Balatonfüred új házas negyedében újszerű családi ház. A telek 601m2, az épület 100 m2 alapterületű, 3 szintes lakóház. (Összterület: 190 m2 + 2 terasz + 3 erkély). A pinceszinten garázs, mosókonyha, tároló van, a földszinten 2 szoba, nappali-étkező-konyha, fürdőszoba, terasz található, a tetőtérben 2 szoba, konyha, 2 fürdő, 3 erkély van. ', '', '', 220, 600, 4, 0, '2011-12-01 00:00:00'),
(411, 6, '1501', 'f', 'f', 'Tihany', 18.4, 0, 'Nr:1501 Tihany központjában, 5 lakásos társasházban, panorámás.  84m2 lakás.\r\nA társasház az 1920-as években épült, utoljára 2004-ben lett felújítva a lakás. Másfél szoba, konyha-étkező-nappali, kamra, fürdő, WC, gardrób. Fűtés cserépkályháról és öntöttvas kandallóról megoldott. Az ár berendezéssel együtt értendő. Parkolás az udvarban, minden lakáshoz 6m2 saját tároló tartozik.\r\n', '', '', 84, 0, 3, 0, '2009-05-15 00:00:00'),
(415, 12, '1505', 'f', 'f', 'Felsőörs', 11.2, 0, 'Nr:1505 Felsőörs külterületén, 2500m2 panorámás, jó kialakítású telek.\r\nVíz és áram folyamatban.\r\n', '', '', 0, 2500, 0, 0, '2009-05-27 00:00:00'),
(743, 4, '1823', 'f', 'f', 'Balatonfüred', 17.2, 0, 'ALKUKÉPES!!!\r\n\r\nNr:1823 Balatonfüred hegyoldalában 1580 m2 telken, panorámás, 50 m2 alapterületű (két szint + tetőtér), nyaraló (pince) eladó. Földszint: konyha, fürdő,  pince,. Emelet: nappali, két szoba, balkon. Tetőtér: egy szoba. Víz és áram megoldott, a telek szőlővel és gyümölcsfákkal telepített.', '', '', 100, 1580, 3, 0, '2012-09-08 00:00:00'),
(1131, 1, '2203', 'f', 'f', 'Balatoncsicsó', 23.5, 0, 'Nr. 2203 Eladó Balatoncsicsón újszerű, 2002-ben épült, háromszintes, nagyméretű családi ház 1486m2 telekkel. Az ingatlan földszintjén: hall, nappali, két szoba, konyha-étkező, fürdő, WC, 8m2 terasz. Pinceszinten: kazánház, WC, garázs, tároló. A tetőtérben szoba, fürdő-WC került idáig kialakításra, a további tér még beépítésre vár. Az ingatlan lakóterülete 130m2, összterülete 300m2. Víz, villany, derítő van, gáz az utcában. A ház fűtése vegyes központi. Parkolás garázsban megoldott. \r\n', '', '', 150, 1486, 4, 0, '2015-09-24 00:00:00'),
(1076, 1, '2147', 'f', 'f', 'Balatonudvari', 6.4, 0, 'Nr. 2147 Eladó Balatonudvari strandközeli részén nádtetős, 50m2 egyszobás, kertkapcsolatos kőház/udvar 250 m2 ráeső telekrésszel. A közel 200 éves ingatlan 2014-ben részleges felújításon esett át. Víz, villany, csatorna van, gázcsonk az udvarban. Az ingatlan fűtése cserépkályhával és villanyradiátorral megoldott. Az Ingatlan további egy szobával bővíthető a korábbi fészer átalakításával. ', '', '', 50, 250, 1, 0, '2015-05-27 00:00:00'),
(878, 6, '1955', 'f', 't', 'Balatonfüred', 16.99, 0, 'Nr:1955 Balatonfüred domboldalában, újépítésű, 80 nm. tetőtéri panorámás lakás kedvező áron eladó. Az ingatlan 15,0 M. Ft-ig illetékmentességet élvez (első tulajdonos). A 1+1/2 szoba+nappalis+galériás lakásban minden mérő, ill fűtés (cirkó) egyedi, 2 db. terasz 4 és 7 nm. terasz is tartozik hozzá. A belső hideg burkolatok befejezésre várnak, szaniter és csaptelepek, konyha nincsenek beépítve. Kérésre megoldható! Parkolás az udvarban.', '', '', 80, 960, 2, 1, '2013-10-31 00:00:00'),
(895, 1, '1975', 'f', 't', 'Balatonfüred', 35, 0, 'Nr:1975 Ha egyszintes házat keres, kérem hívjon! Füred kertvárosi övezetében, igényesen felújított 80 nm. lakóház, 510 nm. telekkel eladó. Az épület 1960-ban épült, amely teljes átalakításon és felújításon esett át (nyílászáró, burkolatok szerelvénye, szigetelés). A melegről gázkonvektorok, valamint egy kandalló gondoskodik a hideg napokon. A főépületen kívűl egy  45 nm. épület is szerkezetileg teljesen megújult (tetőcsere, nyílászárók), belülről szerkezetkész állapotban van. Másfélszobás önálló lakrész kialakítható! Továbbá egy 6 nm. jól szigetelt kamra, valamint egy 5 nm. faház (szerszámos kamra) és egy jó hozamú ásott kút található még a kertben.', '', '', 80, 510, 2, 1, '2014-01-16 00:00:00'),
(677, 1, '1756', 'f', 'f', 'Óbudavár', 42, 0, 'Nr:1756 Óbudaváron, 2000m2 telken, az  1850-es években épült, de 1991-ben felújított, többcélú hasznosításra alkalmas, 220m2 összterületű, 6 szobás lakóház eladó. Az ingatlannal közvetlen határos 2,5 ha rét is hozzávásárolható, amiből 7 db építési telek kialakítható, a rendezési terv szerint.                           A két ingatlan együttesen 42,0M Ft', '', '', 220, 2000, 6, 0, '2012-03-09 00:00:00'),
(1149, 1, '2222', 'f', 'f', 'Balatonfüred', 45, 0, 'Nr: 2222 Balatonfüred csendes kertvárosi részén eladó egy kétszintes 3 szoba nappalis, 120 nm. lakószintü családi ház. Az épület 1983-ban épült, a korához képest jó állapotban van. Az alagsorban került megépítésre a garázs mellett a  kazánház és raktár. A kert végében önálló épületként van még egy nyári konyha alatta egy boltíves borospince, valamint egy fillagória. A tetőtér beépíthető!', '', '', 160, 630, 4, 0, '2016-01-14 00:00:00'),
(977, 4, '2054', 'f', 'f', 'Balatonakali', 13.5, 0, 'Nr. 2054 Balatonakaliban gyönyörű panorámás 50m2 &#8211;es nyaraló 1361m2-es telekkel eladó. A kétszintes ingatlan 2013-ban lett felújítva, amelyben egy szoba, nappali, konyha, fürdőszoba lett kialakítva, a hatalmas 75m2-es kertkapcsolatos teraszról pedig csodálatos panoráma nyílik a tóra. A telken villany, derítő van, jelenleg a víz nem megoldott.', '', '', 50, 1361, 0, 2, '2014-08-21 00:00:00'),
(978, 12, '2055', 'f', 'f', 'Balatonfüred', 7.8, 0, 'Nr. 2055 Balatonfüred hegyoldalában, a Kéki - dűlőben szép balatoni panorámás 4580m2-es külterületi telek (legelő) eladó. Közművek: villany az utcában, víz nincs, kút fúrása lehetséges. ', '', '', 0, 4579, 0, 0, '2014-08-22 00:00:00'),
(597, 12, '1555', 'f', 'f', 'Csopak', 27.5, 0, 'Nr:1555 Csopak külterületén 2500m2, körpanorámás építési  telek, jogerős építési engedéllyel eladó.  80m2 épület építhető rá. A vezetékes áram és a víz megoldott.', '', '', 0, 2500, 0, 0, '2011-03-23 00:00:00'),
(658, 1, '1741', 'f', 'f', 'Tihany', 39.5, 0, 'Nr. 1741 Eladó Tihany faluban a Belső-tóra panorámás, nyugati fekvésű 1357m2 belterületi telek elkészült tervrajzzal és építési engedéllyel. Víz, villany a telken, csatorna, gáz az utcában. A telek két hrsz. számon van, így külön is megvásárolható. Az egyiken lakóház van (ami felújítható), a másikra új építhető. Ezek alapján az üres telek 21,5M Ft, a lakóházas ingatlannak 19,5M Ft az ára.', '', '', 80, 1300, 0, 0, '2011-12-01 00:00:00'),
(1063, 1, '2134', 'f', 'f', 'Vászoly', 80, 0, 'Nr. 2134 A Balaton-felvidék egyik legszebb falvában, Vászolyon több épülettel rendelkező nádtetős parasztház 1337m2 telekkel eladó. A három épület összesen 290m2. Az 1798-ban épült parasztház 1992-ben került felújításra, amelyben előszoba, 2 szoba, konyha, kamra és fürdő-WC található. A telken fekvő két bejárattal rendelkező új házban előszoba, 40m2 lakókonyha, 4 szoba, fürdőszoba és a garázs került kialakításra.  A harmadik épületben egy szoba és fürdőszoba található. A telken pajta és két boltíves borospince is helyet kapott. Villany, víz és csatorna bekötve, gáz az utcában, a fűtés cserépkályhákkal megoldott. Romantikus, hangulatos ingatlan, amely akár nagycsaládosoknak, akár befektetésnek is kiváló lehetőség, mivel falusi vendégházként is üzemeltethető!', '', '', 290, 1337, 7, 0, '2015-04-27 00:00:00'),
(750, 11, '1831', 'f', 't', 'Dörgicse', 9.15, 0, 'Nr:1831 Dörgicse belterületén, 4500 m2 belterületi építési telek  eladó. A terület 20%-ban beépíthető, 4,2 m. építménymagassággal. Az ingatlan két hrsz.-on van, áram a telken gáz, csatorna, víz az utcában.  Két önálló telekként is megvásárolható. Ár: 2000Ft/m2, ha egyben vásárolják meg!', '', '', 0, 4570, 0, 0, '2012-09-26 00:00:00'),
(1097, 1, '2170', 'f', 'f', 'Alsóörs', 38, 0, 'Nr. 2170 Eladó Alsóörsön hangulatos, 100m2 összterületű nyaraló 630m2 telken. A kétszintes ház földszintjén előtér, WC, konyha, mosókonyha-kazánház, nappali, 22m2 terasz. Az emeleten 3 hálószoba, fürdő-WC, terasz, gardrób található. Az ingatlan összközműves, fűtése gázközponti és cserépkályha. Parkolás az udvarban megoldott. A strand 10 perc gyalogos sétával könnyen elérhető. ', '', '', 100, 637, 4, 0, '2015-06-26 00:00:00'),
(755, 6, '1836', 'f', 't', 'Balatonfüred', 19.7, 0, 'Nr:1836 Balatonfüreden földszinti, panorámás, 47 m2 kétszobás, egyedi fűtéses társasházi lakás eladó. Nagy terasz, egy autó részére parkolás az udvarban. A társasházhoz kültéri medence is tartozik. Közös költség:10.000 Ft/hó. \r\n\r\n', '', '', 60, 0, 1, 1, '2012-10-09 00:00:00'),
(604, 1, '1682', 'f', 't', 'Balatonfüred', 63, 0, 'Nr: 1682 Balatonfüred központjában, üdültetésre kiválóan alkalmas, nagyméretű, több külön bejárattal rendelkező családi ház eladó.\r\nAz épület a 70-es évek elején épült, amit a jelenlegi tulajdonos 2000-ben átalakított és felújított.   A 240m2 összterületű 3 szintes épület alsó szintjén lett kialakítva egy 1+1/2 szobás önálló lakrész kicsi boltíves borospincével, szaunával és garázzsal. Az emeleten, ill. a tetőtérben több egy és kétszobás, teraszos, külön bejárattal bíró apartman van. A  gondozott 700m2 kert egy része térkővel burkolt (több autó parkolására), valamint fűvel és gyümölcsfákkal telepített.  Elektromos garázs és kerti kapu, a felső szintről némi balatoni rálátás.\r\nAz ingatlan teljes berendezéssel és bútorzattal eladó, ami további 1,5M Ft értéket képvisel. \r\n\r\n', '', '', 240, 700, 7, 2, '2011-04-15 00:00:00'),
(767, 1, '1846', 'f', 'f', 'Balatonfüred', 39, 0, 'Nr:1846 Balatonfüred hegyoldalában, két hrsz.-on lévő, 3 db. épület a következők szerint eladó. I. verzió:  középső új épület (140 m2, F.sz: szoba, nappali-konyha-étkező, fürdő, előszoba, terasz. T.tér: szoba, 60 m2 egyben légtér, fürdő, 2 erkély). Valamint ettől az épülettől nyugatra eső régi, 2 szobás  ház. Ár: 42,0  M. Ft  II. verzió:  középső új épület és a tőle keletre eső régi ház (teljes felújítást igényel). Ár: 39,0 M. Ft A panorámás telkek összterülete 1018 m2.', '', '', 140, 1000, 3, 0, '2012-11-15 00:00:00'),
(528, 2, '1610', 'f', 't', 'Tihany', 65, 0, 'Nr: 1610 Tihany csendes hegyoldalában, panorámás ikerházrész eladó. A ház egyébként lakó- és ikerház, egyéni cirkófűtéssel. Mindkét szintje kb. 55m2, tehát összesen 110m2 (+ a teraszok), a saját kertrész 600m2. A teraszok és a kert, teljesen szeparált az ikerszomszédtól.\r\nA telek adottságai  miatt a telek még a ház  és a hátsó támfal felett is folytatódik, ahol fantasztikus panorámájú napozó teraszok kerültek kialakításra.  A panoráma, ami egyébként már a lenti nappaliból és teraszról is teljes, innen  tényleg hibátlan.\r\nA földszinten van egy 36 m2-es nappali étkezőrésszel és konyhával, itt került kialakításra egy cserépkályha szép nagy üvegajtóval,  8m2-es háló, egy zuhanyozós fürdőszoba, valamint a lépcsőház és egy kis tároló. \r\nAz emeleten 3 hálószoba és egy fürdőszoba van.\r\nMind a földszinti, mind az emeleti teraszokról elénk tárul a Balaton!\r\n', '', '', 110, 600, 4, 0, '2010-06-02 00:00:00'),
(1118, 12, '2189', 'f', 'f', 'Pécsely', 9.9, 0, 'Nr. 2189 Eladó Pécselyen 3108m2 zártkerti ingatlan 1960-ban épült 50m2, D-i fekvésű gazdasági épülettel. Villany van. Az ingatlan föld úton megközelíthető.\r\n ', '', '', 50, 3109, 0, 0, '2015-08-15 00:00:00'),
(765, 6, '1773', 'f', 'f', 'Balatonfüred', 58, 0, 'Nr:1773 Balatonfüred frekventált helyén, panorámás, klímás, igényes kialakítású, 2 szoba, nappalis, 70m2 téglalakás, garázzsal együtt eladó. Az épületben wellness részleg is kiépült.', '', '', 70, 0, 3, 0, '2012-11-05 00:00:00'),
(985, 1, '2060', 'f', 'f', 'Balatonfüred', 210, 0, 'Nr: 2060 Balatonfüred központjában, 950 nm. telken, eladó 500 nm. összterületű, 12 szobás, kétlakásos családi ház. Panzióként is üzemeltethető! Az ingatlan 2013-ban lett felújítva. Hidegburkolatos szobák, elegáns hall, szuterénban meleg konyhás étterem is kialakítható, vendégtérrel. Az udvarban 18 m2 medence található.', '', '', 500, 950, 12, 0, '2014-09-16 00:00:00'),
(533, 1, '1612', 'f', 'f', 'Balaton északi part', 78, 0, 'Nr:1612 Ahol megáll az idő,  nyugalom és  csend a falu szélén!\r\n\r\nA Káli medence egyik településén, Balatonfüredtől 20km-re, idilli környezetben, 2500m2 parkos telken eladó, egy kétszintes, 240m2 összterületű családi ház. Nagyon sok természetes anyag került beépítésre, elsősorban a vörösfenyő, ill. az ebből készített rönkfa tartóoszlopok. A galériás nappaliból elénk tárul a császárfás tetőszerkezet.  Minden szinten egy-egy dolgozószoba lett kialakítva. Az ötszobás ház 3 fürdőszobával, a földszinten konyha- étkezővel, még a tetőtérben teakonyhával ellátott. A járművek biztonságát, kétautós garázs biztosítja, a ház előtti részt nagy terasz, az oldalát tornác határolja. \r\nA téli időkben a melegről a gázközponti fűtés, valamint 2db üvegajtóval felszerelt padkás cserépkályha gondoskodik. Az udvarban önálló épületként 60m2 pince ad helyet a kerti szerszámoknak, fűnyírónak, igény szerint a bornak. A 35m3 esővíz ciszterna biztosítja az öntözést. \r\nA nagyméretű, egyedileg gyártott fa nyílászárók, a rönkfa oszlopok, a nagy terek, a Júlia-erkély és az épület stílusa, tökéletes harmóniát biztosít, aminek színvonalát a csodálatos környezet és a kert tovább növeli. \r\nIGÉNYES ÉRDEKLŐDŐK JELENTKEZÉSÉT VÁRJUK!\r\nTOVÁBBI INFORMÁCIÓT CSAK AZ IRODÁBAN TUDUNK KIADNI!\r\n\r\n', '', '', 240, 2500, 5, 0, '2010-06-18 00:00:00'),
(1135, 1, '2207', 't', 'f', 'Paloznak', 55, 0, 'Nr. 2207 Eladó Paloznakon örökpanorámás, kétszintes családi ház 1700m2 telken. A 120m2 összterületű ház földszintjén nappali-konyha-étkező, tusoló, kamra-kazánház és 40m2 gyönyörű panoráma terasz került kialakításra. Az emeleten 3 szoba, 2 fürdő-WC, és balkon található. Az ingatlan összközműves, fűtése gázközponti (tartályos gáz), víz saját kútból, derítő, villany. Parkolás 4 autó részére dupla garázsban megoldott. Az ingatlan aszfaltos úton megközelíthető. A gyönyörű balatoni panoráma és a környező domboldal intimitást biztosít! Ideális panorámás ingatlan akár állandó lakásra, akár nyaralónak, elvonulásra is kiváló! \r\n', '', '', 120, 1700, 4, 0, '2015-10-08 00:00:00'),
(982, 6, '1921', 'f', 't', 'Balatonfüred', 48, 0, 'Nr:1921 Csak az Aktív ingatlaniroda kínálatában! Ahol találkozik a luxus, a panoráma és a nyugalom. Balatonfüreden káprázatos panorámával, igényes, energetikailag A+ két szoba, nappalis új építésű téglalakás eladó. Az ingatlanhoz 2 db. terasz (40 nm.) is tartozik. Falhűtés-fűtés, nyílászárók k. 0.7 értékűek (4-16-4-16-4 üvegezés), teraszon tusoló, elektromos napellenző automata szélérzékelővel. Alacsony rezsi!További információt csak személyesen az irodánkban tudunk kiadni!', '', '', 95, 0, 2, 1, '2014-09-10 00:00:00'),
(1158, 4, '2231', 'f', 'f', 'Alsóörs', 19.9, 0, 'Nr:2231 Alsóörs partközelében 1+3félszobás ikernyaraló eladó. A kétszintes duplakomfortos épület alatt kis pince van. A 360 nm. füvesített kert pár gyümölcsfával és csemegeszőlővel betelepített. Fűtés nincs kiépítve, de kémény van. Az ingatlan az 1980-as évek végén épült, burkolatok és a kialakítás az akkori kort tükrözi!\r\nwww.aktivingatlan.com\r\n', '', '', 100, 360, 2, 3, '2016-02-10 00:00:00'),
(1159, 11, '2232', 'f', 'f', 'Balatonfüred', 18.5, 0, 'Nr:2232 Balatonfüreden 810 nm. belterületi építési telek, érvényes építési engedéllyel (lakóház) eladó. Víz, villany, csatorna ásott kút a telken, gáz az utcában. Balatoni rálátás!  CSOK igénybe vehető!\r\nwww.aktivingatlan.com\r\n', '', '', 0, 810, 0, 0, '2016-02-11 00:00:00'),
(1083, 4, '2156', 'f', 'f', 'Balatonakali', 5.5, 0, 'Nr. 2156 Eladó Balatonakali vízközeli részén 56m2 nádtetős parasztház/udvar 122m2 telekkel. Víz, villany, csatorna van, gáz az udvarban. Az épület 1854-ben épült, műemlékvédelem alatt áll. Belső elosztása előtér, zuhanyzós fürdő+WC, szoba, konyha. Parkolás udvarban megoldott. ', '', '', 56, 122, 1, 0, '2015-06-02 00:00:00'),
(741, 1, '1821', 'f', 't', 'Balatonfüred', 17.5, 0, 'Nr:1821 Balatonfüred óvárosában, 200 m2 telken, régi építésű, de folyamatosan karbantartott és felújított, 100 m2, 3 szobás lakóház eladó. Az épület alatt kb. 80 m2 boltíves borospince található.', '', '', 100, 205, 3, 0, '2012-09-05 00:00:00'),
(1140, 1, '2210', 'f', 'f', 'Magyarpolány', 22.99, 0, 'Nr. 2210 Eladó Magyarpolányban, Európa Nostra-díjas településen 120m2 összterületű egyszintes népi lakóház 6510m2 telekkel. Az ingatlan belső elosztása: konyha, tisztaszoba, kisszoba, fürdő-WC, nagyszoba, tornác, garázs, tároló. Az összközműves ház fűtése gázközponti és kandalló. A kertben ásott és fúrt kút is található. Az ingatlan 1903-ban épület, 2000-ben került felújításra. \r\n', '', '', 120, 6510, 2, 1, '2015-10-27 00:00:00'),
(769, 12, '1848', 'f', 'f', 'Balatonfüred', 9.9, 0, 'Nr: 1848 Balatonfüreden, balatoni kilátással 3100 m2 külterületi telek (gyümölcsös) eladó. A terület föld felett 3%-ban, föld alatt 5%-ban beépíthető, ha 80%-ban szőlővel betelepítik.', '', '', 0, 3100, 0, 0, '2012-11-30 00:00:00'),
(686, 13, '1766', 'f', 'f', 'Alsóörs', 29, 0, 'Nr:1766 Alsóörsön vízközeli, 6200m2, telephely megnevezésű terület eladó. 10%-ban beépíthető, maximum 4,5m épület magassággal. Közművek az utcában.', '', '', 0, 6210, 0, 0, '2012-04-14 00:00:00'),
(1049, 11, '2081', 'f', 'f', 'Balatonfüred', 22.15, 0, 'Nr. 2081 Balatonfüreden szép balatoni panorámás, 20 százalékban beépíthető, 1166m2-es építési telek eladó. Közművek kiépítése folyamatban, az ár a víz, villany és csatorna telekhatárig történő vezetését tartalmazza.', '', '', 0, 1166, 0, 0, '2015-03-30 00:00:00'),
(605, 1, '1681', 'f', 'f', 'Zánka', 44.8, 0, 'Nr: 1681 Eladó Zánkán családi ház. A telek a település egy új részén, közel a vízhez, rendezett környezetben helyezkedik el. A telek 900m2 szabályos téglalap alakú, lejtése nincs, fekvése déli. Az épület 130m2 alapterületű, két lakószintes épület + egy pinceszint, ahol garázs és szerszámos helyiség van kialakítva. A földszinten nappali-konyha, 1 hálószoba fürdővel, 1 dolgozószoba, 1 fürdőszoba van + egy nagyméretű terasz tartozik hozzá. Az emeleten 4 szoba, 2 fürdőszoba, egy nappali és terasz található. A kert rendezett. Az épületbe riasztó + klíma van beszerelve. A lakóház fűtése központi gáz + kandalló. Szépen karbantartott családi ház, tágas terek! \r\n', '', '', 240, 900, 6, 0, '2011-04-16 00:00:00'),
(850, 1, '1928', 'f', 'f', 'Felsőörs', 99, 0, 'Nr:1928 Egy igazi kuriózum! Ha el akar vonulni a külvilágtól, teljes intimitásra vágyik, Felsőörs külterületén 3460 nm. csodálatos balatoni panorámás telken eladó egy, az 1800 évek elején épült kúria (minősítése lakóház). Az épületbe érve 200 évet utazunk vissza az időben. A 4 szoba, nappalis lakóház stílusában megőrizte az elmúlt évszázadokat (eredeti ajtók, hajópadló, ablakok). A valamikori Vincellérház alatt L. alakú 120 nm. boltíves borospince található. Az ingatlan fűtése cserépkályhákkal biztosított, víz és áram van. A birtok ásott kútról öntözhető, ami részben szőlővel telepített. További információval az irodánkban keressem!', '', '', 373, 3467, 4, 0, '2013-07-19 00:00:00'),
(650, 10, '1734', 'f', 'f', 'Balatonfüred', 9, 0, 'Nr:1734 Balatonfüred középső városrészében, 60-65m2 üzlethelyiségek (3db) eladók. Ár: 9,0M Ft, 9,0M Ft, ill. 12,0M Ft +áfa. Az ingatlanok bérelhetőek is 50.000 Ft+áfa+rezsi.', '', '', 60, 0, 0, 0, '2011-10-14 00:00:00'),
(1151, 11, '2224', 'f', 'f', 'Balatonudvari', 6.5, 0, 'Nr:2224 Eladó Balatonudvariban 1030 nm. belterületi építési telek. Közművek  a telekhatáron. Oldalhatáros beépíthetőség 30%-ban, 50% zöldfelület, 4,5m átlagmagasság mellett. Engedélyezett kereskedelmi, szolgáltató, vendéglátás, szobakiadás céljára szolgáló épület megépítése, valamint lakóház is!', '', '', 0, 1000, 0, 0, '2016-01-16 00:00:00'),
(1129, 1, '2201', 'f', 'f', 'Balatonfüred', 34.9, 0, 'Nr. 2201 Eladó Balatonfüreden a vasúti sínek alatt, a városközpontban 170m2 összterületű családi ház 742m2 telken. A ház az 1970-es években épült, 2012-ben felújításon esett át. A ház belső elosztása: előszoba, 2 szoba, nappali, konyha-étkező, 2 fürdő-WC, déli fekvésű 24m2 terasz + 56m2 szuterén. Az ingatlan teljes közművel ellátott, fűtése gázközponti, két darab cserépkályha és hőtárolós villanykályhával megoldott. Parkolás az udvarban megoldott. Az ingatlan teljes bútorral együtt eladó. \r\n', '', '', 170, 742, 3, 0, '2015-09-18 00:00:00'),
(1082, 4, '2155', 'f', 'f', 'Balatonfüred', 11.9, 0, 'Nr. 2155 Eladó Balatonfüred hegyoldalában 44m2 összterületű panorámás gazdasági épület 2964m2-es osztatlan közösből 360m2 ráeső telekrésszel. A kétszintes épület 1995-ben épült, földszinten konyha, fürdő, WC, terasz. A tetőtérben egy szoba került kialakításra. Víz, villany, derítő (6m3) van. Parkolás az udvarban megoldott. ', '', '', 44, 360, 1, 0, '2015-06-02 00:00:00'),
(856, 6, '1916', 'f', 't', 'Balatonalmádi', 14.7, 0, 'Nr:1916 Balatonalmádiban hat lakásos társasházban, földszinti, 48 nm. egy szoba, nappalis lakás eladó. Tökéletes hőszigetelés, geoterm fűtés, nagyon alacsony rezsi. A lakáshoz 2 db kertkapcsolatos terasz, 16 nm. boltíves pince is tartozik. Extrém időjárás esetén, 2 db hűtő-fűtő klíma biztosítja az ideális hőmérsékletet. Közös költség 6.800 Ft/hó.', '', '', 48, 1000, 2, 0, '2013-08-01 00:00:00'),
(1070, 12, '2140', 'f', 'f', 'Balatonfüred', 52, 0, 'Nr. 2140 Eladó Balatonfüreden 5773m2 gyönyörű panorámás külterületi telek, amely jelenleg zártkertként van nyilvántartva. Víz, villany, csatorna van, gáz az utcában. ', '', '', 0, 5773, 0, 0, '2015-05-14 00:00:00'),
(988, 4, '2062', 'f', 'f', 'Zánka', 24.9, 0, 'Nr. 2062 Idill, csend és nyugalom! Zánka domboldalában 4000m2-es telken kétszintes, 70m2 alapterületű hangulatos, panorámás nyaraló kitűnő állapotban eladó. A nyaraló fűthető, a fűtés cserépkályháról megoldott. A telek egy részére szőlő lett telepítve, a másik fele rét. Vezetékes víz, áram van. Az ingatlan riasztóval védett. A berendezés megegyezés tárgyát képezi. ', '', '', 140, 6000, 4, 0, '2014-09-27 00:00:00'),
(876, 10, '1953', 'f', 'f', 'Balatonfüred', 9.9, 0, 'Nr:1953 Balatonfüred partközelében 38 nm. kis ház osztatlan közös területen eladó. Jelenleg meleg konyhás étteremként van nyílván tartva. 60 fő befogadására képes (teraszokkal együtt). Érvényes HACCP, berendezéssel együtt eladó! Az ingatlan magántulajdonban van. Akár nyaralónak is kiválóan alkalmas. Közös költség 230.000Ft/év ', '', '', 38, 0, 0, 0, '2013-10-23 00:00:00'),
(1064, 1, '2135', 'f', 'f', 'Csopak', 27.9, 0, 'Nr. 2135 Eladó Csopakon vízközeli, egyszintes, 80m2-es, tágas családi ház 700m2-es telekkel. Az ingatlan az 1970-es években épült, elosztása: 35m2 nappali &#8211; konyha &#8211; étkező, 2 szoba, fürdő-WC, 20m2 kertkapcsolatos terasz, 10m2 pince. A gondozott kertben melléképület, 25m2-es kocsibeálló, kertizuhany, grillező található. A ház tovább bővíthető, mivel a padlástér beépíthető.  Az ingatlan fűtését 3 darab hőtárolós villanykályha biztosítja. ', '', '', 80, 700, 3, 0, '2015-04-28 00:00:00'),
(1123, 1, '2197', 'f', 'f', 'Balatonfüred', 48.7, 0, 'Nr. 2197 Az Aktív Ingatlaniroda kizárólagos kínálatában eladó Balatonfüred felső városközpontjában 270 m2 összterületű, 3 szintes lakóház 720 m2 hangulatos telken külföldi tulajdonostól. Az ingatlan 1993-ban épült, 2004-ben került felújításra. Az ingatlan emelete teljesen leszeparálható, mivel külön bejáratú, kiadható bérlőnek. A családi ház alsó szintje teljesen alápincézett, 4 helyiség és egy fürdő, kazánház található benne. A földszinten nappali, konyha, kamra, fürdő, WC, 2 szoba, télikert/terasz található. Az emeleten kialakításra került két apartman, mindegyikben egy hálószoba, nappali, konyha, fürdő és erkély található. Teljes közmű kiépítve, a fűtés gáz és vegyes tüzelés. Az ingatlan kellemes családi házas övezetben található. Több generációs családnak vagy befektetésnek is kedvező lehetőség!', '', '', 270, 747, 7, 0, '2015-08-28 00:00:00'),
(627, 11, '1706', 'f', 't', 'Balatonfüred', 47, 0, 'Nr: 1706 Balatonfüred idegenforgalmi központjában, összközműves, 1200m2 belterületi építési telek eladó. Akár üzleti célra is (panzió).', '', '', 0, 1260, 0, 0, '2011-06-19 00:00:00'),
(752, 1, '1835', 'f', 'f', 'Csopak', 14, 0, 'Nr:1835 Csopak falu központjában, családi ház földszinti része  + pince (90 m2) eladó.  3 szoba, fürdő, konyhás lakrész teljesen külön bejárattal, fűtéssel és közművekkel rendelkezik. A teljes felújítást igénylő ingatlanhoz 300 m2 kertrész tartozik. Az ingatlan formája kétlakásos társasház!', '', '', 90, 300, 3, 0, '2012-09-28 00:00:00'),
(1062, 4, '2133', 'f', 'f', 'Csopak', 26.9, 0, 'Nr. 2133 Eladó Csopakon kétszintes, 66m2 alapterületű gazdasági épület/nyaraló + pince 2000m2-es telekkel. Az épület 1987-ben épült, szép balatoni rálátással rendelkezik. A pinceszinten 24m2-es boros pince, fürdő-WC és tároló található. A földszinten 2 szoba, nappali, fürdő, WC, konyha és terasz van. A tetőtér beépíthető, víz, villany felállás ott van. Az ingatlan fűtése gázközponti. Parkolás az udvarban megoldott. Ásott kút az udvarban található.\r\n\r\n\r\n\r\n\r\n\r\n\r\n\r\n\r\n\r\n\r\n\r\n', '', '', 66, 2000, 3, 0, '2015-04-27 00:00:00'),
(807, 7, '1891', 'f', 't', 'Balatonfüred', 8.5, 0, 'Nr: Kedvező ajánlat!!! 1892 Balatonfüred partközelében, másfélszobás, 33 nm. felújított apartman berendezéssel együtt eladó. Alacsony közös költség.', '', '', 33, 0, 1, 1, '2013-04-08 00:00:00'),
(1124, 12, '2196', 'f', 'f', 'Balatonfüred', 9.9, 0, 'Nr. 2196 Eladó Balatonfüred domboldalában 920m2-es, panorámás zártkerti telek. A telken víz, villany van. Az ingatlan jól megközelíthető, parkolás az udvarban megoldott. ', '', '', 0, 920, 0, 0, '2015-08-29 00:00:00'),
(775, 1, '1855', 'f', 'f', 'Pécsely', 25, 0, 'Nr: 1855 Balatonfüredtől 8 Km-re,  Pécsely településen, 1989-ben épült kétszintes családi ház eladó. A 130 nm. földszinten kapott helyet egy nagy nappali, 2 szoba, 2 kamra, konyha, gardrob és a fürdő. A tetőtérben van még két szoba, egyfürdő, külön Wc és egy 34 m2 nappali. Az épület mögött épült meg a garázs, kazánház és további épületek (ólak).', '', '', 220, 1160, 5, 0, '2013-01-28 00:00:00'),
(777, 6, '1849', 'f', 't', 'Balatonfüred', 23.5, 0, 'Nr:1849 Balatonfüreden első emeleti, 84 m2 igényesen kialakított téglalakás eladó. Az amerikai konyhás, kétszobás (francia balkonos) ingatlannak alacsony közösköltsége és rezsije van. Az erkélyről némi balatoni kilátás tárul elénk.A zárt nagy telekkel  bíró társasház, minden lakáshoz saját kocsibeállóval (fedett), valamint füvesített kerttel rendelkezik (gyerekek részére csúszda, mászóka, hinta, homokozó, stb.).', '', '', 84, 0, 3, 0, '2013-02-12 00:00:00'),
(812, 12, '1893', 'f', 'f', 'Balatonfüred', 13, 0, 'Nr:1893 Balatonfüred panorámás külterületén, 1,167 ha. szőlő+2000m2 gyep eladó, 1000Ft/m2.', '', '', 11670, 0, 0, 0, '2013-04-09 00:00:00'),
(779, 1, '1862', 'f', 'f', 'Balatonfüred', 22.5, 0, 'Nr:1862 Balatonfüred felső városrészén, 2008-ban épült, 80 nm. kétszintes, nagyon szép panorámás lakóház, 440 nm. telken eladó.  Amerikai konyha, két kisszoba, 2 fürdő. A fűtés jelenleg öntöttvas kandallóról megoldott. Padló és a radiátoros fűtés lecsövezve, de a radiátorok  és a kazán még hiányzik ( még nem üzemel). Fürdőszobák burkoltak, de a csaptelepek és a fajanszok hiányoznak ugyan úgy mint a konyhabútor. Az épület alatt kis pince van.', '', '', 80, 440, 1, 2, '2013-02-21 00:00:00'),
(815, 1, '1898', 'f', 'f', 'Balatonalmádi', 99, 0, 'Nr:1898 Ha olyan ingatlant keres amelyben  otthont is talál, vállalkozást is végezhet, kérem keressen!  Balatonalmádi külterületén, forgalmas részen a 71 sz. út mellett 2170 m2 telken, étterem, lakás, gazdasági épület megnevezésű, 250 nm. összterületű objektum eladó. A ház alatt pince van. Lakórész: 3 szoba, nappali, 2 fürdő, konyha, nagy teraszból áll, ahonnét balatoni panoráma tárul elénk. A melegkonyhás étterem a HACCP követelményeinek megfelel és jelenleg is üzemel. Az étterem kiszolgáló része 60 fő befogadására, még a terasz további 60 személy kiszolgálására nyújt helyet. Természetesen a megfelelő parkolás is biztosított. Az épület fűtése tartályos gázról  valamint cserépkályhákról működik.', '', '', 250, 2170, 4, 0, '2013-04-12 00:00:00'),
(820, 12, '1896', 'f', 'f', 'Tihany', 10, 0, 'Nr:1896 Kizárólag az Aktív ingatlaniroda kínálatában! Tihany külterületén, 1 ha. kékfrankos telepítésű szőlő (9 éves) eladó. Ernyő művelés, 3,2 m sortáv, 1 m tőtáv. Traktorral művelhető.', '', '', 0, 10000, 0, 0, '2013-04-17 00:00:00'),
(813, 12, '1894', 'f', 'f', 'Balatonfüred', 7.6, 0, 'Nr:1894 Balatonfüred panorámás külterületén 6700 m2 szántó és 977 m2 gyep eladó.', '', '', 0, 7600, 0, 0, '2013-04-09 00:00:00'),
(1143, 7, '2216', 'f', 'f', 'Csopak', 8.9, 0, 'Nr. 2216 Eladó Csopakon 28m2 összterületű, 2015-ben felújított, hangulatos földszinti apartman pár perces sétára a strandtól. Az apartman belső elosztása: konyha, tusoló-WC, szoba, +9m2 terasz. Az ingatlan fűtése házközponti. Parkolás udvarban megoldott. Ár az új bútorzattal együtt értendő!\r\nwww.aktivingatlan.com\r\n', '', '', 28, 0, 1, 0, '2015-11-05 00:00:00'),
(785, 6, '1865', 'f', 't', 'Balatonfüred', 9.9, 0, 'Nr:1865 Balatonfüred, kedvelt, csendes részén, magasföldszinti, 61 nm. teraszos, 2 szoba étkezős lakás jó állapotban eladó. Részleges nyílászáró csere, egyedi gáz központi és vegyes tüzelésű fűtés. Szobák és az étkező parkettával burkoltak. 16 nm. fűthető, meleg-hideg vízzel ellátott garázs is tartozik a lakáshoz. JÓ AJÁNLAT, JÓ ÁRON!', '', '', 61, 0, 2, 0, '2013-02-27 00:00:00'),
(786, 6, '1866', 'f', 'f', 'Balatonfüred', 15, 0, 'Nr:1866 Balatonfüreden, 64 nm, panorámás, galériás téglalakás, nagy terasszal eladó.  49 nm. amerikai konyha, 12 nm. terasz, háló, fürdő. Elektromos fűtés, hőtárolós villanykályha (3 fázis, éjszakai áram). Káprázatos, elvehetetlen panoráma!', '', '', 64, 0, 1, 1, '2013-02-27 00:00:00'),
(1090, 11, '2161', 'f', 'f', 'Alsóörs', 8.8, 0, 'Nr. 2161 Az Aktív Ingatlaniroda kizárólagos kínálatában eladó Alsóörsön családi házas lakóövezetben 760m2 építési telek. Közművek az utcában. Beépíthetőség 25% (egy szabadon álló épület), min. 50% zöldövezet. 4,5m építménymagasság, 5,5m homlokzatmagasság.', '', '', 0, 760, 0, 0, '2015-06-10 00:00:00'),
(1065, 4, '2136', 'f', 'f', 'Révfülöp', 74, 0, 'Nr. 2136 Eladó Révfülöpön gyönyörű panorámás, tájba illő, nagyméretű családi ház/kúria! Az épületben 2 darab két szoba-nappalis és 4 darab egyszobás apartman található. Az ingatlan az 1900-as évek elején épült, 2005-ben került felújításra, fűtése gázközponti, amely tartályos gázról működik. Az ingatlanhoz tartozik egy felújított 100 éves pince rész is. A DNY-i fekvésű ingatlan 1404m2-es gondozott telken fekszik, ahol kocsibeálló és medence található. Csend, nyugalom és csodaszép panoráma!', '', '', 250, 1404, 11, 0, '2015-04-29 00:00:00'),
(1029, 2, '2103', 'f', 'f', 'Csopak', 23, 0, 'Nr:2103 Csopakon eladó egy 3 szintes, 3 szoba nappalis, 3 fürdőszobás 130 nm összterületű ikerház 320 nm. telken. Az ingatlan 1996-ban épűlt és 2006-ban lett felújítva.', '', '', 130, 320, 4, 0, '2015-02-04 00:00:00'),
(803, 6, '1883', 'f', 'f', 'Balatonfüred', 15.5, 0, 'Nr:1883 Balatonfüred domboldalában, első emeleti, 74 nm. 3 szobás, panorámás téglalakás eladó. A három lakásos társasház közművei közösek. Víz, villany al mérővel ellátott, fűtés cserépkályháról központi fűtés, részleges Dryvit szigetelés.', '', '', 74, 0, 3, 0, '2013-03-26 00:00:00'),
(845, 1, '1917', 'f', 'f', 'Balatonfüred', 30.9, 0, 'Nr:1917 Balatonfüred központjában közel  a vízparthoz, régi építésű polgári épület (3,5 m. belmagasság) eladó. Az ingatlan belülről 2002-ben felújításon esett át. Ekkor 5 db apartman lett kialakítva, 2 konyhával. A szuterénben 20 m2 pince van.', '', '', 120, 650, 5, 0, '2013-06-28 00:00:00'),
(1042, 11, '2116', 'f', 'f', 'Örvényes', 30, 0, 'Nr. 2116 Örvényesen belterületi, összközműves 2400m2-es építési telek eladó rálátással a Balatonra és a golfpályára.', '', '', 0, 2400, 0, 0, '2015-03-04 00:00:00'),
(1121, 4, '2194', 't', 'f', 'Balatonfüred', 78, 0, 'Nr. 2194 Eladó Balatonfüreden gyönyörű panorámás 140m2-es családi ház 3600m2 telekkel, gyümölcsössel. A kétszintes ingatlan földszintjén nappali, konyha, pince-présház, kamra, garázs, tusoló-WC és 16m2 nagyméretű terasz található, ahonnét gyönyörű kilátás nyílik a Tihanyi-félszigetre. A tetőtérben 3 szoba, nappali, fürdő, WC, 16m2 panoráma terasz. Víz, villany, derítő, fúrt kút van, a fűtést kandalló biztosítja. Extrák: medence, klíma, öntözőberendezés, grillező, riasztó, kamerarendszer. \r\n', '', '', 140, 3600, 5, 0, '2015-08-24 00:00:00'),
(1053, 11, '2080', 'f', 'f', 'Balatonfüred', 19, 0, 'Nr. 2080 Balatonfüreden szép balatoni panorámás, 20 százalékban beépíthető, 1089m2-es építési telek eladó. Közművek kiépítése folyamatban, az ár a víz, villany és csatorna telekhatárig történő vezetését tartalmazza.', '', '', 0, 1089, 0, 0, '2015-03-30 00:00:00'),
(839, 11, '1920', 'f', 't', 'Balatonfüred', 42, 0, 'Nr:1920 Balatonfüreden páratlan örökpanorámával rendelkező 2100 m2 belterületi építési telek eladó. Közművek az utcában.', '', '', 0, 2100, 0, 0, '2013-06-20 00:00:00'),
(821, 4, '1892', 'f', 't', 'Balatonudvari', 29.6, 0, 'Nr:1892 Balatonudvariban, 1997-ben épült, kétszintes, 190 nm. összterületű nyaraló, 800 nm. telken eladó. Földszint: nappali-konyha-étkező, fürdő, Wc, 2 terasz. Tetőtér: 4 szoba, 2 balkon. Az épület alatt 20 nm. pince található. Elektromos kazánról működő központi fűtés, hangulatos kandalló, ásott kút, riasztó. A felső szintről látszik a Balaton.', '', '', 190, 800, 4, 0, '2013-04-18 00:00:00'),
(823, 4, '1904', 'f', 't', 'Balatonszepezd', 5.8, 0, 'Nr. 1904. Eladó Balatonszepezden 750 m2 telken 40 m2 nagyságú nyaraló. A telek belterület, üdülő övezete. Víz, villany bevezetve, gáz a telken. Belső elosztása: 2 hálószoba, ebédlő-konyhasarok, 1 zuhanyzó-wc, 1 fedett terasz. Egy apartman áráért kertes nyaralója lehet!', '', '', 40, 750, 2, 0, '2013-04-30 00:00:00'),
(1073, 1, '2143', 'f', 'f', 'Balatonfüred', 55, 0, 'Nr. 2143 Eladó Balatonfüred központjában, mégis csendes környéken kétszintes, 230m2-es partközeli lakóház 1300m2-es ráeső telekrésszel. Az ingatlanban 7+1 félszoba, 4 fürdőszoba, 2 WC és 2 db terasz található. Fűtése vegyes központi és cserépkályha. Az épület az 1890-es években épült, 2010-ben részleges belső felújításon esett át. A házhoz 80m2 pince tartozik. Parkolás az udvarban megoldott. Az emeletről balatoni rálátás nyílik. Az ingatlan belső kialakításának és több bejáratának köszönhetően alkalmas több generációnak, vagy akár befektetésre, így kiadásra, bérbeadásra. ', '', '', 230, 1300, 7, 1, '2015-05-21 00:00:00'),
(826, 4, '1907', 'f', 'f', 'Csopak', 52, 0, '1907. Kizárólag az Aktív ingatlaniroda kínálatában! Eladó Csopak üdülőtelepen, a 71-es út alatti részen, csendes környezetben egy 1369 m2 ősfás telken 110 m2 alapterületű (190m2 összter.), 2 szintes nyaraló. Az épület belső kialakítása ikerházként funkcionál, de átalakítása megoldható. Mindkét lakrész földszintjén nappali, konyha, fürdő és terasz, emeletén 2 illetve 3 szoba, fürdő, erkély található. Az ingatlan 1982-ben épült és 2000-ben felújították. Fűtése kandallóval megoldott. Vízközeli nyaralónak kiváló!', '', '', 190, 1369, 2, 3, '2013-05-11 00:00:00'),
(1115, 6, '2190', 'f', 'f', 'Balatonfüred', 29.9, 0, 'Nr. 2190 Eladó Balatonfüreden a 71-es főút alatt, 1 perc sétára a Tagore sétánytól gyönyörű társasházban földszinti, 38m2-es, elegáns, nyugati fekvésű téglalakás. Az ingatlan fűtése geotermikus padló fűtés-hűtés. A parkolás egy autó számára zárt udvarban megoldott. Az ingatlan belső elosztása: előtér, nappali- konyha-étkező, hálófülke, fürdő-WC, 8m2 terasz. Az ingatlan teljes bútorzattal együtt eladó. Gyönyörű történelmi környezet, igényes belső kialakítás, elegáns bútorok! Kitűnő ajánlat vitorlázóknak, befektetőknek! ', '', '', 38, 0, 1, 1, '2015-08-10 00:00:00'),
(1050, 11, '1769', 'f', 'f', 'Balatonfüred', 23.18, 0, 'Nr: 1769 Balatonfüreden szép balatoni panorámás, 20 százalékban beépíthető, 1220m2-es építési telek eladó. Közművek kiépítése folyamatban, az ár a víz, villany és csatorna telekhatárig történő vezetését tartalmazza. ', '', '', 0, 1220, 0, 0, '2015-03-30 00:00:00'),
(854, 1, '1931', 'f', 't', 'Hidegkút', 29.9, 0, 'Nr: 1931 Hidegkút belterületén, 1000m2-es telken kétszintes 180m2 összterületű igényes kivitelezésű lakóház eladó. Az épület 2005-ben épült, földszinten lett kialakítva étkező-konyha, nappali, szoba, gardrób, fürdő, wc, kettő terasz, duplagarázs. A tetőtérben nappali, három háló, terasz és egy fürdőszoba szerkezetkész állapotban lett kialakítva. Összközműves, gázközponti, ill. kandallóról központi fűtéssel rendelkezik a tágas terekkel kialakított lakóház. ', '', '', 180, 999, 6, 0, '2013-07-22 00:00:00');
INSERT INTO `property` (`id`, `type_id`, `code`, `special`, `suspended`, `city`, `price_huf`, `price_eur`, `desc_hu`, `desc_en`, `desc_de`, `building_area`, `field_area`, `room_qty1`, `room_qty2`, `ins_date`) VALUES
(901, 4, '1982', 'f', 'f', 'Dörgicse', 9, 0, 'Nr:1982 Dörgicse panorámás külterületén eladó, egy 1590 nm. telken, 45 nm. 3 félszobás ház+ 30 nm. pince. A terület szőlővel betelepített, évente kb. 300l bornak megfelelő szőlő terem. Az ingatlan jól megközelíthető, víz és áram van.', '', '', 45, 1590, 0, 3, '2014-03-06 00:00:00'),
(1046, 10, '2122', 'f', 'f', 'Alsóörs', 14.5, 0, 'Nr:2122 Alsóörs strand közelében, 37 nm. cukrászda - fagyizó, bérleti joga 220 nm. kerthelyiséggel eladó. Igény esetén céggel együtt is! A bérleti jog 2025 december 31-ig él! Alacsony bérleti díj!', '', '', 37, 0, 0, 0, '2015-03-25 00:00:00'),
(1037, 1, '2112', 'f', 'f', 'Balatonfüred', 49.5, 0, 'Nr:2112 Balatonfüred frekventált helyén, korábban melegkonyhás étteremként üzemelt, jelenleg kereskedelmi célnak megfelelő üzlet és lakóház besorolási ingatlan eladó, 1460 nm. telekkel. A lakórész 80nm. 1+2 félszobás tetőtéri lakás. A kereskedelmi célra 240 nm. lett kialakítva+60 nm. pince. Az épület 600m-re található a Balatontól. Parkolás a telken is biztosítva. Az ingatlan irányára: 49,5M Ft.', '', '', 320, 1460, 1, 2, '2015-02-16 00:00:00'),
(853, 4, '1927', 'f', 'f', 'Alsóörs', 22.8, 0, 'Nr.:1927 Alsóörs partközeli részén 660 m2-es telken, 100 m2-es alapterületű, részlegesen felújított nyaraló eladó. Belső elrendezése: három és fél szoba, konyha, fürdőszoba továbbá egy 25 m2-es helyiség. Az ingatlan 1950-ben épült, 2011-ben lett felújítva. Központi fűtés nincs kiépítve. Nyaralónak vízközelsége miatt ideális.', '', '', 100, 660, 3, 1, '2013-07-19 00:00:00'),
(1142, 1, '2214', 'f', 'f', 'Somlóvásárhely', 12.5, 0, 'Nr. 2214 Az Aktív Ingatlaniroda kizárólagos kínálatában eladó Somlóvásárhelyen 117m2 összterületű egyszintes családi ház 900m2 telken. Az ingatlan belső elosztása: nappali, konyha, 2 szoba, fürdő-WC, terasz. Víz, villany, derítő, kút van, gáz az utcában. Az ingatlan fűtése központi. Egyéb helyiségek: pince, műhely, fatároló. Parkolás udvarban megoldott. \r\n\r\n', '', '', 117, 900, 3, 0, '2015-10-29 00:00:00'),
(1138, 12, '2208', 'f', 'f', 'Dörgicse', 2.6, 0, 'Nr. 2208 Eladó Dörgicsén panorámás, 5235m2, déli lejtésű zártkerti ingatlan. A telek beépíthető a zártkerti szabályok szerint. Közművek nincsenek.\r\nwww.aktivingatlan.com\r\n\r\n', '', '', 5235, 0, 0, 0, '2015-10-26 00:00:00'),
(1152, 12, '2226', 'f', 'f', 'Balatonakali', 30, 0, 'Nr:2226 Balatonakaliban közvetlen vízparti külterületén, 1ha terület eladó. Vízgazdálkodási területként vagy nyilvántartva. Akár horgászati célokra is megfelelő (horgászegyesület), de vízparti rehabilitációs tanulmányterv után strand, vagy kikötő is kialakítható rajta. A terület két önálló hrsz.-on van, egyben 30,0 M. ft. darabonként 16,0-16,0 M. ft. az ára.', '', '', 0, 1500, 0, 0, '2016-01-25 00:00:00'),
(896, 11, '1976', 'f', 't', 'Balatonfüred', 16.9, 0, 'Nr:1976 Balatonfüred központjában 1000 nm. belterületi építési telek eladó. 20°-ban beépíthető, gáz  a telken, a többi közmű az utcában.\r\n\r\n', '', '', 0, 1000, 0, 0, '2014-01-20 00:00:00'),
(897, 1, '1977', 'f', 'f', 'Balatonakali', 17.8, 0, 'Nr:1977 Balatonakaliban nem messze a parttól, 780 nm. telken, 80 nm. felújítandó lakóház eladó. A 60-as évek végén épült 2 és félszobás ingatlan összközműves, gáz központi fűtéssel, valamint 2 db cserépkályhával rendelkezik. Az udvarban kb. 20 nm. nyári lak, a korábbi állattartásból kifolyólag ólak kerültek megépítésre, továbbá egy kemence, valamint egy szerelőaknás garázs is megépült.', '', '', 80, 780, 2, 1, '2014-01-24 00:00:00'),
(906, 11, '1985', 'f', 'f', 'Aszófő', 8.5, 0, 'Nr:1985 Aszófő belterületén, 720 nm. belterületű, összközműves építési telek eladó.', '', '', 0, 720, 0, 0, '2014-03-19 00:00:00'),
(1059, 8, '2128', 'f', 'f', 'Paloznak', 34, 0, 'Nr. 2128 Eladó Paloznakon 1970-es években épült egyszobás, kétszintes gyönyörű panorámás pince présház/gazdasági épület 3950m2 déli lejtésű telekkel. A 35m2 alapterületű ingatlan 2009-ben került felújításra, alapterülete 80m2-re bővíthető.  Földszint: présház-konyha, pince, terasz, az emeleten található egy szoba, fürdő, WC, terasz. A nyaraló fűtését cserépkályha biztosítja. Parkolás az udvarban megoldott. Víz, villany van. ', '', '', 70, 3950, 1, 0, '2015-04-16 00:00:00'),
(1136, 1, '2211', 'f', 'f', 'Balatonfüred', 36, 0, 'Nr. 2211 Eladó Balatonfüred középső városrészében, kellemes lakóövezetben 120m2 összterületű, egyszintes lakóház 760m2 telken. Az összközműves ingatlan belső elosztása: szélfogó, előszoba, 3 szoba, kamra, konyha-étkező, fürdő-WC (kád és tusoló), kazánház+WC, 2 garázs. A ház fűtése gázközponti. Az ingatlan bentlakással eladó! ', '', '', 120, 760, 3, 0, '2015-10-23 00:00:00'),
(913, 2, '1987', 'f', 'f', 'Balatonfüred', 25.9, 0, 'Nr:1987 Vállalkozás és lakás is egyben!! Balatonfüred középső városrészében, 360 nm telken, lakóház és üzlet megnevezésű ikerházrész eladó. A 130 nm. kétszintes épület a 70-es években épült. Az alsó szinten 50 nm. üzlethelyiség lett kialakítva megfelelő vizesblokkal. A  kétszoba nappalis, 90 nm. tetőtér  20 nm. terasszal ellátott. Gáz az udvarban, a központi fűtés jelenleg vegyes tüzelésű kazánról működik.', '', '', 120, 360, 3, 0, '2014-04-12 00:00:00'),
(1117, 12, '2188', 'f', 'f', 'Pécsely', 9.9, 0, 'Nr. 2188 Eladó Pécselyen két helyrajzi számon lévő zártkerti ingatlan: 7216m2 szőlő és szántó; valamint 3072m2 szőlő/rét/kert. A kisebb ingatlanon egy romos pince is található. Víz, villany az utcában. Beépíthetőség 2%, és mivel két külön helyrajzi számon van az ingatlan, két különálló épületet lehet rá építeni. Ehhez 80% szőlővel kell betelepíteni, ami részlegesen már megtörtént. Az ingatlan földúton megközelíthető. ', '', '', 0, 10288, 0, 0, '2015-08-14 00:00:00'),
(1137, 1, '2212', 'f', 'f', 'Noszlop', 6.5, 0, 'Nr. 2212 Eladó Noszlopon 90m2 családi ház 1100m2 telken. Az ingatlan belső elosztása: előszoba, fürdő, konyha, kamra, 3 szoba, pince, garázs + ólak és tároló helyiségek. Víz, villany bevezetve, csatorna az udvarban. Az ingatlan fűtését cserépkályha és vaskályha biztosítja. ', '', '', 90, 1100, 3, 0, '2015-10-26 00:00:00'),
(927, 1, '1422', 'f', 'f', 'Balatonfüred', 305, 1000000, 'Nr:1422 Balatoni körpanorámás exkluzív családi ház eladó.\r\nBővebb információ esetén, kérem keresse irodánkat!\r\nAktív Ingatlaniroda\r\n', '', '', 220, 1700, 3, 1, '2014-05-28 00:00:00'),
(916, 4, '1996', 'f', 'f', 'Vászoly', 16.9, 0, 'Nr. 1996 Remek ajánlat Vászolyon! Külterületen 200m2-es felújítandó épület, 3100m2 telekkel eladó. Bár az épület erős felújítást igényel, gyönyörű balatoni panoráma tárul elénk. Áram van, víz az utcában (jelenleg 12 m3 ciszternáról van víz. Ritka lehetőség, ne hagyja ki! ', '', '', 200, 3100, 0, 2, '2014-04-29 00:00:00'),
(917, 4, '1997', 'f', 'f', 'Balatonudvari', 21.9, 0, 'Nr:1997 Balatonudvari külterületén panorámás 3800 nm. telken, 120 nm. pince és nyaraló eladó. A telek szőlővel és gyümölcsössel betelepítve! Víz, áram és ásott kút van.', '', '', 120, 3800, 1, 0, '2014-04-29 00:00:00'),
(918, 1, '1998', 'f', 'f', 'Örvényes', 44.9, 0, 'Nr:1998 Örvényesen, panorámás 2006-ban épült, 160 nm összközműves családi ház 1200 nm. telken eladó. Jelenleg a 2+1/2 szoba, nappalis földszinti rész lakható. A tetőtér szerkezetkész állapotban van, az összes közmű és fűtés felállás biztosított. 50 cm.-es külső falak, Creaton cserép, mahagóni fából készült kűl és beltéri nyílászárók, központi fűtés vegyes tüzelésű és gázkazánról egyaránt működik, további kémény kandallónak. ', '', '', 160, 1245, 3, 1, '2014-04-30 00:00:00'),
(1139, 1, '2213', 'f', 'f', 'Balatonfüred', 56, 0, 'Nr. 2213 Eladó Balatonfüreden háromszintes, 275m2 összterületű családi ház 1030m2 telken. Az ingatlan földszintjén folyosó, szélfogó, 37m2 nappali, konyha-étkező, szoba, fürdő, WC, terasz, kamra található. A tetőtérben padlástér (szoba), nappali-konyha-étkező, 1+félszoba, fürdő, WC, balkon került kialakításra. A szuterénben duplagarázs, kazánház, dolgozószoba, vendégszoba tusolóval, WC, tároló és 6m2 télikert van. A kertben szerszámos ház, lugas (saletli), fúrt kút található. Az összközműves ingatlan fűtése gázközponti fűtés, cserépkályha és olajközponti. Extrák: Automata kapuk és garázsajtó, 3 db hűtő-fűtő klíma. A tetőtérből szép balatoni panoráma tárul elénk. Nagycsaládosoknak, többgenerációs családoknak, befektetésnek (szobakiadás) is ideális lehetőség!\r\n\r\n', '', '', 275, 1030, 7, 1, '2015-10-27 00:00:00'),
(921, 7, '2000', 'f', 't', 'Balatonfüred', 11.5, 0, 'Nr:2000 Balatonfüred partközelében, 35 nm. teraszos apartman, gondozott parkban  eladó. Az ingatlan tavasztól-őszig használható, fűtés nincs benne!', '', '', 35, 0, 1, 0, '2014-05-02 00:00:00'),
(1126, 1, '2199', 'f', 'f', 'Balatonfüred', 32, 0, 'Nr. 2199 Eladó Balatonfüreden a vasúti sínek alatt 84m2 összterületű egyszintes, felújítandó családi ház 1018m2 telken. Az ingatlan az 1940-es években épült, 2014-ben részleges felújításon esett át. A ház belső elosztása: 3 szoba, konyha, fürdő-WC. Víz, villany, csatorna bevezetve, gáz az utcában. A lakóház fűtését cserépkályha és sparhelt (kályha) biztosítja. Parkolás az udvarban megoldott. A kertben tároló/fészer található. Az ingatlan tovább bővíthető.\r\n', '', '', 84, 1018, 3, 0, '2015-09-09 00:00:00'),
(1017, 4, '2092', 'f', 'f', 'Alsóörs', 19, 0, 'Nr:2092 Alsóörsön felújítandó, nagyon szép panorámás pince-présház eladó. Az 1970-es években épült kétszintes 60 nm. épület 1300 nm. telken fekszik. Jó megközelíthetőség, víz, áram van. Alsószint:pince-présház. Felső szint: másfél szoba, fürdő, konyha.', '', '', 60, 1300, 1, 1, '2014-11-21 00:00:00'),
(938, 1, '2013', 'f', 'f', 'Ábrahámhegy', 129, 0, 'Nr.2013. Vízpart, panoráma, csend és igényesség. E jelzőkkel ajánlom figyelmébe ezt a csodálatos és igényes ingatlant. A Balaton északi partján, közvetlen vízparti, 604 m2-es telken eladó egy 400 m2 összterületű, igényesen kialakított, 3 szintes nyaraló. Az épület pinceszintjén 3 állásos garázs, 2 hálószoba, 1 fürdő, mosószoba, kis borozó és kártyaszoba található. A földszinten nappali, étkező, konyha gyönyörű kilátással a Balatonra, fürdőszoba, továbbá egy tágas, kertkapcsolatos terasz lett kialakítva. A félszinten a garázs fölött van 2 szoba, 1 fürdőszoba, az emeleten szintén 2 hálószoba, 2 fürdőszoba van, ahonnan a legszebb a kilátás. A kert végéből stég visz ki a Balatonhoz, a partrészen nádas van, horgászok igazi paradicsoma! A belső kialakításban a lépcső , konyhabútor és nyílászárók mind vörös tölgyfából egyedi megrendelésre készültek, a hidegburkolat márvány. A fűtés központi gáz, mely részben radiátor, részben padlófűtés. Az ingatlan klímával felszerelt. Egyedi ajánlat!!', '', '', 400, 600, 6, 0, '2014-06-13 00:00:00'),
(975, 12, '2052', 'f', 'f', 'Balatonszepezd', 7, 0, 'Nr. 2052 Balatonszepezden belterület határában eladó gyönyörű panorámás 4486m2 alapterületű olaszrizling fajta szőlő. Víz, villany, gáz az utcában. A telek 3%-ban beépíthető.', '', '', 0, 4777, 0, 0, '2014-08-21 00:00:00'),
(1014, 11, '2088', 'f', 'f', 'Alsóörs', 15, 0, 'Nr. 2088 Alsóörsön belterületi, körpanorámás, déli lejtésű 700m2-es telek eladó. Víz, villany, gáz telken, csatorna az utcában. A telek 15%-ban beépíthető, 4,5m-es épületmagasság.', '', '', 0, 700, 0, 0, '2014-11-11 00:00:00'),
(1084, 11, '2148', 'f', 'f', 'Tihany', 13.9, 0, 'Nr. 2148 Eladó Tihanyban Külső-tóra panorámás 3884m2 belterületi telek. 120m2-es ház építhető rá a következő szabályozással: a telket meg kell osztani a szabályozási terv szerint, utána lehet a felső részre építeni 10 % -os beépíthetőséggel. Egy szint + tetőteres épületmagasságban.', '', '', 0, 3884, 0, 0, '2015-06-02 00:00:00'),
(1085, 9, '2153', 'f', 'f', 'Balatonszepezd', 99, 0, 'Nr. 2153 Eladó Balatonszepezden ősfás környezetben 1902-ben épült gyönyörű nagypolgári kúria. Az épület alagsorában 3 szoba a hozzá tartozó fürdőszobákkal, konyha, kamra található. A földszinten hall, nappali, 4 szoba, 3 fürdőszoba és egy terasz került kialakításra. A tetőtérben 4 hálószoba és két fürdőszoba található.\r\nA két utcára nyíló épület felső részén három kocsi számára külön épületben garázs került kialakításra, ami mellett egy nagy fedett terasz is helyet kapott. Igazi polgári hangulatot árasztó gyöngyszem a Balaton északi partján!\r\n\r\n', '', '', 450, 1440, 12, 0, '2015-06-02 00:00:00'),
(1043, 11, '2117', 'f', 'f', 'Örvényes', 40, 0, 'Nr. 2117 Örvényesen belterületi, 4000m2-es összközműves építési telek eladó. ', '', '', 4000, 0, 0, 0, '2015-03-04 00:00:00'),
(936, 10, '2017', 'f', 'f', 'Zánka', 100, 0, 'Nr.2017 Balatonfüred vonzáskörzetében, Zánkán eladó melegkonyhás étterem lakással. Az étterem egész évben üzemeltethető, 80 férőhelyes + terasz. Az előkészítő helységek, szociális helységek minden elvárásnak megfelelnek. Az étterem feletti tetőtérben egy 120 m2 hasznos alapterületű (171 összter.), 3 szoba nappalis lakás lett kialakítva. Az ingatlan szép és rendezett környezetben van, jól megközelíthető, a parkolás megoldott. Vendégkörét tekintve: elsősorban a település és környék üdülőtulajdonosai, lakói, de bejáratott hely az átmenő forgalom tekintetében is. ', '', '', 350, 0, 3, 0, '2014-06-06 00:00:00'),
(937, 1, '2018', 'f', 'f', 'Dörgicse', 39, 0, 'Nr:2018 Dörgicse belterületén, 500 nm. telken, 80 nm. alapterületű, kétszintes, 4 szobás lakóház eladó. Az épület 2006-ban épült. Extrák. 2 db hűtő-fűtő klíma, dísztó, szauna, jakuzzi, grillező.', '', '', 160, 500, 4, 0, '2014-06-11 00:00:00'),
(986, 1, '2061', 'f', 'f', 'Balatonfüred', 150, 0, 'Nr: 2061 Balatonfüred hegyoldalában, 1045 nm. telken, 3 szintes, 550 nm. összterületű panorámás családi ház eladó. A többgenerációs épület 4 db. teljesen önálló lakrészből áll (külön víz és gázórákkal). I szint:2 szoba, konyha, étkező, fürdő. II szint:3 szoba, konyha, kamra, étkező, 2 fürdő, nappali, terasz. III szint: 2 szoba, konyha, kamra, étkező, 2 fürdő, nappali, terasz. Hátsó szárny: 3 szoba, nappali, 2 főrdő, étkező, konyha. Az épülethez 1 db. dupla garázs, valamint egy boltíves borospince és egy faragott kőből épített boltíves borozó lett kialakítva. Az ingatlan részben bútorozottan eladó! Bővebb információt csak személyesen az irodában tudunk kiadni! ', '', '', 550, 1045, 13, 0, '2014-09-16 00:00:00'),
(1078, 1, '2149', 'f', 'f', 'Tihany', 60, 0, 'Nr. 2149 Eladó Tihany központjában Belső-tóra panorámás 240m2 összterületű háromszintes, többgenerációs családi ház + 40m2 műhely + duplagarázs 1060m2 telken. Belső elosztása: földszinten egy szoba + nappalis önálló lakás külön bejárattal. Középső szint: előtér, tágas, világos konyha étkezővel, nappali terasszal, nagyméretű hálószoba fürdő-WC, WC. Tetőtér: nappali, amerikai konyha, egy szoba, fürdő-WC. Az udvarban 36m3-es üzemen kívüli medence található teljes gépészettel. Fűtése gázközponti, vegyes központi illetve öntöttvas kandalló. ', '', '', 240, 1064, 6, 0, '2015-06-01 00:00:00'),
(990, 1, '2064', 'f', 'f', 'Tihany', 89, 0, 'Nr: 2064 Tihanyban örökpanorámás, lakóház minőségű 3 szintes, 180 nm. nyaraló eladó. A 3 szoba, 3 fürdőszobás ingatlan 2012-ben felújításon esett át (nyílászáró csere, szigetelés, stb.). Az 570 nm. telken még egy 20 nm. melléképület, valamint a kerti partikra kialakított vizesblokkal ellátott bár is található. Két autó részére parkolás biztosított.', '', '', 180, 570, 3, 1, '2014-09-30 00:00:00');

-- --------------------------------------------------------

--
-- Table structure for table `property_feature`
--

CREATE TABLE `property_feature` (
  `id` int(11) NOT NULL AUTO_INCREMENT,
  `property_id` int(11) NOT NULL DEFAULT '0',
  `feature_id` int(11) NOT NULL DEFAULT '0',
  PRIMARY KEY (`id`),
  KEY `property_id` (`property_id`),
  KEY `feature_id` (`feature_id`)
) ENGINE=MyISAM  DEFAULT CHARSET=latin2 COLLATE=latin2_hungarian_ci AUTO_INCREMENT=2754 ;

--
-- Dumping data for table `property_feature`
--

INSERT INTO `property_feature` (`id`, `property_id`, `feature_id`) VALUES
(2687, 1130, 6),
(2448, 1031, 2),
(2595, 1092, 4),
(2038, 848, 7),
(2413, 1017, 7),
(2412, 1017, 3),
(1778, 741, 4),
(1777, 741, 3),
(1261, 510, 7),
(2178, 913, 11),
(1854, 770, 11),
(2176, 913, 4),
(1795, 750, 3),
(2442, 1028, 6),
(2650, 1113, 1),
(2673, 1124, 3),
(1155, 469, 4),
(2213, 927, 3),
(2212, 927, 1),
(798, 316, 11),
(797, 316, 3),
(796, 316, 1),
(2503, 1056, 6),
(2361, 993, 3),
(2360, 993, 2),
(2095, 878, 3),
(2137, 896, 8),
(2749, 1160, 10),
(2081, 871, 3),
(2183, 916, 1),
(1780, 743, 1),
(1595, 664, 11),
(2187, 917, 3),
(813, 321, 10),
(1844, 767, 6),
(2449, 1031, 3),
(1356, 557, 3),
(1459, 605, 11),
(2671, 1123, 6),
(2362, 993, 4),
(1953, 807, 2),
(1987, 823, 3),
(2125, 892, 3),
(2124, 892, 2),
(2119, 888, 6),
(2186, 917, 1),
(72, 25, 1),
(73, 25, 3),
(74, 25, 5),
(2706, 1142, 3),
(2721, 1151, 4),
(2094, 878, 1),
(992, 399, 3),
(991, 399, 2),
(2699, 1137, 7),
(2585, 1088, 11),
(2584, 1088, 4),
(932, 378, 3),
(2064, 865, 3),
(2160, 906, 4),
(2751, 1161, 3),
(1850, 769, 11),
(2654, 1114, 3),
(2653, 1114, 2),
(2652, 1114, 1),
(2697, 1136, 3),
(102, 42, 3),
(103, 42, 6),
(882, 347, 9),
(881, 347, 6),
(2177, 913, 7),
(2461, 1037, 4),
(2520, 1063, 6),
(1503, 627, 3),
(2476, 1042, 11),
(2351, 990, 1),
(2660, 1115, 6),
(2572, 1083, 2),
(631, 244, 5),
(2460, 1037, 3),
(1487, 621, 5),
(572, 224, 3),
(630, 244, 3),
(2686, 1130, 3),
(2097, 879, 1),
(1413, 584, 7),
(1412, 584, 3),
(2323, 978, 3),
(2523, 1064, 4),
(2705, 1141, 3),
(2522, 1064, 2),
(840, 332, 1),
(1145, 465, 11),
(1144, 465, 2),
(1486, 621, 3),
(2322, 978, 1),
(2464, 1037, 11),
(2575, 1085, 2),
(1758, 734, 4),
(2313, 973, 3),
(2312, 973, 1),
(2549, 1073, 4),
(1592, 663, 11),
(2208, 926, 2),
(1247, 505, 7),
(1260, 510, 3),
(1259, 510, 1),
(2463, 1037, 10),
(580, 227, 3),
(579, 227, 1),
(2745, 1159, 1),
(2744, 1152, 2),
(2743, 1158, 7),
(2742, 1158, 4),
(2093, 877, 4),
(2092, 877, 3),
(841, 332, 3),
(837, 329, 7),
(581, 227, 11),
(2494, 1050, 1),
(2138, 896, 11),
(2036, 845, 7),
(1102, 441, 11),
(1759, 734, 11),
(1458, 605, 3),
(1457, 605, 1),
(1577, 658, 7),
(1409, 583, 3),
(1856, 771, 2),
(883, 347, 11),
(1559, 650, 4),
(1558, 650, 3),
(1940, 802, 3),
(1939, 802, 1),
(2005, 832, 4),
(2004, 832, 3),
(2136, 896, 4),
(1582, 660, 5),
(1581, 660, 4),
(1580, 660, 3),
(2006, 832, 6),
(2703, 1140, 6),
(2651, 1113, 3),
(2741, 1158, 3),
(2063, 865, 1),
(1956, 807, 6),
(1955, 807, 4),
(2574, 1084, 3),
(2573, 1083, 4),
(220, 88, 3),
(221, 88, 5),
(222, 88, 11),
(223, 89, 3),
(224, 89, 4),
(225, 89, 5),
(1787, 746, 3),
(1834, 765, 4),
(610, 237, 2),
(609, 237, 1),
(2321, 977, 3),
(2502, 1056, 3),
(2492, 1048, 11),
(2491, 1048, 3),
(2121, 891, 1),
(2450, 1031, 7),
(1823, 762, 1),
(2447, 1031, 1),
(2659, 1115, 4),
(1804, 754, 3),
(2190, 918, 3),
(2189, 918, 1),
(2188, 917, 7),
(2032, 843, 1),
(1794, 749, 3),
(1105, 443, 11),
(2557, 1076, 4),
(2637, 1108, 3),
(2693, 1134, 3),
(2711, 1145, 3),
(613, 237, 5),
(612, 237, 4),
(611, 237, 3),
(2718, 1149, 3),
(1833, 765, 3),
(1832, 765, 2),
(1835, 765, 5),
(2456, 1034, 4),
(2455, 1034, 2),
(1800, 752, 7),
(1799, 752, 3),
(2488, 1046, 10),
(541, 211, 3),
(1484, 620, 3),
(1735, 723, 2),
(1734, 723, 1),
(2539, 1070, 3),
(2538, 1070, 1),
(833, 327, 11),
(2717, 1148, 11),
(816, 322, 3),
(812, 321, 8),
(2141, 897, 7),
(2140, 897, 3),
(1485, 621, 1),
(1808, 755, 4),
(287, 113, 3),
(1947, 804, 5),
(289, 113, 11),
(1847, 768, 11),
(2080, 871, 1),
(1594, 664, 3),
(2704, 1141, 1),
(1946, 804, 3),
(2633, 1106, 6),
(1483, 620, 1),
(2495, 1051, 1),
(300, 119, 3),
(301, 119, 11),
(1101, 441, 6),
(1635, 686, 2),
(814, 321, 11),
(307, 122, 1),
(308, 122, 2),
(309, 122, 3),
(310, 122, 4),
(311, 122, 11),
(1456, 604, 11),
(1455, 604, 6),
(993, 399, 11),
(2475, 1042, 3),
(1576, 658, 3),
(2035, 845, 4),
(2658, 1115, 3),
(2657, 1115, 2),
(1846, 768, 6),
(1845, 768, 4),
(2474, 1042, 1),
(2753, 1161, 6),
(2411, 1017, 1),
(1803, 754, 1),
(2594, 1092, 2),
(2451, 1032, 1),
(2583, 1088, 3),
(2582, 1088, 2),
(1954, 807, 3),
(1870, 775, 11),
(1869, 775, 3),
(1788, 746, 6),
(2710, 1144, 7),
(2748, 1160, 5),
(2493, 1049, 1),
(1636, 686, 4),
(2135, 895, 6),
(2134, 895, 4),
(2133, 895, 3),
(830, 327, 4),
(1683, 704, 11),
(2747, 1160, 4),
(1411, 583, 11),
(1410, 583, 4),
(2716, 1148, 4),
(2505, 1057, 3),
(2191, 918, 5),
(2033, 844, 1),
(2211, 926, 11),
(2740, 1158, 2),
(1843, 767, 3),
(2646, 1111, 3),
(2210, 926, 4),
(1143, 465, 1),
(715, 277, 3),
(1781, 743, 3),
(2096, 878, 5),
(1568, 653, 4),
(374, 148, 1),
(375, 148, 3),
(376, 148, 4),
(377, 148, 5),
(378, 148, 8),
(379, 148, 10),
(380, 148, 11),
(1827, 764, 3),
(2737, 1156, 6),
(2750, 1161, 2),
(1805, 754, 11),
(1874, 777, 4),
(1873, 777, 1),
(2336, 985, 4),
(2540, 1070, 4),
(540, 211, 1),
(1593, 664, 1),
(617, 239, 5),
(616, 239, 3),
(2713, 1146, 3),
(1690, 707, 6),
(1689, 707, 3),
(2209, 926, 3),
(2521, 1063, 11),
(2645, 1111, 1),
(2692, 1134, 1),
(1404, 580, 4),
(2550, 1073, 11),
(832, 327, 8),
(831, 327, 6),
(2726, 1153, 1),
(2722, 1151, 11),
(2601, 1094, 7),
(2600, 1094, 4),
(2599, 1094, 3),
(2598, 1094, 2),
(2510, 1059, 3),
(2091, 876, 2),
(2359, 993, 1),
(880, 347, 4),
(879, 347, 3),
(1100, 441, 4),
(1682, 704, 5),
(1681, 704, 3),
(1680, 704, 2),
(1679, 704, 1),
(2639, 1109, 2),
(1842, 767, 1),
(2556, 1076, 3),
(2331, 982, 5),
(1757, 734, 3),
(2662, 1118, 3),
(1452, 604, 1),
(2517, 1062, 3),
(2576, 1085, 4),
(818, 322, 11),
(817, 322, 7),
(2034, 845, 3),
(836, 329, 3),
(2736, 1156, 4),
(2459, 1036, 3),
(2519, 1063, 4),
(1154, 469, 3),
(2041, 850, 1),
(2712, 1146, 1),
(2511, 1059, 6),
(2668, 1121, 3),
(1245, 504, 3),
(1244, 504, 1),
(2632, 1106, 3),
(2702, 1140, 3),
(2501, 1056, 1),
(483, 187, 1),
(484, 187, 4),
(2406, 1014, 3),
(2487, 1046, 4),
(2044, 853, 6),
(2669, 1122, 3),
(2516, 1062, 1),
(662, 255, 1),
(663, 255, 3),
(664, 255, 7),
(2504, 1057, 1),
(2622, 1102, 3),
(1567, 653, 3),
(2696, 1135, 3),
(1591, 663, 2),
(2509, 1059, 1),
(2571, 1082, 7),
(2486, 1046, 2),
(811, 321, 4),
(2139, 897, 2),
(1826, 764, 1),
(2641, 1109, 4),
(2118, 888, 4),
(2117, 888, 3),
(2555, 1076, 2),
(1012, 407, 3),
(1011, 407, 1),
(878, 347, 2),
(877, 347, 1),
(2477, 1043, 11),
(2589, 1090, 4),
(1454, 604, 4),
(1453, 604, 2),
(1945, 804, 1),
(943, 382, 4),
(942, 382, 3),
(1853, 770, 4),
(1852, 770, 3),
(1104, 443, 2),
(2739, 1157, 7),
(990, 399, 1),
(2441, 1028, 3),
(2314, 974, 2),
(2090, 876, 1),
(1246, 505, 3),
(2694, 1134, 7),
(1830, 764, 11),
(1829, 764, 5),
(1828, 764, 4),
(2214, 927, 5),
(1824, 762, 3),
(2340, 986, 11),
(2047, 856, 1),
(2339, 986, 3),
(1621, 678, 1),
(1620, 677, 11),
(1619, 677, 3),
(1363, 565, 4),
(1362, 565, 3),
(1361, 565, 2),
(2735, 1156, 2),
(2734, 1156, 1),
(2631, 1106, 1),
(1022, 411, 1),
(1023, 411, 2),
(1024, 411, 3),
(1025, 411, 4),
(1026, 411, 6),
(2701, 1139, 4),
(1038, 415, 1),
(1039, 415, 3),
(2670, 1123, 3),
(2043, 853, 2),
(2042, 851, 1),
(1944, 803, 6),
(2709, 1144, 3),
(2746, 1159, 3),
(1959, 809, 1),
(1875, 777, 5),
(1575, 658, 1),
(1441, 597, 3),
(1440, 597, 1),
(1502, 627, 2),
(2689, 1132, 7),
(1941, 802, 5),
(2405, 1014, 1),
(2621, 1102, 1),
(1082, 434, 1),
(1083, 434, 2),
(1084, 434, 4),
(1085, 434, 10),
(1086, 434, 11),
(2518, 1063, 3),
(1858, 771, 4),
(1857, 771, 3),
(1855, 771, 1),
(1535, 641, 11),
(1534, 641, 3),
(2122, 891, 3),
(2727, 1153, 3),
(1623, 678, 7),
(1622, 678, 3),
(2679, 1126, 7),
(2196, 921, 4),
(2698, 1136, 4),
(1879, 779, 1),
(2320, 977, 1),
(2315, 974, 4),
(2490, 1048, 1),
(2708, 1143, 4),
(2725, 1152, 11),
(2724, 1152, 3),
(2723, 1152, 1),
(1756, 734, 2),
(1296, 528, 1),
(1297, 528, 2),
(1298, 528, 3),
(1299, 528, 5),
(1880, 779, 3),
(2335, 985, 3),
(1305, 533, 3),
(1306, 533, 5),
(2440, 1028, 1),
(1851, 770, 2),
(1807, 755, 2),
(1806, 755, 1),
(1590, 663, 1),
(2593, 1092, 1),
(1849, 769, 3),
(1848, 769, 1),
(2752, 1161, 4),
(1831, 765, 1),
(2107, 883, 5),
(2106, 883, 3),
(2707, 1143, 2),
(2548, 1073, 3),
(2547, 1073, 2),
(2363, 993, 11),
(1892, 785, 3),
(1893, 786, 1),
(1894, 786, 3),
(2642, 1109, 7),
(2330, 982, 3),
(2329, 982, 1),
(2266, 950, 6),
(2123, 892, 1),
(2099, 879, 4),
(2098, 879, 2),
(2338, 986, 1),
(2337, 985, 6),
(2678, 1126, 4),
(2563, 1078, 4),
(2562, 1078, 1),
(2695, 1135, 1),
(2185, 916, 7),
(2184, 916, 3),
(2046, 854, 3),
(2526, 1065, 11),
(2525, 1065, 3),
(2524, 1065, 1),
(2443, 1029, 6),
(2667, 1121, 1),
(1943, 803, 3),
(1942, 803, 1),
(2700, 1139, 3),
(2558, 1076, 7),
(2588, 1090, 3),
(2611, 1097, 4),
(2610, 1097, 3),
(2609, 1097, 2),
(2681, 1127, 3),
(2680, 1127, 2),
(2570, 1082, 1),
(2245, 938, 11),
(2244, 938, 4),
(2497, 1053, 1),
(1960, 810, 1),
(1961, 812, 1),
(1962, 813, 1),
(2738, 1157, 3),
(1965, 815, 1),
(1966, 815, 2),
(1967, 815, 4),
(1968, 815, 10),
(1969, 815, 11),
(2150, 901, 3),
(2149, 901, 1),
(2347, 988, 3),
(2346, 988, 1),
(2023, 839, 3),
(2022, 839, 1),
(1982, 821, 1),
(1983, 821, 2),
(1984, 821, 4),
(2656, 1114, 8),
(2655, 1114, 4),
(2640, 1109, 3),
(1991, 826, 2),
(1992, 826, 3),
(2638, 1108, 6),
(2243, 938, 3),
(2242, 938, 2),
(2241, 938, 1),
(2688, 1132, 3),
(2317, 975, 3),
(2316, 975, 1),
(2353, 990, 3),
(2352, 990, 2),
(2672, 1124, 1),
(2685, 1129, 4),
(2684, 1129, 2),
(2236, 936, 2),
(2237, 936, 4),
(2238, 937, 3),
(2239, 937, 4),
(2240, 937, 5);

-- --------------------------------------------------------

--
-- Table structure for table `property_image`
--

CREATE TABLE `property_image` (
  `id` int(11) NOT NULL AUTO_INCREMENT,
  `property_id` int(11) NOT NULL DEFAULT '0',
  `desc_hu` text COLLATE latin2_hungarian_ci NOT NULL,
  `desc_en` text COLLATE latin2_hungarian_ci NOT NULL,
  `desc_de` text COLLATE latin2_hungarian_ci NOT NULL,
  `filename` varchar(100) COLLATE latin2_hungarian_ci NOT NULL,
  `initial` char(1) COLLATE latin2_hungarian_ci NOT NULL DEFAULT 'f',
  PRIMARY KEY (`id`),
  KEY `filename` (`filename`),
  KEY `property_id` (`property_id`)
) ENGINE=MyISAM  DEFAULT CHARSET=latin2 COLLATE=latin2_hungarian_ci AUTO_INCREMENT=9004 ;

--
-- Dumping data for table `property_image`
--

INSERT INTO `property_image` (`id`, `property_id`, `desc_hu`, `desc_en`, `desc_de`, `filename`, `initial`) VALUES
(3091, 504, '', '', '', 'p0504005', 'f'),
(3090, 504, '', '', '', 'p0504004', 'f'),
(3089, 504, '', '', '', 'p0504003', 'f'),
(3088, 504, '', '', '', 'p0504002', 'f'),
(3087, 504, '', '', '', 'p0504001', 'f'),
(1376, 244, '', '', '', 'p0244004', 'f'),
(1375, 244, '', '', '', 'p0244003', 'f'),
(6242, 704, '', '', '', 'p0704014', 'f'),
(6241, 704, '', '', '', 'p0704013', 'f'),
(6240, 704, '', '', '', 'p0704012', 'f'),
(6239, 704, '', '', '', 'p0704011', 'f'),
(6238, 704, '', '', '', 'p0704010', 'f'),
(6237, 704, '', '', '', 'p0704009', 'f'),
(6227, 897, '', '', '', 'p0897004', 'f'),
(6226, 897, '', '', '', 'p0897003', 'f'),
(6225, 897, '', '', '', 'p0897002', 'f'),
(7634, 1032, '', '', '', 'p1032009', 'f'),
(7630, 1032, '', '', '', 'p1032005', 'f'),
(7867, 1063, '', '', '', 'p1063005', 'f'),
(7866, 1063, '', '', '', 'p1063004', 'f'),
(7865, 1063, '', '', '', 'p1063003', 'f'),
(8791, 1139, '', '', '', 'p1139008', 'f'),
(1374, 244, '', '', '', 'p0244002', 'f'),
(1373, 244, '', '', '', 'p0244001', 'f'),
(8820, 1141, '', '', '', 'p1141000', 't'),
(8821, 1141, '', '', '', 'p1141001', 'f'),
(5115, 762, '', '', '', 'p0762007', 'f'),
(8444, 1106, '', '', '', 'p1106008', 'f'),
(4777, 734, '', '', '', 'p0734007', 'f'),
(7810, 1056, '', '', '', 'p1056006', 'f'),
(7809, 1056, '', '', '', 'p1056005', 'f'),
(8644, 1124, '', '', '', 'p1124004', 'f'),
(8643, 1124, '', '', '', 'p1124003', 'f'),
(6194, 892, '', '', '', 'p0892005', 'f'),
(5938, 865, '', '', '', 'p0865001', 'f'),
(6539, 926, '', '', '', 'p0926008', 'f'),
(8133, 1084, '', '', '', 'p1084000', 't'),
(8132, 1083, '', '', '', 'p1083006', 'f'),
(8131, 1083, '', '', '', 'p1083005', 'f'),
(8789, 1140, '', '', '', 'p1140007', 'f'),
(6069, 878, '', '', '', 'p0878006', 'f'),
(2807, 465, '', '', '', 'p0465007', 'f'),
(1882, 329, '', '', '', 'p0329002', 'f'),
(1816, 321, '', '', '', 'p0321004', 't'),
(7864, 1063, '', '', '', 'p1063002', 'f'),
(1811, 321, '', '', '', 'p0321003', 'f'),
(1810, 321, '', '', '', 'p0321002', 'f'),
(4273, 664, '', '', '', 'p0664007', 'f'),
(4272, 664, '', '', '', 'p0664006', 'f'),
(6193, 892, '', '', '', 'p0892004', 'f'),
(1771, 113, '', '', '', 'p0113001', 'f'),
(1769, 316, '', '', '', 'p0316002', 'f'),
(1768, 316, '', '', '', 'p0316001', 'f'),
(1767, 316, '', '', '', 'p0316000', 't'),
(8881, 1148, '', '', '', 'p1148005', 'f'),
(8880, 1148, '', '', '', 'p1148004', 'f'),
(5755, 846, '', '', '', 'p0846007', 'f'),
(5754, 846, '', '', '', 'p0846006', 'f'),
(5753, 846, '', '', '', 'p0846005', 'f'),
(5752, 846, '', '', '', 'p0846004', 'f'),
(5751, 846, '', '', '', 'p0846003', 'f'),
(7678, 1037, '', '', '', 'p1037001', 'f'),
(7593, 1028, '', '', '', 'p1028004', 'f'),
(3806, 604, '', '', '', 'p0604002', 'f'),
(8462, 1108, '', '', '', 'p1108002', 'f'),
(8449, 1106, '', '', '', 'p1106013', 'f'),
(5028, 768, '', '', '', 'p0768007', 'f'),
(8879, 1148, '', '', '', 'p1148003', 'f'),
(7629, 1032, '', '', '', 'p1032004', 'f'),
(8394, 1102, '', '', '', 'p1102013', 'f'),
(7628, 1032, '', '', '', 'p1032003', 'f'),
(5941, 865, '', '', '', 'p0865004', 'f'),
(7627, 1032, '', '', '', 'p1032002', 'f'),
(7861, 1062, '', '', '', 'p1062008', 'f'),
(7860, 1062, '', '', '', 'p1062007', 'f'),
(5469, 815, '', '', '', 'p0815002', 'f'),
(5467, 815, '', '', '', 'p0815000', 't'),
(5722, 844, '', '', '', 'p0844009', 'f'),
(5712, 843, '', '', '', 'p0843011', 'f'),
(5044, 771, '', '', '', 'p0771003', 'f'),
(5036, 770, '', '', '', 'p0770003', 'f'),
(7859, 1062, '', '', '', 'p1062006', 'f'),
(6224, 897, '', '', '', 'p0897001', 'f'),
(5429, 807, '', '', '', 'p0807004', 'f'),
(5428, 807, '', '', '', 'p0807003', 'f'),
(5427, 807, '', '', '', 'p0807002', 'f'),
(5426, 807, '', '', '', 'p0807001', 'f'),
(6186, 891, '', '', '', 'p0891007', 'f'),
(8126, 1083, '', '', '', 'p1083000', 't'),
(1904, 332, '', '', '', 'p0332007', 'f'),
(1903, 332, '', '', '', 'p0332006', 'f'),
(1902, 332, '', '', '', 'p0332005', 'f'),
(1901, 332, '', '', '', 'p0332004', 'f'),
(137, 25, '', '', '', 'p0025000', 't'),
(138, 25, '', '', '', 'p0025001', 'f'),
(139, 25, '', '', '', 'p0025002', 'f'),
(140, 25, '', '', '', 'p0025003', 'f'),
(141, 25, '', '', '', 'p0025004', 'f'),
(142, 25, '', '', '', 'p0025005', 'f'),
(143, 25, '', '', '', 'p0025006', 'f'),
(144, 25, '', '', '', 'p0025007', 'f'),
(7895, 1064, '', '', '', 'p1064009', 't'),
(7063, 973, '', '', '', 'p0973003', 'f'),
(1883, 329, '', '', '', 'p0329003', 'f'),
(1884, 329, '', '', '', 'p0329004', 'f'),
(1885, 329, '', '', '', 'p0329005', 'f'),
(1886, 329, '', '', '', 'p0329006', 'f'),
(1887, 329, '', '', '', 'p0329007', 'f'),
(8984, 580, '', '', '', 'p0580005', 'f'),
(8840, 1144, '', '', '', 'p1144002', 'f'),
(6898, 804, '', '', '', 'p0804014', 'f'),
(8856, 1145, '', '', '', 'p1145010', 'f'),
(8855, 1145, '', '', '', 'p1145009', 'f'),
(6068, 878, '', '', '', 'p0878005', 'f'),
(1869, 327, '', '', '', 'p0327005', 'f'),
(7674, 1036, '', '', '', 'p1036009', 'f'),
(8513, 1114, '', '', '', 'p1114002', 'f'),
(8510, 1114, '', '', '', 'p1114001', 'f'),
(8509, 1114, '', '', '', 'p1114000', 't'),
(8135, 1084, '', '', '', 'p1084002', 'f'),
(7608, 1029, '', '', '', 'p1029010', 'f'),
(7671, 1036, '', '', '', 'p1036006', 'f'),
(7670, 1036, '', '', '', 'p1036005', 'f'),
(7669, 1036, '', '', '', 'p1036004', 'f'),
(7668, 1036, '', '', '', 'p1036003', 'f'),
(6059, 877, '', '', '', 'p0877004', 'f'),
(6058, 877, '', '', '', 'p0877003', 'f'),
(6057, 877, '', '', '', 'p0877002', 'f'),
(7684, 1037, '', '', '', 'p1037007', 'f'),
(200, 42, '', '', '', 'p0042000', 't'),
(201, 42, '', '', '', 'p0042001', 'f'),
(202, 42, '', '', '', 'p0042002', 'f'),
(203, 42, '', '', '', 'p0042003', 'f'),
(204, 42, '', '', '', 'p0042004', 'f'),
(205, 42, '', '', '', 'p0042005', 'f'),
(206, 42, '', '', '', 'p0042006', 'f'),
(207, 42, '', '', '', 'p0042007', 'f'),
(7605, 1029, '', '', '', 'p1029007', 'f'),
(7604, 1029, '', '', '', 'p1029006', 'f'),
(8448, 1106, '', '', '', 'p1106012', 'f'),
(8447, 1106, '', '', '', 'p1106011', 'f'),
(7677, 1037, '', '', '', 'p1037000', 't'),
(8726, 1134, '', '', '', 'p1134003', 't'),
(8725, 1134, '', '', '', 'p1134002', 'f'),
(4775, 734, '', '', '', 'p0734005', 'f'),
(4774, 734, '', '', '', 'p0734004', 'f'),
(4263, 663, '', '', '', 'p0663002', 't'),
(4262, 663, '', '', '', 'p0663001', 'f'),
(6001, 871, '', '', '', 'p0871006', 'f'),
(7240, 993, '', '', '', 'p0993004', 'f'),
(7239, 993, '', '', '', 'p0993003', 'f'),
(8185, 1082, '', '', '', 'p1082005', 'f'),
(8184, 1082, '', '', '', 'p1082004', 'f'),
(3914, 621, '', '', '', 'p0621003', 'f'),
(1819, 322, '', '', '', 'p0322002', 'f'),
(1818, 322, '', '', '', 'p0322001', 'f'),
(8446, 1106, '', '', '', 'p1106010', 'f'),
(6192, 892, '', '', '', 'p0892003', 'f'),
(6158, 888, '', '', '', 'p0888009', 'f'),
(6157, 888, '', '', '', 'p0888008', 'f'),
(8265, 1092, '', '', '', 'p1092011', 'f'),
(8264, 1092, '', '', '', 'p1092010', 'f'),
(8263, 1092, '', '', '', 'p1092009', 'f'),
(8199, 1088, '', '', '', 'p1088009', 'f'),
(4247, 660, '', '', '', 'p0660007', 'f'),
(4246, 660, '', '', '', 'p0660006', 'f'),
(4828, 741, '', '', '', 'p0741002', 'f'),
(7667, 1036, '', '', '', 'p1036002', 'f'),
(3101, 505, '', '', '', 'p0505007', 'f'),
(3100, 505, '', '', '', 'p0505006', 'f'),
(3099, 505, '', '', '', 'p0505005', 'f'),
(8746, 1135, '', '', '', 'p1135011', 'f'),
(8745, 1135, '', '', '', 'p1135010', 'f'),
(8744, 1135, '', '', '', 'p1135009', 'f'),
(1864, 327, '', '', '', 'p0327000', 't'),
(5100, 770, '', '', '', 'p0770008', 'f'),
(3086, 504, '', '', '', 'p0504000', 't'),
(3673, 584, '', '', '', 'p0584007', 'f'),
(3672, 584, '', '', '', 'p0584006', 'f'),
(3671, 584, '', '', '', 'p0584005', 'f'),
(3670, 584, '', '', '', 'p0584004', 'f'),
(3669, 584, '', '', '', 'p0584003', 'f'),
(3668, 584, '', '', '', 'p0584002', 'f'),
(3667, 584, '', '', '', 'p0584001', 'f'),
(3666, 584, '', '', '', 'p0584000', 't'),
(4996, 764, '', '', '', 'p0764006', 'f'),
(8852, 1145, '', '', '', 'p1145006', 'f'),
(8851, 1145, '', '', '', 'p1145005', 'f'),
(8850, 1145, '', '', '', 'p1145004', 'f'),
(8849, 1145, '', '', '', 'p1145003', 'f'),
(8848, 1145, '', '', '', 'p1145002', 'f'),
(8847, 1145, '', '', '', 'p1145001', 'f'),
(8846, 1145, '', '', '', 'p1145000', 't'),
(3819, 605, '', '', '', 'p0605007', 'f'),
(8204, 1088, '', '', '', 'p1088014', 'f'),
(8187, 1082, '', '', '', 'p1082007', 'f'),
(8642, 1124, '', '', '', 'p1124002', 'f'),
(9000, 1161, '', '', '', 'p1161006', 'f'),
(4271, 664, '', '', '', 'p0664005', 'f'),
(8983, 580, '', '', '', 'p0580004', 'f'),
(8953, 1156, '', '', '', 'p1156009', 'f'),
(8952, 1156, '', '', '', 'p1156008', 'f'),
(1251, 224, '', '', '', 'p0224005', 'f'),
(1250, 224, '', '', '', 'p0224004', 'f'),
(7633, 1032, '', '', '', 'p1032008', 'f'),
(7632, 1032, '', '', '', 'p1032007', 'f'),
(1249, 224, '', '', '', 'p0224003', 'f'),
(1248, 224, '', '', '', 'p0224002', 'f'),
(1247, 224, '', '', '', 'p0224001', 'f'),
(1246, 224, '', '', '', 'p0224000', 't'),
(5381, 802, '', '', '', 'p0802007', 'f'),
(1377, 244, '', '', '', 'p0244005', 'f'),
(4202, 653, '', '', '', 'p0653007', 'f'),
(4201, 653, '', '', '', 'p0653006', 'f'),
(4200, 653, '', '', '', 'p0653005', 'f'),
(4199, 653, '', '', '', 'p0653004', 'f'),
(4995, 764, '', '', '', 'p0764005', 'f'),
(7600, 1029, '', '', '', 'p1029002', 'f'),
(8788, 1140, '', '', '', 'p1140006', 'f'),
(7069, 973, '', '', '', 'p0973009', 'f'),
(7068, 973, '', '', '', 'p0973008', 'f'),
(7067, 973, '', '', '', 'p0973007', 'f'),
(5721, 844, '', '', '', 'p0844008', 'f'),
(5720, 844, '', '', '', 'p0844007', 'f'),
(5719, 844, '', '', '', 'p0844006', 'f'),
(5718, 844, '', '', '', 'p0844005', 'f'),
(7870, 1063, '', '', '', 'p1063008', 'f'),
(8891, 1149, '', '', '', 'p1149007', 'f'),
(7781, 1050, '', '', '', 'p1050001', 'f'),
(5380, 802, '', '', '', 'p0802006', 'f'),
(6230, 897, '', '', '', 'p0897000', 't'),
(6222, 896, '', '', '', 'p0896002', 'f'),
(6221, 896, '', '', '', 'p0896001', 'f'),
(8999, 1161, '', '', '', 'p1161005', 'f'),
(1881, 329, '', '', '', 'p0329001', 'f'),
(1880, 329, '', '', '', 'p0329000', 't'),
(7061, 973, '', '', '', 'p0973001', 'f'),
(6056, 877, '', '', '', 'p0877001', 'f'),
(6055, 877, '', '', '', 'p0877000', 't'),
(3917, 621, '', '', '', 'p0621006', 'f'),
(5035, 770, '', '', '', 'p0770002', 'f'),
(5034, 770, '', '', '', 'p0770001', 'f'),
(5033, 770, '', '', '', 'p0770000', 't'),
(1253, 224, '', '', '', 'p0224007', 'f'),
(1252, 224, '', '', '', 'p0224006', 'f'),
(1267, 227, '', '', '', 'p0227005', 'f'),
(1266, 227, '', '', '', 'p0227004', 'f'),
(1265, 227, '', '', '', 'p0227003', 'f'),
(1264, 227, '', '', '', 'p0227002', 'f'),
(7631, 1032, '', '', '', 'p1032006', 'f'),
(8890, 1149, '', '', '', 'p1149006', 'f'),
(7062, 973, '', '', '', 'p0973002', 'f'),
(8967, 1158, '', '', '', 'p1158007', 'f'),
(1871, 327, '', '', '', 'p0327007', 'f'),
(8622, 1122, '', '', '', 'p1122004', 'f'),
(8621, 1122, '', '', '', 'p1122003', 'f'),
(8620, 1122, '', '', '', 'p1122002', 'f'),
(8619, 1122, '', '', '', 'p1122001', 'f'),
(8845, 1144, '', '', '', 'p1144007', 'f'),
(4776, 734, '', '', '', 'p0734006', 'f'),
(4871, 746, '', '', '', 'p0746007', 'f'),
(4870, 746, '', '', '', 'p0746006', 'f'),
(4231, 658, '', '', '', 'p0658005', 'f'),
(7066, 973, '', '', '', 'p0973006', 'f'),
(7065, 973, '', '', '', 'p0973005', 'f'),
(7064, 973, '', '', '', 'p0973004', 'f'),
(1868, 327, '', '', '', 'p0327004', 'f'),
(1867, 327, '', '', '', 'p0327003', 'f'),
(7683, 1037, '', '', '', 'p1037006', 'f'),
(5596, 832, '', '', '', 'p0832000', 't'),
(4924, 754, '', '', '', 'p0754007', 'f'),
(4923, 754, '', '', '', 'p0754006', 'f'),
(4922, 754, '', '', '', 'p0754005', 'f'),
(4921, 754, '', '', '', 'p0754004', 'f'),
(4198, 653, '', '', '', 'p0653003', 'f'),
(4197, 653, '', '', '', 'p0653002', 'f'),
(4196, 653, '', '', '', 'p0653001', 'f'),
(8779, 1137, '', '', '', 'p1137007', 't'),
(8777, 1139, '', '', '', 'p1139006', 'f'),
(8778, 1137, '', '', '', 'p1137006', 'f'),
(1432, 255, '', '', '', 'p0255000', 't'),
(7088, 978, '', '', '', 'p0978002', 'f'),
(8146, 1085, '', '', '', 'p1085005', 'f'),
(4418, 686, '', '', '', 'p0686000', 't'),
(8461, 1108, '', '', '', 'p1108001', 'f'),
(7159, 986, '', '', '', 'p0986001', 'f'),
(8786, 1140, '', '', '', 'p1140005', 'f'),
(7091, 978, '', '', '', 'p0978005', 'f'),
(7090, 978, '', '', '', 'p0978004', 'f'),
(7089, 978, '', '', '', 'p0978003', 'f'),
(7072, 565, '', '', '', 'p0565008', 't'),
(7070, 974, '', '', '', 'p0974000', 't'),
(7599, 1029, '', '', '', 'p1029001', 'f'),
(7592, 1028, '', '', '', 'p1028003', 'f'),
(8993, 1160, '', '', '', 'p1160008', 'f'),
(7578, 1017, '', '', '', 'p1017012', 'f'),
(7577, 1017, '', '', '', 'p1017011', 'f'),
(445, 88, '', '', '', 'p0088000', 't'),
(446, 88, '', '', '', 'p0088001', 'f'),
(447, 88, '', '', '', 'p0088002', 'f'),
(448, 88, '', '', '', 'p0088003', 'f'),
(449, 88, '', '', '', 'p0088004', 'f'),
(450, 88, '', '', '', 'p0088005', 'f'),
(451, 88, '', '', '', 'p0088006', 'f'),
(452, 88, '', '', '', 'p0088007', 'f'),
(453, 89, '', '', '', 'p0089000', 't'),
(454, 89, '', '', '', 'p0089001', 'f'),
(455, 89, '', '', '', 'p0089002', 'f'),
(456, 89, '', '', '', 'p0089003', 'f'),
(457, 89, '', '', '', 'p0089004', 'f'),
(458, 89, '', '', '', 'p0089005', 'f'),
(459, 89, '', '', '', 'p0089006', 'f'),
(460, 89, '', '', '', 'p0089007', 'f'),
(5099, 771, '', '', '', 'p0771008', 'f'),
(4548, 704, '', '', '', 'p0704005', 't'),
(4547, 704, '', '', '', 'p0704004', 'f'),
(1900, 332, '', '', '', 'p0332003', 'f'),
(1899, 332, '', '', '', 'p0332002', 'f'),
(8982, 580, '', '', '', 'p0580003', 'f'),
(1866, 327, '', '', '', 'p0327002', 'f'),
(1865, 327, '', '', '', 'p0327001', 'f'),
(3805, 604, '', '', '', 'p0604001', 'f'),
(3804, 604, '', '', '', 'p0604000', 't'),
(5027, 768, '', '', '', 'p0768006', 'f'),
(8198, 1088, '', '', '', 'p1088008', 'f'),
(8197, 1088, '', '', '', 'p1088007', 'f'),
(7203, 988, '', '', '', 'p0988010', 'f'),
(7202, 988, '', '', '', 'p0988009', 'f'),
(1161, 211, '', '', '', 'p0211002', 'f'),
(1160, 211, '', '', '', 'p0211001', 'f'),
(1159, 211, '', '', '', 'p0211000', 't'),
(8912, 1152, '', '', '', 'p1152006', 'f'),
(7685, 1037, '', '', '', 'p1037008', 'f'),
(4773, 734, '', '', '', 'p0734003', 'f'),
(4685, 723, '', '', '', 'p0723007', 'f'),
(4684, 723, '', '', '', 'p0723006', 'f'),
(4683, 723, '', '', '', 'p0723005', 'f'),
(5750, 846, '', '', '', 'p0846002', 'f'),
(5705, 843, '', '', '', 'p0843004', 'f'),
(5704, 843, '', '', '', 'p0843003', 'f'),
(5703, 843, '', '', '', 'p0843002', 'f'),
(5702, 843, '', '', '', 'p0843001', 'f'),
(5701, 843, '', '', '', 'p0843000', 't'),
(8827, 1142, '', '', '', 'p1142005', 'f'),
(8632, 1123, '', '', '', 'p1123007', 'f'),
(5877, 858, '', '', '', 'p0858000', 'f'),
(8911, 1152, '', '', '', 'p1152005', 'f'),
(8262, 1092, '', '', '', 'p1092008', 'f'),
(4847, 743, '', '', '', 'p0743007', 'f'),
(2452, 415, '', '', '', 'p0415003', 'f'),
(2451, 415, '', '', '', 'p0415002', 'f'),
(2450, 415, '', '', '', 'p0415001', 'f'),
(2449, 415, '', '', '', 'p0415000', 't'),
(8143, 1085, '', '', '', 'p1085002', 'f'),
(2806, 465, '', '', '', 'p0465006', 'f'),
(2805, 465, '', '', '', 'p0465005', 'f'),
(8909, 1152, '', '', '', 'p1152003', 'f'),
(8743, 1135, '', '', '', 'p1135008', 'f'),
(8641, 1124, '', '', '', 'p1124001', 'f'),
(8640, 1124, '', '', '', 'p1124000', 't'),
(4827, 741, '', '', '', 'p0741001', 'f'),
(4826, 741, '', '', '', 'p0741000', 't'),
(7858, 1062, '', '', '', 'p1062005', 'f'),
(7894, 1064, '', '', '', 'p1064008', 'f'),
(8998, 1161, '', '', '', 'p1161004', 'f'),
(1817, 322, '', '', '', 'p0322000', 't'),
(5379, 802, '', '', '', 'p0802005', 'f'),
(5378, 802, '', '', '', 'p0802004', 'f'),
(5377, 802, '', '', '', 'p0802003', 'f'),
(5376, 802, '', '', '', 'p0802002', 'f'),
(1898, 332, '', '', '', 'p0332001', 'f'),
(8559, 1118, '', '', '', 'p1118005', 'f'),
(8844, 1144, '', '', '', 'p1144006', 'f'),
(3916, 621, '', '', '', 'p0621005', 'f'),
(3915, 621, '', '', '', 'p0621004', 'f'),
(8196, 1088, '', '', '', 'p1088006', 'f'),
(8724, 1134, '', '', '', 'p1134001', 'f'),
(6185, 891, '', '', '', 'p0891006', 'f'),
(4869, 746, '', '', '', 'p0746005', 'f'),
(4868, 746, '', '', '', 'p0746004', 'f'),
(8040, 1076, '', '', '', 'p1076002', 'f'),
(8039, 1076, '', '', '', 'p1076001', 'f'),
(7652, 1034, '', '', '', 'p1034005', 'f'),
(7651, 1034, '', '', '', 'p1034004', 'f'),
(7650, 1034, '', '', '', 'p1034003', 'f'),
(7649, 1034, '', '', '', 'p1034002', 'f'),
(7648, 1034, '', '', '', 'p1034001', 'f'),
(7647, 1034, '', '', '', 'p1034000', 't'),
(6900, 804, '', '', '', 'p0804016', 'f'),
(6899, 804, '', '', '', 'p0804015', 'f'),
(5043, 771, '', '', '', 'p0771002', 'f'),
(5042, 771, '', '', '', 'p0771001', 'f'),
(5041, 771, '', '', '', 'p0771000', 't'),
(5040, 770, '', '', '', 'p0770007', 'f'),
(5039, 770, '', '', '', 'p0770006', 'f'),
(8393, 1102, '', '', '', 'p1102012', 'f'),
(5732, 845, '', '', '', 'p0845008', 'f'),
(4831, 741, '', '', '', 'p0741005', 'f'),
(4830, 741, '', '', '', 'p0741004', 'f'),
(4829, 741, '', '', '', 'p0741003', 'f'),
(8631, 1123, '', '', '', 'p1123006', 'f'),
(8144, 1085, '', '', '', 'p1085003', 'f'),
(8145, 1085, '', '', '', 'p1085004', 'f'),
(7780, 1050, '', '', '', 'p1050000', 't'),
(7779, 1049, '', '', '', 'p1049002', 'f'),
(5399, 804, '', '', '', 'p0804004', 'f'),
(6891, 804, '', '', '', 'p0804000', 't'),
(4175, 650, '', '', '', 'p0650000', 't'),
(8261, 1092, '', '', '', 'p1092007', 'f'),
(5375, 802, '', '', '', 'p0802001', 'f'),
(5374, 802, '', '', '', 'p0802000', 'f'),
(8992, 1160, '', '', '', 'p1160007', 'f'),
(8488, 1111, '', '', '', 'p1111005', 'f'),
(8971, 1159, '', '', '', 'p1159001', 'f'),
(8970, 1159, '', '', '', 'p1159000', 't'),
(1775, 113, '', '', '', 'p0113005', 'f'),
(1774, 113, '', '', '', 'p0113004', 'f'),
(1773, 113, '', '', '', 'p0113003', 'f'),
(1772, 113, '', '', '', 'p0113002', 'f'),
(8260, 1092, '', '', '', 'p1092006', 'f'),
(1701, 25, '', '', '', 'p0025008', 'f'),
(1779, 113, '', '', '', 'p0113000', 't'),
(6067, 878, '', '', '', 'p0878004', 'f'),
(4270, 664, '', '', '', 'p0664004', 'f'),
(4269, 664, '', '', '', 'p0664003', 'f'),
(4268, 664, '', '', '', 'p0664002', 'f'),
(4267, 664, '', '', '', 'p0664001', 'f'),
(8142, 1085, '', '', '', 'p1085001', 'f'),
(7857, 1062, '', '', '', 'p1062004', 'f'),
(6902, 804, '', '', '', 'p0804012', 'f'),
(7788, 1053, '', '', '', 'p1053001', 'f'),
(7787, 1053, '', '', '', 'p1053000', 't'),
(8843, 1144, '', '', '', 'p1144005', 'f'),
(8842, 1144, '', '', '', 'p1144004', 'f'),
(7784, 1051, '', '', '', 'p1051002', 'f'),
(7783, 1051, '', '', '', 'p1051001', 'f'),
(645, 119, '', '', '', 'p0119000', 't'),
(646, 119, '', '', '', 'p0119001', 'f'),
(647, 119, '', '', '', 'p0119002', 'f'),
(648, 119, '', '', '', 'p0119003', 'f'),
(649, 119, '', '', '', 'p0119004', 'f'),
(650, 119, '', '', '', 'p0119005', 'f'),
(651, 119, '', '', '', 'p0119006', 'f'),
(652, 119, '', '', '', 'p0119007', 'f'),
(653, 119, '', '', '', 'p0119008', 'f'),
(5768, 848, '', '', '', 'p0848000', 'f'),
(1870, 327, '', '', '', 'p0327006', 'f'),
(4772, 734, '', '', '', 'p0734002', 'f'),
(4771, 734, '', '', '', 'p0734001', 'f'),
(8889, 1149, '', '', '', 'p1149005', 'f'),
(8888, 1149, '', '', '', 'p1149004', 'f'),
(4994, 764, '', '', '', 'p0764004', 'f'),
(4993, 764, '', '', '', 'p0764003', 'f'),
(4867, 746, '', '', '', 'p0746003', 'f'),
(667, 122, '', '', '', 'p0122000', 't'),
(669, 122, '', '', '', 'p0122002', 'f'),
(670, 122, '', '', '', 'p0122003', 'f'),
(671, 122, '', '', '', 'p0122004', 'f'),
(672, 122, '', '', '', 'p0122005', 'f'),
(673, 122, '', '', '', 'p0122006', 'f'),
(674, 122, '', '', '', 'p0122007', 'f'),
(8639, 1123, '', '', '', 'p1123014', 'f'),
(8638, 1123, '', '', '', 'p1123013', 'f'),
(8460, 1108, '', '', '', 'p1108000', 't'),
(8997, 1161, '', '', '', 'p1161003', 'f'),
(8395, 1102, '', '', '', 'p1102014', 'f'),
(8392, 1102, '', '', '', 'p1102011', 'f'),
(7907, 1064, '', '', '', 'p1064007', 'f'),
(7892, 1064, '', '', '', 'p1064006', 'f'),
(7158, 986, '', '', '', 'p0986000', 't'),
(7157, 985, '', '', '', 'p0985008', 'f'),
(7156, 985, '', '', '', 'p0985007', 'f'),
(6184, 891, '', '', '', 'p0891005', 'f'),
(6066, 878, '', '', '', 'p0878003', 'f'),
(6065, 878, '', '', '', 'p0878002', 'f'),
(6064, 878, '', '', '', 'p0878001', 'f'),
(6063, 878, '', '', '', 'p0878000', 't'),
(6892, 804, '', '', '', 'p0804001', 'f'),
(3807, 604, '', '', '', 'p0604003', 'f'),
(8637, 1123, '', '', '', 'p1123012', 'f'),
(6062, 877, '', '', '', 'p0877007', 'f'),
(8141, 1085, '', '', '', 'p1085000', 't'),
(8391, 1102, '', '', '', 'p1102010', 'f'),
(8390, 1102, '', '', '', 'p1102009', 'f'),
(8389, 1102, '', '', '', 'p1102008', 'f'),
(8839, 1144, '', '', '', 'p1144001', 'f'),
(8140, 1084, '', '', '', 'p1084007', 'f'),
(6114, 883, '', '', '', 'p0883010', 'f'),
(6113, 883, '', '', '', 'p0883009', 'f'),
(8785, 1140, '', '', '', 'p1140004', 'f'),
(8784, 1140, '', '', '', 'p1140003', 'f'),
(5468, 815, '', '', '', 'p0815001', 'f'),
(5431, 807, '', '', '', 'p0807006', 'f'),
(5430, 807, '', '', '', 'p0807005', 'f'),
(4978, 762, '', '', '', 'p0762003', 'f'),
(4977, 762, '', '', '', 'p0762002', 'f'),
(4846, 743, '', '', '', 'p0743006', 'f'),
(8388, 1102, '', '', '', 'p1102007', 'f'),
(6216, 895, '', '', '', 'p0895005', 'f'),
(6215, 895, '', '', '', 'p0895004', 'f'),
(6214, 895, '', '', '', 'p0895003', 'f'),
(8038, 1076, '', '', '', 'p1076000', 't'),
(6196, 892, '', '', '', 'p0892007', 'f'),
(6195, 892, '', '', '', 'p0892006', 'f'),
(8387, 1102, '', '', '', 'p1102006', 'f'),
(7607, 1029, '', '', '', 'p1029009', 'f'),
(6000, 871, '', '', '', 'p0871005', 'f'),
(5999, 871, '', '', '', 'p0871004', 'f'),
(5998, 871, '', '', '', 'p0871003', 'f'),
(3966, 565, '', '', '', 'p0565007', 'f'),
(4546, 704, '', '', '', 'p0704003', 'f'),
(6234, 704, '', '', '', 'p0704002', 'f'),
(3658, 583, '', '', '', 'p0583007', 'f'),
(3657, 583, '', '', '', 'p0583006', 'f'),
(3656, 583, '', '', '', 'p0583005', 'f'),
(3655, 583, '', '', '', 'p0583004', 'f'),
(3654, 583, '', '', '', 'p0583003', 'f'),
(3653, 583, '', '', '', 'p0583002', 'f'),
(4072, 583, '', '', '', 'p0583001', 'f'),
(3651, 583, '', '', '', 'p0583000', 't'),
(8883, 1148, '', '', '', 'p1148007', 'f'),
(8882, 1148, '', '', '', 'p1148006', 'f'),
(5711, 843, '', '', '', 'p0843010', 'f'),
(5710, 843, '', '', '', 'p0843009', 'f'),
(5717, 844, '', '', '', 'p0844004', 'f'),
(5716, 844, '', '', '', 'p0844003', 'f'),
(5715, 844, '', '', '', 'p0844002', 't'),
(5714, 844, '', '', '', 'p0844001', 'f'),
(8693, 1130, '', '', '', 'p1130008', 'f'),
(8692, 1130, '', '', '', 'p1130007', 'f'),
(8691, 1130, '', '', '', 'p1130006', 'f'),
(8203, 1088, '', '', '', 'p1088013', 'f'),
(8386, 1102, '', '', '', 'p1102005', 'f'),
(7815, 1057, '', '', '', 'p1057001', 'f'),
(7814, 1057, '', '', '', 'p1057000', 't'),
(7682, 1037, '', '', '', 'p1037005', 'f'),
(7681, 1037, '', '', '', 'p1037004', 'f'),
(7680, 1037, '', '', '', 'p1037003', 'f'),
(7679, 1037, '', '', '', 'p1037002', 'f'),
(8996, 1161, '', '', '', 'p1161002', 'f'),
(8995, 1161, '', '', '', 'p1161001', 'f'),
(1560, 278, '', '', '', 'p0278001', 'f'),
(1559, 278, '', '', '', 'p0278000', 't'),
(1558, 277, '', '', '', 'p0277000', 't'),
(5861, 856, '', '', '', 'p0856008', 'f'),
(5860, 856, '', '', '', 'p0856007', 'f'),
(4195, 653, '', '', '', 'p0653000', 't'),
(811, 148, '', '', '', 'p0148000', 't'),
(812, 148, '', '', '', 'p0148001', 'f'),
(813, 148, '', '', '', 'p0148002', 'f'),
(814, 148, '', '', '', 'p0148003', 'f'),
(815, 148, '', '', '', 'p0148004', 'f'),
(816, 148, '', '', '', 'p0148005', 'f'),
(817, 148, '', '', '', 'p0148006', 'f'),
(4572, 707, '', '', '', 'p0707007', 'f'),
(4571, 707, '', '', '', 'p0707006', 'f'),
(4866, 746, '', '', '', 'p0746002', 'f'),
(4865, 746, '', '', '', 'p0746001', 'f'),
(3445, 557, '', '', '', 'p0557004', 'f'),
(3444, 557, '', '', '', 'p0557003', 'f'),
(3443, 557, '', '', '', 'p0557002', 'f'),
(3442, 557, '', '', '', 'p0557001', 'f'),
(3441, 557, '', '', '', 'p0557000', 't'),
(4992, 764, '', '', '', 'p0764002', 'f'),
(4991, 764, '', '', '', 'p0764001', 'f'),
(4990, 764, '', '', '', 'p0764000', 'f'),
(8137, 1084, '', '', '', 'p1084004', 'f'),
(8136, 1084, '', '', '', 'p1084003', 'f'),
(6244, 704, '', '', '', 'p0704016', 'f'),
(8838, 1144, '', '', '', 'p1144000', 't'),
(6183, 891, '', '', '', 'p0891004', 'f'),
(8841, 1144, '', '', '', 'p1144003', 'f'),
(4569, 707, '', '', '', 'p0707004', 'f'),
(4568, 707, '', '', '', 'p0707003', 'f'),
(4567, 707, '', '', '', 'p0707002', 'f'),
(4566, 707, '', '', '', 'p0707001', 'f'),
(4565, 707, '', '', '', 'p0707000', 't'),
(5709, 843, '', '', '', 'p0843008', 'f'),
(5859, 856, '', '', '', 'p0856006', 'f'),
(5858, 856, '', '', '', 'p0856005', 'f'),
(5857, 856, '', '', '', 'p0856004', 'f'),
(5856, 856, '', '', '', 'p0856003', 'f'),
(5855, 856, '', '', '', 'p0856002', 'f'),
(8823, 1142, '', '', '', 'p1142001', 'f'),
(8824, 1142, '', '', '', 'p1142002', 'f'),
(8630, 1123, '', '', '', 'p1123005', 'f'),
(7626, 1032, '', '', '', 'p1032001', 'f'),
(7624, 1031, '', '', '', 'p1031005', 'f'),
(8385, 1102, '', '', '', 'p1102004', 'f'),
(8981, 580, '', '', '', 'p0580002', 'f'),
(8831, 1142, '', '', '', 'p1142009', 'f'),
(8487, 1111, '', '', '', 'p1111004', 'f'),
(7676, 1036, '', '', '', 'p1036011', 'f'),
(7675, 1036, '', '', '', 'p1036010', 'f'),
(7216, 990, '', '', '', 'p0990006', 'f'),
(2118, 239, '', '', '', 'p0239005', 'f'),
(6233, 704, '', '', '', 'p0704001', 'f'),
(6232, 704, '', '', '', 'p0704000', 'f'),
(8285, 1094, '', '', '', 'p1094005', 'f'),
(8284, 1094, '', '', '', 'p1094004', 'f'),
(8283, 1094, '', '', '', 'p1094003', 'f'),
(8282, 1094, '', '', '', 'p1094002', 'f'),
(8281, 1094, '', '', '', 'p1094001', 'f'),
(8280, 1094, '', '', '', 'p1094000', 'f'),
(8702, 1131, '', '', '', 'p1131008', 'f'),
(4845, 743, '', '', '', 'p0743005', 'f'),
(4844, 743, '', '', '', 'p0743004', 'f'),
(4843, 743, '', '', '', 'p0743003', 'f'),
(4842, 743, '', '', '', 'p0743002', 'f'),
(1813, 321, '', '', '', 'p0321000', 'f'),
(8139, 1084, '', '', '', 'p1084006', 'f'),
(2804, 465, '', '', '', 'p0465004', 'f'),
(2803, 465, '', '', '', 'p0465003', 'f'),
(2802, 465, '', '', '', 'p0465002', 'f'),
(2801, 465, '', '', '', 'p0465001', 'f'),
(5026, 768, '', '', '', 'p0768005', 'f'),
(3818, 605, '', '', '', 'p0605006', 'f'),
(5731, 845, '', '', '', 'p0845007', 'f'),
(5032, 769, '', '', '', 'p0769003', 'f'),
(5031, 769, '', '', '', 'p0769002', 'f'),
(5030, 769, '', '', '', 'p0769001', 'f'),
(4770, 734, '', '', '', 'p0734000', 't'),
(5730, 845, '', '', '', 'p0845006', 'f'),
(5729, 845, '', '', '', 'p0845005', 'f'),
(5728, 845, '', '', '', 'p0845004', 'f'),
(8636, 1123, '', '', '', 'p1123011', 'f'),
(4230, 658, '', '', '', 'p0658004', 'f'),
(8445, 1106, '', '', '', 'p1106009', 'f'),
(7863, 1063, '', '', '', 'p1063001', 't'),
(8924, 1153, '', '', '', 'p1153009', 'f'),
(7869, 1063, '', '', '', 'p1063007', 'f'),
(8195, 1088, '', '', '', 'p1088005', 'f'),
(8194, 1088, '', '', '', 'p1088004', 'f'),
(8183, 1082, '', '', '', 'p1082003', 'f'),
(7914, 1065, '', '', '', 'p1065010', 't'),
(1822, 322, '', '', '', 'p0322005', 'f'),
(1821, 322, '', '', '', 'p0322004', 'f'),
(1820, 322, '', '', '', 'p0322003', 'f'),
(1263, 227, '', '', '', 'p0227001', 'f'),
(1262, 227, '', '', '', 'p0227000', 't'),
(8134, 1084, '', '', '', 'p1084001', 'f'),
(4682, 723, '', '', '', 'p0723004', 'f'),
(4681, 723, '', '', '', 'p0723003', 'f'),
(5854, 856, '', '', '', 'p0856001', 'f'),
(8742, 1135, '', '', '', 'p1135007', 'f'),
(8741, 1135, '', '', '', 'p1135006', 'f'),
(1809, 321, '', '', '', 'p0321001', 'f'),
(3913, 621, '', '', '', 'p0621002', 'f'),
(8866, 1146, '', '', '', 'p1146005', 'f'),
(8969, 779, '', '', '', 'p0779011', 't'),
(8193, 1088, '', '', '', 'p1088003', 'f'),
(1372, 244, '', '', '', 'p0244000', 't'),
(1897, 332, '', '', '', 'p0332000', 't'),
(7776, 1048, '', '', '', 'p1048003', 'f'),
(6043, 876, '', '', '', 'p0876007', 'f'),
(8886, 1149, '', '', '', 'p1149002', 'f'),
(8443, 1106, '', '', '', 'p1106007', 'f'),
(4931, 755, '', '', '', 'p0755006', 'f'),
(4930, 755, '', '', '', 'p0755005', 'f'),
(4929, 755, '', '', '', 'p0755004', 'f'),
(4928, 755, '', '', '', 'p0755003', 'f'),
(4927, 755, '', '', '', 'p0755002', 'f'),
(4926, 755, '', '', '', 'p0755001', 'f'),
(4925, 755, '', '', '', 'p0755000', 't'),
(4680, 723, '', '', '', 'p0723002', 'f'),
(4679, 723, '', '', '', 'p0723001', 'f'),
(4678, 723, '', '', '', 'p0723000', 't'),
(8908, 1152, '', '', '', 'p1152002', 'f'),
(5425, 807, '', '', '', 'p0807000', 't'),
(7856, 1062, '', '', '', 'p1062003', 'f'),
(7855, 1062, '', '', '', 'p1062002', 'f'),
(7854, 1062, '', '', '', 'p1062001', 'f'),
(2800, 465, '', '', '', 'p0465000', 't'),
(7775, 1048, '', '', '', 'p1048002', 'f'),
(5997, 871, '', '', '', 'p0871002', 'f'),
(5996, 871, '', '', '', 'p0871001', 'f'),
(2117, 239, '', '', '', 'p0239004', 'f'),
(2116, 239, '', '', '', 'p0239003', 'f'),
(1035, 187, '', '', '', 'p0187000', 't'),
(1036, 187, '', '', '', 'p0187001', 'f'),
(1037, 187, '', '', '', 'p0187002', 'f'),
(1038, 187, '', '', '', 'p0187003', 'f'),
(1039, 187, '', '', '', 'p0187004', 'f'),
(5025, 768, '', '', '', 'p0768004', 'f'),
(5024, 768, '', '', '', 'p0768003', 'f'),
(5023, 768, '', '', '', 'p0768002', 'f'),
(5022, 768, '', '', '', 'p0768001', 'f'),
(5021, 768, '', '', '', 'p0768000', 't'),
(8966, 1158, '', '', '', 'p1158006', 'f'),
(7834, 1059, '', '', '', 'p1059008', 'f'),
(7833, 1059, '', '', '', 'p1059007', 'f'),
(8907, 1152, '', '', '', 'p1152001', 'f'),
(6191, 892, '', '', '', 'p0892002', 'f'),
(6190, 892, '', '', '', 'p0892001', 'f'),
(6189, 892, '', '', '', 'p0892000', 't'),
(6188, 891, '', '', '', 'p0891009', 'f'),
(2835, 469, '', '', '', 'p0469007', 'f'),
(2834, 469, '', '', '', 'p0469006', 'f'),
(1336, 237, '', '', '', 'p0237002', 'f'),
(1338, 237, '', '', '', 'p0237004', 'f'),
(2113, 239, '', '', '', 'p0239000', 'f'),
(1433, 255, '', '', '', 'p0255001', 'f'),
(1434, 255, '', '', '', 'p0255002', 'f'),
(8783, 1140, '', '', '', 'p1140002', 'f'),
(8790, 1139, '', '', '', 'p1139007', 'f'),
(7874, 1063, '', '', '', 'p1063012', 'f'),
(8837, 1143, '', '', '', 'p1143005', 'f'),
(8887, 1149, '', '', '', 'p1149003', 'f'),
(8259, 1092, '', '', '', 'p1092005', 'f'),
(6286, 901, '', '', '', 'p0901007', 'f'),
(7778, 1049, '', '', '', 'p1049001', 'f'),
(7777, 1049, '', '', '', 'p1049000', 't'),
(4423, 686, '', '', '', 'p0686005', 'f'),
(7155, 985, '', '', '', 'p0985006', 'f'),
(7154, 985, '', '', '', 'p0985005', 'f'),
(7153, 985, '', '', '', 'p0985004', 'f'),
(7152, 985, '', '', '', 'p0985003', 'f'),
(6893, 804, '', '', '', 'p0804002', 'f'),
(8192, 1088, '', '', '', 'p1088002', 'f'),
(7625, 1032, '', '', '', 'p1032000', 't'),
(6894, 804, '', '', '', 'p0804003', 'f'),
(5394, 803, '', '', '', 'p0803009', 'f'),
(5383, 802, '', '', '', 'p0802009', 'f'),
(5382, 802, '', '', '', 'p0802008', 'f'),
(1778, 113, '', '', '', 'p0113008', 'f'),
(1777, 113, '', '', '', 'p0113007', 'f'),
(1776, 113, '', '', '', 'p0113006', 'f'),
(8877, 1148, '', '', '', 'p1148001', 'f'),
(8876, 1148, '', '', '', 'p1148000', 't'),
(7673, 1036, '', '', '', 'p1036008', 'f'),
(7672, 1036, '', '', '', 'p1036007', 'f'),
(8723, 1134, '', '', '', 'p1134000', 'f'),
(4570, 707, '', '', '', 'p0707005', 'f'),
(6788, 950, '', '', '', 'p0950005', 'f'),
(4422, 686, '', '', '', 'p0686004', 'f'),
(4421, 686, '', '', '', 'p0686003', 'f'),
(7891, 1064, '', '', '', 'p1064005', 'f'),
(2115, 239, '', '', '', 'p0239002', 't'),
(2114, 239, '', '', '', 'p0239001', 'f'),
(7873, 1063, '', '', '', 'p1063011', 'f'),
(7872, 1063, '', '', '', 'p1063010', 'f'),
(7871, 1063, '', '', '', 'p1063009', 'f'),
(2373, 407, '', '', '', 'p0407003', 'f'),
(2372, 407, '', '', '', 'p0407002', 'f'),
(2371, 407, '', '', '', 'p0407001', 'f'),
(2370, 407, '', '', '', 'p0407000', 't'),
(6236, 704, '', '', '', 'p0704008', 'f'),
(6235, 704, '', '', '', 'p0704007', 'f'),
(2006, 347, '', '', '', 'p0347007', 'f'),
(2005, 347, '', '', '', 'p0347006', 'f'),
(2004, 347, '', '', '', 'p0347005', 'f'),
(2003, 347, '', '', '', 'p0347004', 'f'),
(2002, 347, '', '', '', 'p0347003', 'f'),
(2001, 347, '', '', '', 'p0347002', 'f'),
(2000, 347, '', '', '', 'p0347001', 'f'),
(8384, 1102, '', '', '', 'p1102003', 'f'),
(8191, 1088, '', '', '', 'p1088001', 'f'),
(6243, 704, '', '', '', 'p0704015', 'f'),
(7890, 1064, '', '', '', 'p1064004', 'f'),
(4245, 660, '', '', '', 'p0660005', 'f'),
(4177, 650, '', '', '', 'p0650002', 'f'),
(4176, 650, '', '', '', 'p0650001', 'f'),
(2186, 382, '', '', '', 'p0382004', 'f'),
(2185, 382, '', '', '', 'p0382003', 'f'),
(2184, 382, '', '', '', 'p0382002', 'f'),
(2183, 382, '', '', '', 'p0382001', 'f'),
(2182, 382, '', '', '', 'p0382000', 't'),
(8383, 1102, '', '', '', 'p1102002', 'f'),
(6787, 950, '', '', '', 'p0950004', 'f'),
(4265, 663, '', '', '', 'p0663004', 'f'),
(4264, 663, '', '', '', 'p0663003', 'f'),
(8951, 1156, '', '', '', 'p1156007', 'f'),
(8906, 1152, '', '', '', 'p1152000', 't'),
(8190, 1088, '', '', '', 'p1088000', 't'),
(2642, 443, '', '', '', 'p0443001', 'f'),
(2641, 443, '', '', '', 'p0443000', 't'),
(8968, 1158, '', '', '', 'p1158008', 'f'),
(2833, 469, '', '', '', 'p0469005', 'f'),
(2832, 469, '', '', '', 'p0469004', 'f'),
(2831, 469, '', '', '', 'p0469003', 'f'),
(2830, 469, '', '', '', 'p0469002', 'f'),
(2829, 469, '', '', '', 'p0469001', 'f'),
(2828, 469, '', '', '', 'p0469000', 't'),
(5038, 770, '', '', '', 'p0770005', 'f'),
(5037, 770, '', '', '', 'p0770004', 'f'),
(5113, 764, '', '', '', 'p0764008', 'f'),
(5112, 777, '', '', '', 'p0777007', 'f'),
(5109, 777, '', '', '', 'p0777006', 'f'),
(3138, 510, '', '', '', 'p0510007', 'f'),
(3137, 510, '', '', '', 'p0510006', 'f'),
(8189, 1082, '', '', '', 'p1082009', 'f'),
(6220, 896, '', '', '', 'p0896000', 't'),
(2638, 441, '', '', '', 'p0441004', 'f'),
(2637, 441, '', '', '', 'p0441003', 'f'),
(2636, 441, '', '', '', 'p0441002', 'f'),
(2635, 441, '', '', '', 'p0441001', 'f'),
(2634, 441, '', '', '', 'p0441000', 't'),
(5020, 767, '', '', '', 'p0767007', 'f'),
(5019, 767, '', '', '', 'p0767006', 'f'),
(5018, 767, '', '', '', 'p0767005', 'f'),
(5017, 767, '', '', '', 'p0767004', 'f'),
(5016, 767, '', '', '', 'p0767003', 'f'),
(5015, 767, '', '', '', 'p0767002', 'f'),
(5014, 767, '', '', '', 'p0767001', 'f'),
(3817, 605, '', '', '', 'p0605005', 'f'),
(1999, 347, '', '', '', 'p0347000', 't'),
(7238, 993, '', '', '', 'p0993002', 'f'),
(2374, 407, '', '', '', 'p0407004', 'f'),
(8885, 1149, '', '', '', 'p1149001', 'f'),
(8919, 1153, '', '', '', 'p1153004', 'f'),
(4366, 678, '', '', '', 'p0678007', 'f'),
(4365, 678, '', '', '', 'p0678006', 'f'),
(4364, 678, '', '', '', 'p0678005', 'f'),
(4363, 678, '', '', '', 'p0678004', 'f'),
(4362, 678, '', '', '', 'p0678003', 'f'),
(3816, 605, '', '', '', 'p0605004', 'f'),
(5029, 769, '', '', '', 'p0769000', 't'),
(3815, 605, '', '', '', 'p0605003', 'f'),
(3814, 605, '', '', '', 'p0605002', 'f'),
(4229, 658, '', '', '', 'p0658003', 'f'),
(4228, 658, '', '', '', 'p0658002', 'f'),
(4227, 658, '', '', '', 'p0658001', 'f'),
(3754, 597, '', '', '', 'p0597004', 'f'),
(2310, 399, '', '', '', 'p0399004', 'f'),
(2309, 399, '', '', '', 'p0399003', 'f'),
(2308, 399, '', '', '', 'p0399002', 'f'),
(2307, 399, '', '', '', 'p0399001', 'f'),
(2306, 399, '', '', '', 'p0399000', 't'),
(8918, 1153, '', '', '', 'p1153003', 'f'),
(8289, 1094, '', '', '', 'p1094009', 't'),
(8288, 1094, '', '', '', 'p1094008', 'f'),
(8991, 1160, '', '', '', 'p1160006', 'f'),
(8990, 1160, '', '', '', 'p1160005', 'f'),
(8989, 1160, '', '', '', 'p1160004', 'f'),
(8988, 1160, '', '', '', 'p1160003', 'f'),
(8987, 1160, '', '', '', 'p1160002', 'f'),
(5084, 775, '', '', '', 'p0775006', 'f'),
(6231, 897, '', '', '', 'p0897007', 'f'),
(6229, 897, '', '', '', 'p0897006', 'f'),
(6228, 897, '', '', '', 'p0897005', 'f'),
(3958, 627, '', '', '', 'p0627000', 't'),
(7215, 990, '', '', '', 'p0990005', 'f'),
(7606, 1029, '', '', '', 'p1029008', 'f'),
(8884, 1149, '', '', '', 'p1149000', 't'),
(8959, 1157, '', '', '', 'p1157005', 'f'),
(8958, 1157, '', '', '', 'p1157004', 'f'),
(8748, 1135, '', '', '', 'p1135013', 'f'),
(8957, 1157, '', '', '', 'p1157003', 'f'),
(6112, 883, '', '', '', 'p0883008', 'f'),
(4420, 686, '', '', '', 'p0686002', 'f'),
(4419, 686, '', '', '', 'p0686001', 'f'),
(2157, 378, '', '', '', 'p0378000', 't'),
(2158, 378, '', '', '', 'p0378001', 'f'),
(8469, 1109, '', '', '', 'p1109000', 't'),
(8468, 1108, '', '', '', 'p1108008', 'f'),
(8467, 1108, '', '', '', 'p1108007', 'f'),
(8466, 1108, '', '', '', 'p1108006', 'f'),
(8465, 1108, '', '', '', 'p1108005', 'f'),
(4266, 664, '', '', '', 'p0664000', 't'),
(8442, 1106, '', '', '', 'p1106006', 'f'),
(8441, 1106, '', '', '', 'p1106005', 'f'),
(3899, 597, '', '', '', 'p0597006', 'f'),
(3898, 597, '', '', '', 'p0597005', 'f'),
(4920, 754, '', '', '', 'p0754003', 'f'),
(4919, 754, '', '', '', 'p0754002', 'f'),
(4918, 754, '', '', '', 'p0754001', 'f'),
(6153, 888, '', '', '', 'p0888004', 'f'),
(6152, 888, '', '', '', 'p0888003', 'f'),
(6151, 888, '', '', '', 'p0888002', 'f'),
(6150, 888, '', '', '', 'p0888001', 'f'),
(6149, 888, '', '', '', 'p0888000', 't'),
(3918, 621, '', '', '', 'p0621007', 'f'),
(7237, 993, '', '', '', 'p0993001', 'f'),
(8382, 1102, '', '', '', 'p1102001', 't'),
(8923, 1153, '', '', '', 'p1153008', 'f'),
(7808, 1056, '', '', '', 'p1056004', 't'),
(7807, 1056, '', '', '', 'p1056003', 'f'),
(7806, 1056, '', '', '', 'p1056002', 'f'),
(7805, 1056, '', '', '', 'p1056001', 'f'),
(8127, 1083, '', '', '', 'p1083001', 'f'),
(3136, 510, '', '', '', 'p0510005', 'f'),
(3135, 510, '', '', '', 'p0510004', 'f'),
(3134, 510, '', '', '', 'p0510003', 'f'),
(3133, 510, '', '', '', 'p0510002', 'f'),
(3132, 510, '', '', '', 'p0510001', 'f'),
(3131, 510, '', '', '', 'p0510000', 't'),
(8701, 1131, '', '', '', 'p1131007', 'f'),
(3098, 505, '', '', '', 'p0505004', 'f'),
(3097, 505, '', '', '', 'p0505003', 'f'),
(3096, 505, '', '', '', 'p0505002', 'f'),
(3095, 505, '', '', '', 'p0505001', 'f'),
(3094, 505, '', '', '', 'p0505000', 't'),
(5083, 775, '', '', '', 'p0775005', 'f'),
(5082, 775, '', '', '', 'p0775004', 'f'),
(5081, 775, '', '', '', 'p0775003', 'f'),
(5080, 775, '', '', '', 'p0775002', 'f'),
(5079, 775, '', '', '', 'p0775001', 'f'),
(8440, 1106, '', '', '', 'p1106004', 'f'),
(8202, 1088, '', '', '', 'p1088012', 'f'),
(8201, 1088, '', '', '', 'p1088011', 'f'),
(8830, 1142, '', '', '', 'p1142008', 'f'),
(8994, 1161, '', '', '', 'p1161000', 't'),
(8829, 1142, '', '', '', 'p1142007', 'f'),
(6187, 891, '', '', '', 'p0891008', 'f'),
(8956, 1157, '', '', '', 'p1157002', 'f'),
(5708, 843, '', '', '', 'p0843007', 'f'),
(5707, 843, '', '', '', 'p0843006', 'f'),
(8854, 1145, '', '', '', 'p1145008', 'f'),
(8733, 1134, '', '', '', 'p1134010', 'f'),
(7782, 1051, '', '', '', 'p1051000', 't'),
(6946, 958, '', '', '', 'p0958000', 't'),
(7236, 993, '', '', '', 'p0993000', 'f'),
(4353, 677, '', '', '', 'p0677001', 'f'),
(4352, 677, '', '', '', 'p0677000', 't'),
(7214, 990, '', '', '', 'p0990004', 'f'),
(7213, 990, '', '', '', 'p0990003', 'f'),
(7212, 990, '', '', '', 'p0990002', 'f'),
(7211, 990, '', '', '', 'p0990001', 'f'),
(7210, 990, '', '', '', 'p0990000', 't'),
(8747, 1135, '', '', '', 'p1135012', 'f'),
(3965, 565, '', '', '', 'p0565006', 'f'),
(3964, 565, '', '', '', 'p0565005', 'f'),
(3962, 565, '', '', '', 'p0565003', 'f'),
(3963, 565, '', '', '', 'p0565004', 'f'),
(3961, 565, '', '', '', 'p0565002', 'f'),
(3960, 565, '', '', '', 'p0565001', 'f'),
(7071, 565, '', '', '', 'p0565000', 'f'),
(2415, 411, '', '', '', 'p0411003', 'f'),
(2414, 411, '', '', '', 'p0411002', 'f'),
(2413, 411, '', '', '', 'p0411001', 'f'),
(2412, 411, '', '', '', 'p0411000', 't'),
(7889, 1064, '', '', '', 'p1064003', 'f'),
(7888, 1064, '', '', '', 'p1064002', 'f'),
(7887, 1064, '', '', '', 'p1064001', 'f'),
(2416, 411, '', '', '', 'p0411004', 'f'),
(5078, 775, '', '', '', 'p0775000', 't'),
(6111, 883, '', '', '', 'p0883007', 'f'),
(6110, 883, '', '', '', 'p0883006', 'f'),
(6182, 891, '', '', '', 'p0891003', 'f'),
(8671, 1127, '', '', '', 'p1127005', 't'),
(8670, 1127, '', '', '', 'p1127004', 'f'),
(5600, 832, '', '', '', 'p0832004', 'f'),
(5599, 832, '', '', '', 'p0832003', 'f'),
(5598, 832, '', '', '', 'p0832002', 'f'),
(5597, 832, '', '', '', 'p0832001', 'f'),
(5772, 848, '', '', '', 'p0848004', 'f'),
(5771, 848, '', '', '', 'p0848003', 'f'),
(5770, 848, '', '', '', 'p0848002', 'f'),
(5769, 848, '', '', '', 'p0848001', 't'),
(7084, 977, '', '', '', 'p0977007', 'f'),
(7083, 977, '', '', '', 'p0977006', 'f'),
(7082, 977, '', '', '', 'p0977005', 'f'),
(8894, 1149, '', '', '', 'p1149010', 'f'),
(8825, 1142, '', '', '', 'p1142003', 'f'),
(8893, 1149, '', '', '', 'p1149009', 'f'),
(8892, 1149, '', '', '', 'p1149008', 'f'),
(6786, 950, '', '', '', 'p0950003', 'f'),
(6785, 950, '', '', '', 'p0950002', 'f'),
(7598, 1029, '', '', '', 'p1029000', 't'),
(7597, 1028, '', '', '', 'p1028008', 'f'),
(7623, 1031, '', '', '', 'p1031004', 'f'),
(7622, 1031, '', '', '', 'p1031003', 'f'),
(8138, 1084, '', '', '', 'p1084005', 'f'),
(3446, 557, '', '', '', 'p0557005', 'f'),
(8700, 1131, '', '', '', 'p1131006', 'f'),
(8699, 1131, '', '', '', 'p1131005', 'f'),
(8698, 1131, '', '', '', 'p1131004', 'f'),
(8697, 1131, '', '', '', 'p1131003', 'f'),
(8706, 1131, '', '', '', 'p1131002', 't'),
(8695, 1131, '', '', '', 'p1131001', 'f'),
(3753, 597, '', '', '', 'p0597003', 'f'),
(3752, 597, '', '', '', 'p0597002', 'f'),
(3751, 597, '', '', '', 'p0597001', 'f'),
(3750, 597, '', '', '', 'p0597000', 't'),
(8629, 1123, '', '', '', 'p1123004', 'f'),
(8628, 1123, '', '', '', 'p1123003', 'f'),
(8627, 1123, '', '', '', 'p1123002', 'f'),
(8794, 1123, '', '', '', 'p1123000', 'f'),
(6061, 877, '', '', '', 'p0877006', 'f'),
(8822, 1142, '', '', '', 'p1142000', 't'),
(7441, 1014, '', '', '', 'p1014000', 't'),
(3813, 605, '', '', '', 'p0605001', 'f'),
(3812, 605, '', '', '', 'p0605000', 't'),
(3811, 604, '', '', '', 'p0604007', 'f'),
(3810, 604, '', '', '', 'p0604006', 'f'),
(3809, 604, '', '', '', 'p0604005', 'f'),
(3808, 604, '', '', '', 'p0604004', 'f'),
(8922, 1153, '', '', '', 'p1153007', 'f'),
(4917, 754, '', '', '', 'p0754000', 't'),
(2589, 434, '', '', '', 'p0434000', 't'),
(2590, 434, '', '', '', 'p0434001', 'f'),
(2591, 434, '', '', '', 'p0434002', 'f'),
(2592, 434, '', '', '', 'p0434003', 'f'),
(2593, 434, '', '', '', 'p0434004', 'f'),
(2594, 434, '', '', '', 'p0434005', 'f'),
(2595, 434, '', '', '', 'p0434006', 'f'),
(2596, 434, '', '', '', 'p0434007', 'f'),
(5108, 777, '', '', '', 'p0777005', 'f'),
(5107, 777, '', '', '', 'p0777004', 'f'),
(5106, 777, '', '', '', 'p0777003', 'f'),
(5105, 777, '', '', '', 'p0777002', 'f'),
(5104, 777, '', '', '', 'p0777001', 'f'),
(5103, 777, '', '', '', 'p0777000', 't'),
(5101, 770, '', '', '', 'p0770009', 'f'),
(6784, 950, '', '', '', 'p0950001', 'f'),
(8950, 1156, '', '', '', 'p1156006', 'f'),
(8678, 1129, '', '', '', 'p1129000', 't'),
(8320, 1097, '', '', '', 'p1097009', 'f'),
(4841, 743, '', '', '', 'p0743001', 'f'),
(4840, 743, '', '', '', 'p0743000', 't'),
(6181, 891, '', '', '', 'p0891002', 'f'),
(6180, 891, '', '', '', 'p0891001', 'f'),
(6179, 891, '', '', '', 'p0891000', 't'),
(8381, 1102, '', '', '', 'p1102000', 'f'),
(3912, 621, '', '', '', 'p0621001', 'f'),
(3986, 621, '', '', '', 'p0621000', 't'),
(3910, 620, '', '', '', 'p0620003', 'f'),
(3909, 620, '', '', '', 'p0620002', 'f'),
(3908, 620, '', '', '', 'p0620001', 'f'),
(3907, 620, '', '', '', 'p0620000', 't'),
(6002, 871, '', '', '', 'p0871007', 'f'),
(8955, 1157, '', '', '', 'p1157001', 'f'),
(8615, 1121, '', '', '', 'p1121007', 'f'),
(5085, 775, '', '', '', 'p0775007', 'f'),
(5048, 771, '', '', '', 'p0771007', 'f'),
(5047, 771, '', '', '', 'p0771006', 'f'),
(4226, 658, '', '', '', 'p0658000', 't'),
(4112, 641, '', '', '', 'p0641007', 'f'),
(4111, 641, '', '', '', 'p0641006', 'f'),
(4110, 641, '', '', '', 'p0641005', 'f'),
(4109, 641, '', '', '', 'p0641004', 'f'),
(4108, 641, '', '', '', 'p0641003', 'f'),
(4107, 641, '', '', '', 'p0641002', 'f'),
(4106, 641, '', '', '', 'p0641001', 'f'),
(4105, 641, '', '', '', 'p0641000', 't'),
(4361, 678, '', '', '', 'p0678002', 'f'),
(4360, 678, '', '', '', 'p0678001', 'f'),
(4359, 678, '', '', '', 'p0678000', 't'),
(4358, 677, '', '', '', 'p0677006', 'f'),
(4357, 677, '', '', '', 'p0677005', 'f'),
(4356, 677, '', '', '', 'p0677004', 'f'),
(4355, 677, '', '', '', 'p0677003', 'f'),
(4354, 677, '', '', '', 'p0677002', 'f'),
(7913, 1065, '', '', '', 'p1065009', 'f'),
(8618, 1122, '', '', '', 'p1122000', 't'),
(8781, 1140, '', '', '', 'p1140000', 't'),
(8780, 1137, '', '', '', 'p1137008', 'f'),
(4244, 660, '', '', '', 'p0660004', 'f'),
(4243, 660, '', '', '', 'p0660003', 'f'),
(4242, 660, '', '', '', 'p0660002', 'f'),
(4241, 660, '', '', '', 'p0660001', 'f'),
(4240, 660, '', '', '', 'p0660000', 't'),
(4864, 746, '', '', '', 'p0746000', 't'),
(7774, 1048, '', '', '', 'p1048001', 'f'),
(7831, 1059, '', '', '', 'p1059005', 'f'),
(5863, 856, '', '', '', 'p0856010', 'f'),
(5046, 771, '', '', '', 'p0771005', 'f'),
(5049, 771, '', '', '', 'p0771004', 'f'),
(7697, 237, '', '', '', 'p0237006', 'f'),
(8485, 1111, '', '', '', 'p1111002', 'f'),
(7696, 237, '', '', '', 'p0237005', 'f'),
(5444, 810, '', '', '', 'p0810001', 'f'),
(5443, 810, '', '', '', 'p0810000', 't'),
(5442, 809, '', '', '', 'p0809004', 'f'),
(5441, 809, '', '', '', 'p0809003', 'f'),
(5440, 809, '', '', '', 'p0809002', 'f'),
(5439, 809, '', '', '', 'p0809001', 'f'),
(5438, 809, '', '', '', 'p0809000', 't'),
(7621, 1031, '', '', '', 'p1031002', 'f'),
(3092, 504, '', '', '', 'p0504006', 'f'),
(3093, 504, '', '', '', 'p0504007', 'f'),
(5013, 767, '', '', '', 'p0767000', 't'),
(8669, 1127, '', '', '', 'p1127003', 'f'),
(6219, 895, '', '', '', 'p0895008', 'f'),
(6218, 895, '', '', '', 'p0895007', 'f'),
(6213, 895, '', '', '', 'p0895002', 'f'),
(6212, 895, '', '', '', 'p0895001', 'f'),
(3253, 528, '', '', '', 'p0528000', 't'),
(3254, 528, '', '', '', 'p0528001', 'f'),
(3255, 528, '', '', '', 'p0528002', 'f'),
(3256, 528, '', '', '', 'p0528003', 'f'),
(3257, 528, '', '', '', 'p0528004', 'f'),
(3258, 528, '', '', '', 'p0528005', 'f'),
(3259, 528, '', '', '', 'p0528006', 'f'),
(3260, 528, '', '', '', 'p0528007', 'f'),
(5862, 856, '', '', '', 'p0856009', 'f'),
(4976, 762, '', '', '', 'p0762001', 'f'),
(4975, 762, '', '', '', 'p0762000', 't'),
(8752, 1085, '', '', '', 'p1085009', 'f'),
(8751, 1085, '', '', '', 'p1085008', 'f'),
(8750, 1085, '', '', '', 'p1085007', 'f'),
(8749, 1085, '', '', '', 'p1085006', 'f'),
(7081, 977, '', '', '', 'p0977004', 'f'),
(7080, 977, '', '', '', 'p0977003', 'f'),
(7079, 977, '', '', '', 'p0977002', 'f'),
(7078, 977, '', '', '', 'p0977001', 'f'),
(7077, 977, '', '', '', 'p0977000', 't'),
(6042, 876, '', '', '', 'p0876006', 'f'),
(6436, 533, '', '', '', 'p0533007', 'f'),
(6435, 533, '', '', '', 'p0533006', 'f'),
(6434, 533, '', '', '', 'p0533005', 'f'),
(6433, 533, '', '', '', 'p0533004', 'f'),
(6432, 533, '', '', '', 'p0533003', 'f'),
(6431, 533, '', '', '', 'p0533002', 'f'),
(6430, 533, '', '', '', 'p0533001', 'f'),
(6429, 533, '', '', '', 'p0533000', 't'),
(8614, 1121, '', '', '', 'p1121006', 'f'),
(8439, 1106, '', '', '', 'p1106003', 'f'),
(8438, 1106, '', '', '', 'p1106002', 'f'),
(8437, 1106, '', '', '', 'p1106001', 'f'),
(8436, 1106, '', '', '', 'p1106000', 't'),
(6901, 804, '', '', '', 'p0804011', 'f'),
(6866, 802, '', '', '', 'p0802010', 't'),
(8980, 580, '', '', '', 'p0580001', 'f'),
(6285, 901, '', '', '', 'p0901006', 'f'),
(6284, 901, '', '', '', 'p0901005', 'f'),
(7853, 1062, '', '', '', 'p1062000', 't'),
(6156, 888, '', '', '', 'p0888007', 'f'),
(6155, 888, '', '', '', 'p0888006', 'f'),
(6154, 888, '', '', '', 'p0888005', 'f'),
(7773, 1048, '', '', '', 'p1048000', 't'),
(8979, 580, '', '', '', 'p0580000', 't'),
(7703, 237, '', '', '', 'p0237003', 't'),
(7702, 237, '', '', '', 'p0237001', 'f'),
(7701, 237, '', '', '', 'p0237000', 'f'),
(7666, 1036, '', '', '', 'p1036001', 'f'),
(7665, 1036, '', '', '', 'p1036000', 't'),
(9003, 1161, '', '', '', 'p1161009', 'f'),
(9002, 1161, '', '', '', 'p1161008', 'f'),
(4832, 741, '', '', '', 'p0741006', 'f'),
(4833, 741, '', '', '', 'p0741007', 'f'),
(6041, 876, '', '', '', 'p0876005', 'f'),
(6040, 876, '', '', '', 'p0876004', 'f'),
(6039, 876, '', '', '', 'p0876003', 'f'),
(6038, 876, '', '', '', 'p0876002', 'f'),
(6037, 876, '', '', '', 'p0876001', 'f'),
(6036, 876, '', '', '', 'p0876000', 't'),
(8954, 1157, '', '', '', 'p1157000', 't'),
(8624, 1121, '', '', '', 'p1121011', 'f'),
(7452, 1017, '', '', '', 'p1017010', 'f'),
(7451, 1017, '', '', '', 'p1017009', 'f'),
(7450, 1017, '', '', '', 'p1017008', 'f'),
(7449, 1017, '', '', '', 'p1017007', 'f'),
(7448, 1017, '', '', '', 'p1017006', 'f'),
(7447, 1017, '', '', '', 'p1017005', 'f'),
(6283, 901, '', '', '', 'p0901004', 'f'),
(7201, 988, '', '', '', 'p0988008', 'f'),
(7200, 988, '', '', '', 'p0988007', 'f'),
(7199, 988, '', '', '', 'p0988006', 'f'),
(7198, 988, '', '', '', 'p0988005', 'f'),
(7197, 988, '', '', '', 'p0988004', 'f'),
(7196, 988, '', '', '', 'p0988003', 'f'),
(7195, 988, '', '', '', 'p0988002', 'f'),
(8921, 1153, '', '', '', 'p1153006', 'f'),
(8920, 1153, '', '', '', 'p1153005', 'f'),
(7862, 1063, '', '', '', 'p1063000', 'f'),
(4888, 749, '', '', '', 'p0749000', 't'),
(4889, 749, '', '', '', 'p0749001', 'f'),
(4890, 749, '', '', '', 'p0749002', 'f'),
(4891, 749, '', '', '', 'p0749003', 'f'),
(4892, 749, '', '', '', 'p0749004', 'f'),
(4893, 750, '', '', '', 'p0750000', 't'),
(4894, 750, '', '', '', 'p0750001', 'f'),
(4895, 750, '', '', '', 'p0750002', 'f'),
(4896, 750, '', '', '', 'p0750003', 'f'),
(4905, 752, '', '', '', 'p0752000', 't'),
(4906, 752, '', '', '', 'p0752001', 'f'),
(4907, 752, '', '', '', 'p0752002', 'f'),
(4908, 752, '', '', '', 'p0752003', 'f'),
(4909, 752, '', '', '', 'p0752004', 'f'),
(4910, 752, '', '', '', 'p0752005', 'f'),
(4911, 752, '', '', '', 'p0752006', 'f'),
(4912, 752, '', '', '', 'p0752007', 'f'),
(8776, 1139, '', '', '', 'p1139005', 'f'),
(8773, 1139, '', '', '', 'p1139002', 'f'),
(8772, 1139, '', '', '', 'p1139001', 'f'),
(8771, 1139, '', '', '', 'p1139000', 't'),
(4979, 762, '', '', '', 'p0762004', 'f'),
(4980, 762, '', '', '', 'p0762005', 'f'),
(4981, 762, '', '', '', 'p0762006', 'f'),
(7087, 978, '', '', '', 'p0978001', 'f'),
(7086, 978, '', '', '', 'p0978000', 't'),
(7085, 977, '', '', '', 'p0977008', 'f'),
(8865, 1146, '', '', '', 'p1146004', 'f'),
(6639, 938, '', '', '', 'p0938005', 'f'),
(6638, 938, '', '', '', 'p0938004', 'f'),
(6637, 938, '', '', '', 'p0938003', 'f'),
(6636, 938, '', '', '', 'p0938002', 'f'),
(4997, 764, '', '', '', 'p0764007', 't'),
(4998, 765, '', '', '', 'p0765000', 'f'),
(4999, 765, '', '', '', 'p0765001', 'f'),
(5000, 765, '', '', '', 'p0765002', 'f'),
(5001, 765, '', '', '', 'p0765003', 'f'),
(5002, 765, '', '', '', 'p0765004', 't'),
(5003, 765, '', '', '', 'p0765005', 'f'),
(8732, 1134, '', '', '', 'p1134009', 'f'),
(8731, 1134, '', '', '', 'p1134008', 'f'),
(8853, 1145, '', '', '', 'p1145007', 'f'),
(8734, 1134, '', '', '', 'p1134006', 'f'),
(8728, 1134, '', '', '', 'p1134005', 'f'),
(6957, 958, '', '', '', 'p0958011', 'f'),
(6956, 958, '', '', '', 'p0958010', 'f'),
(6955, 958, '', '', '', 'p0958009', 'f'),
(8486, 1111, '', '', '', 'p1111003', 'f'),
(5121, 755, '', '', '', 'p0755007', 'f'),
(5122, 752, '', '', '', 'p0752008', 'f'),
(8986, 1160, '', '', '', 'p1160001', 'f'),
(7194, 988, '', '', '', 'p0988001', 'f'),
(5125, 746, '', '', '', 'p0746008', 'f'),
(7446, 1017, '', '', '', 'p1017004', 'f'),
(6217, 895, '', '', '', 'p0895006', 'f'),
(8668, 1127, '', '', '', 'p1127002', 'f'),
(8200, 1088, '', '', '', 'p1088010', 'f'),
(5131, 768, '', '', '', 'p0768008', 'f'),
(6060, 877, '', '', '', 'p0877005', 'f'),
(5713, 844, '', '', '', 'p0844000', 'f'),
(5134, 707, '', '', '', 'p0707008', 'f'),
(5135, 704, '', '', '', 'p0704006', 'f'),
(9001, 1161, '', '', '', 'p1161007', 'f'),
(5995, 871, '', '', '', 'p0871000', 't'),
(5455, 813, '', '', '', 'p0813003', 'f'),
(5454, 813, '', '', '', 'p0813002', 'f'),
(5453, 813, '', '', '', 'p0813001', 'f'),
(5452, 813, '', '', '', 'p0813000', 't'),
(5451, 812, '', '', '', 'p0812004', 'f'),
(5450, 812, '', '', '', 'p0812003', 'f'),
(5449, 812, '', '', '', 'p0812002', 'f'),
(5448, 812, '', '', '', 'p0812001', 'f'),
(5447, 812, '', '', '', 'p0812000', 't'),
(6211, 895, '', '', '', 'p0895000', 't'),
(8965, 1158, '', '', '', 'p1158005', 'f'),
(8964, 1158, '', '', '', 'p1158004', 'f'),
(8963, 1158, '', '', '', 'p1158003', 'f'),
(8962, 1158, '', '', '', 'p1158002', 'f'),
(8961, 1158, '', '', '', 'p1158001', 'f'),
(5158, 779, '', '', '', 'p0779000', 'f'),
(5159, 779, '', '', '', 'p0779001', 'f'),
(5160, 779, '', '', '', 'p0779002', 'f'),
(5161, 779, '', '', '', 'p0779003', 'f');
INSERT INTO `property_image` (`id`, `property_id`, `desc_hu`, `desc_en`, `desc_de`, `filename`, `initial`) VALUES
(5162, 779, '', '', '', 'p0779004', 'f'),
(5163, 779, '', '', '', 'p0779005', 'f'),
(5164, 779, '', '', '', 'p0779006', 'f'),
(5165, 779, '', '', '', 'p0779007', 'f'),
(5166, 779, '', '', '', 'p0779008', 'f'),
(5167, 779, '', '', '', 'p0779009', 'f'),
(5168, 779, '', '', '', 'p0779010', 'f'),
(8613, 1121, '', '', '', 'p1121005', 'f'),
(5456, 813, '', '', '', 'p0813004', 'f'),
(8828, 1142, '', '', '', 'p1142006', 'f'),
(8464, 1108, '', '', '', 'p1108004', 'f'),
(8463, 1108, '', '', '', 'p1108003', 'f'),
(7830, 1059, '', '', '', 'p1059004', 'f'),
(8612, 1121, '', '', '', 'p1121004', 'f'),
(8611, 1121, '', '', '', 'p1121003', 'f'),
(8715, 1132, '', '', '', 'p1132008', 'f'),
(8714, 1132, '', '', '', 'p1132007', 'f'),
(8712, 1132, '', '', '', 'p1132005', 'f'),
(8711, 1132, '', '', '', 'p1132004', 'f'),
(8705, 1131, '', '', '', 'p1131011', 'f'),
(8704, 1131, '', '', '', 'p1131010', 'f'),
(8703, 1131, '', '', '', 'p1131009', 'f'),
(5512, 820, '', '', '', 'p0820002', 'f'),
(5511, 820, '', '', '', 'p0820001', 'f'),
(5510, 820, '', '', '', 'p0820000', 't'),
(6109, 883, '', '', '', 'p0883005', 'f'),
(6108, 883, '', '', '', 'p0883004', 'f'),
(6107, 883, '', '', '', 'p0883003', 'f'),
(6106, 883, '', '', '', 'p0883002', 'f'),
(6105, 883, '', '', '', 'p0883001', 'f'),
(8740, 1135, '', '', '', 'p1135005', 'f'),
(8523, 1115, '', '', '', 'p1115007', 'f'),
(8522, 1115, '', '', '', 'p1115006', 'f'),
(8826, 1142, '', '', '', 'p1142004', 'f'),
(5215, 785, '', '', '', 'p0785000', 't'),
(5216, 785, '', '', '', 'p0785001', 'f'),
(5217, 785, '', '', '', 'p0785002', 'f'),
(5218, 785, '', '', '', 'p0785003', 'f'),
(5219, 785, '', '', '', 'p0785004', 'f'),
(5220, 785, '', '', '', 'p0785005', 'f'),
(5221, 785, '', '', '', 'p0785006', 'f'),
(5222, 785, '', '', '', 'p0785007', 'f'),
(5223, 786, '', '', '', 'p0786000', 't'),
(5224, 786, '', '', '', 'p0786001', 'f'),
(5225, 786, '', '', '', 'p0786002', 'f'),
(5226, 786, '', '', '', 'p0786003', 'f'),
(5227, 786, '', '', '', 'p0786004', 'f'),
(5228, 786, '', '', '', 'p0786005', 'f'),
(5229, 786, '', '', '', 'p0786006', 'f'),
(5230, 786, '', '', '', 'p0786007', 'f'),
(5231, 786, '', '', '', 'p0786008', 'f'),
(5232, 786, '', '', '', 'p0786009', 'f'),
(8836, 1143, '', '', '', 'p1143004', 'f'),
(8835, 1143, '', '', '', 'p1143003', 'f'),
(8506, 1113, '', '', '', 'p1113007', 'f'),
(8505, 1113, '', '', '', 'p1113006', 'f'),
(8504, 1113, '', '', '', 'p1113005', 'f'),
(6783, 950, '', '', '', 'p0950000', 't'),
(7620, 1031, '', '', '', 'p1031001', 't'),
(7440, 1014, '', '', '', 'p1014001', 'f'),
(6076, 879, '', '', '', 'p0879003', 'f'),
(6075, 879, '', '', '', 'p0879002', 'f'),
(6074, 879, '', '', '', 'p0879001', 'f'),
(6073, 879, '', '', '', 'p0879000', 't'),
(6072, 878, '', '', '', 'p0878009', 'f'),
(6071, 878, '', '', '', 'p0878008', 'f'),
(6070, 878, '', '', '', 'p0878007', 'f'),
(8521, 1115, '', '', '', 'p1115005', 'f'),
(8520, 1115, '', '', '', 'p1115004', 'f'),
(8519, 1115, '', '', '', 'p1115003', 'f'),
(8518, 1115, '', '', '', 'p1115002', 'f'),
(8516, 1115, '', '', '', 'p1115000', 't'),
(8517, 1115, '', '', '', 'p1115001', 'f'),
(6104, 883, '', '', '', 'p0883000', 't'),
(8834, 1143, '', '', '', 'p1143002', 'f'),
(8833, 1143, '', '', '', 'p1143001', 'f'),
(8069, 1078, '', '', '', 'p1078017', 'f'),
(8068, 1078, '', '', '', 'p1078016', 'f'),
(8067, 1078, '', '', '', 'p1078015', 'f'),
(8066, 1078, '', '', '', 'p1078014', 'f'),
(8065, 1078, '', '', '', 'p1078013', 'f'),
(8064, 1078, '', '', '', 'p1078012', 'f'),
(8063, 1078, '', '', '', 'p1078011', 'f'),
(5940, 865, '', '', '', 'p0865003', 't'),
(5939, 865, '', '', '', 'p0865002', 'f'),
(5883, 858, '', '', '', 'p0858006', 'f'),
(8948, 1156, '', '', '', 'p1156004', 'f'),
(5727, 845, '', '', '', 'p0845003', 'f'),
(5726, 845, '', '', '', 'p0845002', 'f'),
(5725, 845, '', '', '', 'p0845001', 'f'),
(5724, 845, '', '', '', 'p0845000', 't'),
(7903, 1065, '', '', '', 'p1065006', 'f'),
(7902, 1065, '', '', '', 'p1065005', 'f'),
(7901, 1065, '', '', '', 'p1065004', 'f'),
(7900, 1065, '', '', '', 'p1065003', 'f'),
(7911, 1065, '', '', '', 'p1065001', 'f'),
(7910, 1065, '', '', '', 'p1065000', 'f'),
(7445, 1017, '', '', '', 'p1017003', 'f'),
(7444, 1017, '', '', '', 'p1017002', 'f'),
(7443, 1017, '', '', '', 'p1017001', 'f'),
(7637, 1032, '', '', '', 'p1032012', 'f'),
(7636, 1032, '', '', '', 'p1032011', 'f'),
(7635, 1032, '', '', '', 'p1032010', 'f'),
(5393, 803, '', '', '', 'p0803008', 'f'),
(5392, 803, '', '', '', 'p0803007', 'f'),
(5391, 803, '', '', '', 'p0803006', 'f'),
(5390, 803, '', '', '', 'p0803005', 'f'),
(5389, 803, '', '', '', 'p0803004', 'f'),
(5388, 803, '', '', '', 'p0803003', 'f'),
(5387, 803, '', '', '', 'p0803002', 'f'),
(5386, 803, '', '', '', 'p0803001', 'f'),
(5385, 803, '', '', '', 'p0803000', 't'),
(6282, 901, '', '', '', 'p0901003', 'f'),
(5773, 848, '', '', '', 'p0848005', 'f'),
(5756, 846, '', '', '', 'p0846008', 'f'),
(6281, 901, '', '', '', 'p0901002', 'f'),
(5774, 848, '', '', '', 'p0848006', 'f'),
(6280, 901, '', '', '', 'p0901001', 'f'),
(6279, 901, '', '', '', 'p0901000', 't'),
(8319, 1097, '', '', '', 'p1097008', 'f'),
(8318, 1097, '', '', '', 'p1097007', 'f'),
(8317, 1097, '', '', '', 'p1097006', 'f'),
(8316, 1097, '', '', '', 'p1097005', 'f'),
(8315, 1097, '', '', '', 'p1097004', 'f'),
(8314, 1097, '', '', '', 'p1097003', 'f'),
(8313, 1097, '', '', '', 'p1097002', 'f'),
(8312, 1097, '', '', '', 'p1097001', 'f'),
(8311, 1097, '', '', '', 'p1097000', 't'),
(8667, 1127, '', '', '', 'p1127001', 'f'),
(8666, 1127, '', '', '', 'p1127000', 'f'),
(6645, 938, '', '', '', 'p0938011', 'f'),
(6644, 938, '', '', '', 'p0938010', 'f'),
(6643, 938, '', '', '', 'p0938009', 'f'),
(6642, 938, '', '', '', 'p0938008', 'f'),
(6641, 938, '', '', '', 'p0938007', 'f'),
(6640, 938, '', '', '', 'p0938006', 'f'),
(5400, 804, '', '', '', 'p0804005', 'f'),
(5401, 804, '', '', '', 'p0804006', 'f'),
(5402, 804, '', '', '', 'p0804007', 'f'),
(6895, 804, '', '', '', 'p0804008', 'f'),
(7738, 1042, '', '', '', 'p1042001', 'f'),
(7737, 1042, '', '', '', 'p1042000', 't'),
(8130, 1083, '', '', '', 'p1083004', 'f'),
(8129, 1083, '', '', '', 'p1083003', 'f'),
(8128, 1083, '', '', '', 'p1083002', 'f'),
(8503, 1113, '', '', '', 'p1113004', 'f'),
(8502, 1113, '', '', '', 'p1113003', 'f'),
(8501, 1113, '', '', '', 'p1113002', 'f'),
(5470, 815, '', '', '', 'p0815003', 'f'),
(5471, 815, '', '', '', 'p0815004', 'f'),
(5472, 815, '', '', '', 'p0815005', 'f'),
(5473, 815, '', '', '', 'p0815006', 'f'),
(5474, 815, '', '', '', 'p0815007', 'f'),
(5475, 815, '', '', '', 'p0815008', 'f'),
(5476, 815, '', '', '', 'p0815009', 'f'),
(5477, 815, '', '', '', 'p0815010', 'f'),
(5478, 815, '', '', '', 'p0815011', 'f'),
(6289, 901, '', '', '', 'p0901010', 'f'),
(6288, 901, '', '', '', 'p0901009', 'f'),
(6287, 901, '', '', '', 'p0901008', 'f'),
(8795, 1123, '', '', '', 'p1123001', 't'),
(7193, 988, '', '', '', 'p0988000', 't'),
(5669, 839, '', '', '', 'p0839008', 'f'),
(5668, 839, '', '', '', 'p0839007', 'f'),
(5667, 839, '', '', '', 'p0839006', 'f'),
(5666, 839, '', '', '', 'p0839005', 'f'),
(5665, 839, '', '', '', 'p0839004', 'f'),
(5664, 839, '', '', '', 'p0839003', 'f'),
(5663, 839, '', '', '', 'p0839002', 'f'),
(5662, 839, '', '', '', 'p0839001', 'f'),
(5661, 839, '', '', '', 'p0839000', 't'),
(5513, 820, '', '', '', 'p0820003', 'f'),
(5514, 820, '', '', '', 'p0820004', 'f'),
(5515, 820, '', '', '', 'p0820005', 'f'),
(5516, 820, '', '', '', 'p0820006', 'f'),
(5517, 821, '', '', '', 'p0821000', 'f'),
(5518, 821, '', '', '', 'p0821001', 't'),
(5519, 821, '', '', '', 'p0821002', 'f'),
(5520, 821, '', '', '', 'p0821003', 'f'),
(5521, 821, '', '', '', 'p0821004', 'f'),
(5522, 821, '', '', '', 'p0821005', 'f'),
(5523, 821, '', '', '', 'p0821006', 'f'),
(5524, 821, '', '', '', 'p0821007', 'f'),
(5525, 821, '', '', '', 'p0821008', 'f'),
(5526, 821, '', '', '', 'p0821009', 'f'),
(5527, 821, '', '', '', 'p0821010', 'f'),
(5536, 823, '', '', '', 'p0823000', 't'),
(5537, 823, '', '', '', 'p0823001', 'f'),
(5538, 823, '', '', '', 'p0823002', 'f'),
(5539, 823, '', '', '', 'p0823003', 'f'),
(5540, 823, '', '', '', 'p0823004', 'f'),
(5541, 823, '', '', '', 'p0823005', 'f'),
(8500, 1113, '', '', '', 'p1113001', 'f'),
(8499, 1113, '', '', '', 'p1113000', 't'),
(8020, 1073, '', '', '', 'p1073005', 'f'),
(8019, 1073, '', '', '', 'p1073004', 'f'),
(8018, 1073, '', '', '', 'p1073003', 'f'),
(8017, 1073, '', '', '', 'p1073002', 'f'),
(8016, 1073, '', '', '', 'p1073001', 'f'),
(8015, 1073, '', '', '', 'p1073000', 't'),
(8062, 1078, '', '', '', 'p1078010', 'f'),
(8061, 1078, '', '', '', 'p1078009', 'f'),
(8917, 1153, '', '', '', 'p1153002', 'f'),
(8916, 1153, '', '', '', 'p1153001', 'f'),
(5853, 856, '', '', '', 'p0856000', 't'),
(8915, 1153, '', '', '', 'p1153000', 't'),
(8904, 1151, '', '', '', 'p1151002', 'f'),
(5558, 826, '', '', '', 'p0826000', 'f'),
(5559, 826, '', '', '', 'p0826001', 'f'),
(5560, 826, '', '', '', 'p0826002', 'f'),
(5561, 826, '', '', '', 'p0826003', 'f'),
(5562, 826, '', '', '', 'p0826004', 'f'),
(5563, 826, '', '', '', 'p0826005', 't'),
(5564, 826, '', '', '', 'p0826006', 'f'),
(5565, 826, '', '', '', 'p0826007', 'f'),
(5882, 858, '', '', '', 'p0858005', 'f'),
(5881, 858, '', '', '', 'p0858004', 'f'),
(5880, 858, '', '', '', 'p0858003', 'f'),
(5879, 858, '', '', '', 'p0858002', 'f'),
(5878, 858, '', '', '', 'p0858001', 't'),
(5844, 854, '', '', '', 'p0854008', 'f'),
(5843, 854, '', '', '', 'p0854007', 'f'),
(5842, 854, '', '', '', 'p0854006', 'f'),
(5841, 854, '', '', '', 'p0854005', 'f'),
(5840, 854, '', '', '', 'p0854004', 'f'),
(5839, 854, '', '', '', 'p0854003', 'f'),
(5838, 854, '', '', '', 'p0854002', 'f'),
(5837, 854, '', '', '', 'p0854001', 'f'),
(5836, 854, '', '', '', 'p0854000', 't'),
(5723, 844, '', '', '', 'p0844010', 'f'),
(5749, 846, '', '', '', 'p0846001', 'f'),
(5748, 846, '', '', '', 'p0846000', 't'),
(8252, 1092, '', '', '', 'p1092004', 'f'),
(8251, 1092, '', '', '', 'p1092003', 'f'),
(8258, 1092, '', '', '', 'p1092002', 'f'),
(8257, 1092, '', '', '', 'p1092001', 'f'),
(8256, 1092, '', '', '', 'p1092000', 't'),
(5787, 850, '', '', '', 'p0850000', 't'),
(5788, 850, '', '', '', 'p0850001', 'f'),
(5789, 850, '', '', '', 'p0850002', 'f'),
(5790, 850, '', '', '', 'p0850003', 'f'),
(5791, 850, '', '', '', 'p0850004', 'f'),
(5792, 850, '', '', '', 'p0850005', 'f'),
(5793, 850, '', '', '', 'p0850006', 'f'),
(5794, 850, '', '', '', 'p0850007', 'f'),
(5795, 850, '', '', '', 'p0850008', 'f'),
(5796, 850, '', '', '', 'p0850009', 'f'),
(5797, 850, '', '', '', 'p0850010', 'f'),
(5798, 850, '', '', '', 'p0850011', 'f'),
(5799, 850, '', '', '', 'p0850012', 'f'),
(5800, 851, '', '', '', 'p0851000', 't'),
(5801, 851, '', '', '', 'p0851001', 'f'),
(5802, 851, '', '', '', 'p0851002', 'f'),
(5803, 851, '', '', '', 'p0851003', 'f'),
(5804, 851, '', '', '', 'p0851004', 'f'),
(5805, 851, '', '', '', 'p0851005', 'f'),
(5806, 851, '', '', '', 'p0851006', 'f'),
(5807, 851, '', '', '', 'p0851007', 'f'),
(5808, 851, '', '', '', 'p0851008', 'f'),
(5809, 851, '', '', '', 'p0851009', 'f'),
(5810, 851, '', '', '', 'p0851010', 'f'),
(5811, 851, '', '', '', 'p0851011', 'f'),
(5812, 851, '', '', '', 'p0851012', 'f'),
(5813, 851, '', '', '', 'p0851013', 'f'),
(5814, 851, '', '', '', 'p0851014', 'f'),
(7603, 1029, '', '', '', 'p1029005', 'f'),
(7602, 1029, '', '', '', 'p1029004', 'f'),
(7601, 1029, '', '', '', 'p1029003', 'f'),
(5826, 853, '', '', '', 'p0853000', 't'),
(5827, 853, '', '', '', 'p0853001', 'f'),
(5828, 853, '', '', '', 'p0853002', 'f'),
(5829, 853, '', '', '', 'p0853003', 'f'),
(5830, 853, '', '', '', 'p0853004', 'f'),
(5831, 853, '', '', '', 'p0853005', 'f'),
(5832, 853, '', '', '', 'p0853006', 'f'),
(5833, 853, '', '', '', 'p0853007', 'f'),
(5834, 853, '', '', '', 'p0853008', 'f'),
(5835, 853, '', '', '', 'p0853009', 'f'),
(8985, 1160, '', '', '', 'p1160000', 't'),
(8684, 1129, '', '', '', 'p1129006', 'f'),
(8683, 1129, '', '', '', 'p1129005', 'f'),
(5942, 865, '', '', '', 'p0865005', 'f'),
(6538, 926, '', '', '', 'p0926007', 'f'),
(6537, 926, '', '', '', 'p0926006', 'f'),
(6536, 926, '', '', '', 'p0926005', 'f'),
(6535, 926, '', '', '', 'p0926004', 'f'),
(6534, 926, '', '', '', 'p0926003', 'f'),
(6533, 926, '', '', '', 'p0926002', 'f'),
(6532, 926, '', '', '', 'p0926001', 'f'),
(6531, 926, '', '', '', 'p0926000', 't'),
(8682, 1129, '', '', '', 'p1129004', 'f'),
(8690, 1130, '', '', '', 'p1130005', 't'),
(8689, 1130, '', '', '', 'p1130004', 'f'),
(8688, 1130, '', '', '', 'p1130003', 'f'),
(8687, 1130, '', '', '', 'p1130002', 'f'),
(8686, 1130, '', '', '', 'p1130001', 'f'),
(8685, 1130, '', '', '', 'p1130000', 'f'),
(8793, 1136, '', '', '', 'p1136006', 't'),
(8792, 1139, '', '', '', 'p1139009', 'f'),
(7591, 1028, '', '', '', 'p1028002', 'f'),
(7590, 1028, '', '', '', 'p1028001', 'f'),
(8610, 1121, '', '', '', 'p1121002', 'f'),
(8832, 1143, '', '', '', 'p1143000', 't'),
(7743, 1043, '', '', '', 'p1043001', 'f'),
(7741, 1042, '', '', '', 'p1042004', 'f'),
(7742, 1043, '', '', '', 'p1043000', 't'),
(7589, 1028, '', '', '', 'p1028000', 't'),
(8287, 1094, '', '', '', 'p1094007', 'f'),
(7765, 1046, '', '', '', 'p1046001', 'f'),
(8867, 1146, '', '', '', 'p1146006', 'f'),
(8868, 1146, '', '', '', 'p1146007', 't'),
(8774, 1139, '', '', '', 'p1139003', 'f'),
(8775, 1139, '', '', '', 'p1139004', 'f'),
(8694, 1131, '', '', '', 'p1131000', 'f'),
(7764, 1046, '', '', '', 'p1046000', 't'),
(8286, 1094, '', '', '', 'p1094006', 'f'),
(8770, 1138, '', '', '', 'p1138005', 'f'),
(8769, 1138, '', '', '', 'p1138004', 'f'),
(8768, 1138, '', '', '', 'p1138003', 'f'),
(8767, 1138, '', '', '', 'p1138002', 't'),
(8766, 1138, '', '', '', 'p1138001', 'f'),
(8765, 1138, '', '', '', 'p1138000', 'f'),
(8764, 1137, '', '', '', 'p1137005', 'f'),
(8763, 1137, '', '', '', 'p1137004', 'f'),
(6332, 906, '', '', '', 'p0906000', 't'),
(6333, 906, '', '', '', 'p0906001', 'f'),
(6334, 906, '', '', '', 'p0906002', 'f'),
(6335, 906, '', '', '', 'p0906003', 'f'),
(7596, 1028, '', '', '', 'p1028007', 'f'),
(7595, 1028, '', '', '', 'p1028006', 'f'),
(7594, 1028, '', '', '', 'p1028005', 'f'),
(7829, 1059, '', '', '', 'p1059003', 'f'),
(7828, 1059, '', '', '', 'p1059002', 'f'),
(7827, 1059, '', '', '', 'p1059001', 'f'),
(7826, 1059, '', '', '', 'p1059000', 't'),
(8182, 1082, '', '', '', 'p1082002', 'f'),
(8181, 1082, '', '', '', 'p1082001', 'f'),
(8180, 1082, '', '', '', 'p1082000', 't'),
(8617, 1121, '', '', '', 'p1121009', 'f'),
(8739, 1135, '', '', '', 'p1135004', 'f'),
(8738, 1135, '', '', '', 'p1135003', 'f'),
(8737, 1135, '', '', '', 'p1135002', 'f'),
(8042, 1076, '', '', '', 'p1076004', 'f'),
(8041, 1076, '', '', '', 'p1076003', 'f'),
(8762, 1137, '', '', '', 'p1137003', 'f'),
(8761, 1137, '', '', '', 'p1137002', 'f'),
(8760, 1137, '', '', '', 'p1137001', 'f'),
(8759, 1137, '', '', '', 'p1137000', 'f'),
(8758, 1136, '', '', '', 'p1136005', 'f'),
(8757, 1136, '', '', '', 'p1136004', 'f'),
(8756, 1136, '', '', '', 'p1136003', 'f'),
(8755, 1136, '', '', '', 'p1136002', 'f'),
(8754, 1136, '', '', '', 'p1136001', 'f'),
(8753, 1136, '', '', '', 'p1136000', 'f'),
(6635, 938, '', '', '', 'p0938001', 'f'),
(6634, 938, '', '', '', 'p0938000', 't'),
(8635, 1123, '', '', '', 'p1123010', 'f'),
(6546, 927, '', '', '', 'p0927004', 'f'),
(6545, 927, '', '', '', 'p0927003', 'f'),
(6544, 927, '', '', '', 'p0927002', 'f'),
(6543, 927, '', '', '', 'p0927001', 'f'),
(6542, 927, '', '', '', 'p0927000', 't'),
(6541, 926, '', '', '', 'p0926010', 'f'),
(6540, 926, '', '', '', 'p0926009', 'f'),
(6398, 913, '', '', '', 'p0913000', 't'),
(6399, 913, '', '', '', 'p0913001', 'f'),
(6400, 913, '', '', '', 'p0913002', 'f'),
(6401, 913, '', '', '', 'p0913003', 'f'),
(6402, 913, '', '', '', 'p0913004', 'f'),
(6403, 913, '', '', '', 'p0913005', 'f'),
(6404, 913, '', '', '', 'p0913006', 'f'),
(6405, 913, '', '', '', 'p0913007', 'f'),
(8556, 1118, '', '', '', 'p1118002', 'f'),
(8555, 1118, '', '', '', 'p1118001', 'f'),
(8554, 1118, '', '', '', 'p1118000', 't'),
(8548, 1117, '', '', '', 'p1117002', 'f'),
(8546, 1117, '', '', '', 'p1117000', 'f'),
(8547, 1117, '', '', '', 'p1117001', 't'),
(8960, 1158, '', '', '', 'p1158000', 't'),
(7060, 973, '', '', '', 'p0973000', 't'),
(6437, 533, '', '', '', 'p0533008', 'f'),
(6438, 533, '', '', '', 'p0533009', 'f'),
(6439, 533, '', '', '', 'p0533010', 'f'),
(6440, 533, '', '', '', 'p0533011', 'f'),
(6441, 533, '', '', '', 'p0533012', 'f'),
(6442, 533, '', '', '', 'p0533013', 'f'),
(6443, 916, '', '', '', 'p0916000', 'f'),
(6444, 916, '', '', '', 'p0916001', 'f'),
(6445, 916, '', '', '', 'p0916002', 'f'),
(6446, 916, '', '', '', 'p0916003', 'f'),
(6447, 916, '', '', '', 'p0916004', 't'),
(6448, 916, '', '', '', 'p0916005', 'f'),
(6449, 917, '', '', '', 'p0917000', 't'),
(6450, 917, '', '', '', 'p0917001', 'f'),
(6451, 917, '', '', '', 'p0917002', 'f'),
(6452, 917, '', '', '', 'p0917003', 'f'),
(6453, 917, '', '', '', 'p0917004', 'f'),
(6454, 917, '', '', '', 'p0917005', 'f'),
(6455, 917, '', '', '', 'p0917006', 'f'),
(6456, 917, '', '', '', 'p0917007', 'f'),
(6457, 918, '', '', '', 'p0918000', 't'),
(6458, 918, '', '', '', 'p0918001', 'f'),
(6459, 918, '', '', '', 'p0918002', 'f'),
(6460, 918, '', '', '', 'p0918003', 'f'),
(6461, 918, '', '', '', 'p0918004', 'f'),
(6462, 918, '', '', '', 'p0918005', 'f'),
(6463, 918, '', '', '', 'p0918006', 'f'),
(6464, 918, '', '', '', 'p0918007', 'f'),
(6465, 918, '', '', '', 'p0918008', 'f'),
(6466, 918, '', '', '', 'p0918009', 'f'),
(7813, 1056, '', '', '', 'p1056009', 'f'),
(7812, 1056, '', '', '', 'p1056008', 'f'),
(7811, 1056, '', '', '', 'p1056007', 'f'),
(8609, 1121, '', '', '', 'p1121001', 'f'),
(8060, 1078, '', '', '', 'p1078008', 'f'),
(6954, 958, '', '', '', 'p0958008', 'f'),
(6953, 958, '', '', '', 'p0958007', 'f'),
(8727, 1134, '', '', '', 'p1134004', 'f'),
(7945, 1070, '', '', '', 'p1070001', 't'),
(7944, 1070, '', '', '', 'p1070000', 'f'),
(8947, 1156, '', '', '', 'p1156003', 'f'),
(8946, 1156, '', '', '', 'p1156002', 'f'),
(8945, 1156, '', '', '', 'p1156001', 'f'),
(8944, 1156, '', '', '', 'p1156000', 't'),
(6484, 921, '', '', '', 'p0921000', 't'),
(6485, 921, '', '', '', 'p0921001', 'f'),
(6486, 921, '', '', '', 'p0921002', 'f'),
(6487, 921, '', '', '', 'p0921003', 'f'),
(6488, 921, '', '', '', 'p0921004', 'f'),
(6489, 921, '', '', '', 'p0921005', 'f'),
(6490, 921, '', '', '', 'p0921006', 'f'),
(6491, 921, '', '', '', 'p0921007', 'f'),
(8665, 1126, '', '', '', 'p1126007', 'f'),
(8664, 1126, '', '', '', 'p1126006', 'f'),
(8663, 1126, '', '', '', 'p1126005', 'f'),
(8662, 1126, '', '', '', 'p1126004', 'f'),
(8661, 1126, '', '', '', 'p1126003', 'f'),
(8660, 1126, '', '', '', 'p1126002', 'f'),
(8659, 1126, '', '', '', 'p1126001', 'f'),
(8658, 1126, '', '', '', 'p1126000', 't'),
(8864, 1146, '', '', '', 'p1146003', 'f'),
(8558, 1118, '', '', '', 'p1118004', 'f'),
(8557, 1118, '', '', '', 'p1118003', 'f'),
(8553, 1117, '', '', '', 'p1117007', 'f'),
(8681, 1129, '', '', '', 'p1129003', 'f'),
(8514, 1114, '', '', '', 'p1114003', 'f'),
(8623, 1121, '', '', '', 'p1121010', 'f'),
(8507, 1113, '', '', '', 'p1113008', 'f'),
(8213, 1090, '', '', '', 'p1090004', 't'),
(8186, 1082, '', '', '', 'p1082006', 'f'),
(8902, 1151, '', '', '', 'p1151000', 't'),
(8903, 1151, '', '', '', 'p1151001', 'f'),
(7832, 1059, '', '', '', 'p1059006', 'f'),
(8863, 1146, '', '', '', 'p1146002', 'f'),
(8710, 1132, '', '', '', 'p1132003', 'f'),
(7073, 975, '', '', '', 'p0975000', 't'),
(8634, 1123, '', '', '', 'p1123009', 'f'),
(8633, 1123, '', '', '', 'p1123008', 'f'),
(8059, 1078, '', '', '', 'p1078007', 'f'),
(8058, 1078, '', '', '', 'p1078006', 'f'),
(8057, 1078, '', '', '', 'p1078005', 'f'),
(8056, 1078, '', '', '', 'p1078004', 'f'),
(8055, 1078, '', '', '', 'p1078003', 'f'),
(8054, 1078, '', '', '', 'p1078002', 'f'),
(8053, 1078, '', '', '', 'p1078001', 'f'),
(8052, 1078, '', '', '', 'p1078000', 't'),
(8736, 1135, '', '', '', 'p1135001', 'f'),
(8735, 1135, '', '', '', 'p1135000', 't'),
(6615, 936, '', '', '', 'p0936000', 't'),
(6616, 936, '', '', '', 'p0936001', 'f'),
(6617, 936, '', '', '', 'p0936002', 'f'),
(6618, 936, '', '', '', 'p0936003', 'f'),
(6619, 936, '', '', '', 'p0936004', 'f'),
(6620, 936, '', '', '', 'p0936005', 'f'),
(6621, 936, '', '', '', 'p0936006', 'f'),
(6622, 936, '', '', '', 'p0936007', 'f'),
(8680, 1129, '', '', '', 'p1129002', 'f'),
(7526, 937, '', '', '', 'p0937008', 'f'),
(6625, 937, '', '', '', 'p0937002', 'f'),
(6626, 937, '', '', '', 'p0937003', 'f'),
(6627, 937, '', '', '', 'p0937004', 'f'),
(6628, 937, '', '', '', 'p0937005', 'f'),
(6629, 937, '', '', '', 'p0937006', 'f'),
(6630, 937, '', '', '', 'p0937007', 'f'),
(7527, 937, '', '', '', 'p0937009', 'f'),
(7525, 937, '', '', '', 'p0937001', 't'),
(8862, 1146, '', '', '', 'p1146001', 'f'),
(8861, 1146, '', '', '', 'p1146000', 'f'),
(8860, 1145, '', '', '', 'p1145014', 'f'),
(8859, 1145, '', '', '', 'p1145013', 'f'),
(8858, 1145, '', '', '', 'p1145012', 'f'),
(8857, 1145, '', '', '', 'p1145011', 'f'),
(8608, 1121, '', '', '', 'p1121000', 'f'),
(8484, 1111, '', '', '', 'p1111001', 'f'),
(8616, 1121, '', '', '', 'p1121008', 't'),
(7135, 982, '', '', '', 'p0982000', 't'),
(8472, 1109, '', '', '', 'p1109003', 'f'),
(8471, 1109, '', '', '', 'p1109002', 'f'),
(8470, 1109, '', '', '', 'p1109001', 'f'),
(7912, 1065, '', '', '', 'p1065002', 'f'),
(7905, 1065, '', '', '', 'p1065008', 'f'),
(7904, 1065, '', '', '', 'p1065007', 'f'),
(7896, 1064, '', '', '', 'p1064010', 'f'),
(7909, 1064, '', '', '', 'p1064000', 'f'),
(7740, 1042, '', '', '', 'p1042003', 'f'),
(7739, 1042, '', '', '', 'p1042002', 'f'),
(7243, 993, '', '', '', 'p0993007', 'f'),
(7242, 993, '', '', '', 'p0993006', 'f'),
(7241, 993, '', '', '', 'p0993005', 'f'),
(7442, 1017, '', '', '', 'p1017000', 't'),
(7868, 1063, '', '', '', 'p1063006', 'f'),
(8483, 1111, '', '', '', 'p1111000', 't'),
(7151, 985, '', '', '', 'p0985002', 'f'),
(7150, 985, '', '', '', 'p0985001', 'f'),
(7149, 985, '', '', '', 'p0985000', 't'),
(8679, 1129, '', '', '', 'p1129001', 'f'),
(7246, 993, '', '', '', 'p0993010', 'f'),
(7245, 993, '', '', '', 'p0993009', 'f'),
(7244, 993, '', '', '', 'p0993008', 't'),
(8212, 1090, '', '', '', 'p1090003', 'f'),
(8211, 1090, '', '', '', 'p1090002', 'f'),
(8210, 1090, '', '', '', 'p1090001', 'f'),
(8209, 1090, '', '', '', 'p1090000', 'f'),
(8709, 1132, '', '', '', 'p1132002', 'f'),
(8708, 1132, '', '', '', 'p1132001', 'f'),
(8707, 1132, '', '', '', 'p1132000', 't');

-- --------------------------------------------------------

--
-- Table structure for table `property_type`
--

CREATE TABLE `property_type` (
  `id` int(11) NOT NULL AUTO_INCREMENT,
  `name_hu` varchar(60) COLLATE latin2_hungarian_ci NOT NULL,
  `name_en` varchar(60) COLLATE latin2_hungarian_ci NOT NULL,
  `name_de` varchar(60) COLLATE latin2_hungarian_ci NOT NULL,
  `parent_id` int(11) NOT NULL,
  `order_index` int(11) NOT NULL,
  PRIMARY KEY (`id`)
) ENGINE=MyISAM  DEFAULT CHARSET=latin2 COLLATE=latin2_hungarian_ci AUTO_INCREMENT=18 ;

--
-- Dumping data for table `property_type`
--

INSERT INTO `property_type` (`id`, `name_hu`, `name_en`, `name_de`, `parent_id`, `order_index`) VALUES
(1, 'Lakóház', 'Dwelling house', 'Wohnhaus', 15, 2),
(2, 'Ikerház', 'Semi-detached house', 'Doppelhaus', 15, 3),
(3, 'Sorház', 'Terraced house', 'Reihenhaus', 15, 4),
(4, 'Nyaraló', 'Holiday house', 'Wochenendhaus', 15, 5),
(5, 'Panel lakás', 'Flat in a block of flats', 'Wohnung im Blockhaus', 14, 8),
(6, 'Tégla lakás', 'Brick house', 'Wohnung im Mauerwerkhaus', 14, 9),
(7, 'Apartman', 'Apartment', 'Appartement', 14, 10),
(8, 'Pince présház', 'Wine cellar with a wine-press house', 'Weinkeller und Kelterhaus', 16, 14),
(9, 'Kúria', 'Country mansion', 'Landhaus', 15, 6),
(10, 'Üzlet', 'Shop', 'Geschäft', 17, 16),
(11, 'Belterületi telek', 'Land in a residential area', 'Grundstück im Binnengebiet', 16, 12),
(12, 'Külterületi telek', 'Land in the periphery', 'Grundstück im Außengebiet', 16, 13),
(13, 'Egyéb', 'Miscellaneous', 'Sonstiges', 17, 17),
(14, 'Lakás', 'Flat', 'Wohnung', 0, 7),
(15, 'Ház', 'House', 'Haus', 0, 1),
(16, 'Telek', 'Land', 'Grundstück', 0, 11),
(17, 'Egyéb', 'Miscellaneous', 'Sonstiges', 0, 15);
SET FOREIGN_KEY_CHECKS=1;
COMMIT;
